1,archivsignatur,folio nr,titel,entstehungsdatum,datierungsevidenz,dokumenttyp,sprache,umfang,bearbeiter:in,erfassungsdatum,Bearbeitungsstand,Objekttabelle,Verknüpfungstabelle,Werkindex,Ortsindex,Organisationsindex,Personenindex
2,UAKUG/NIM/PL_01,,Liederabend / IRA / MALANIUK / Alt / (Staatsoper Wien und München) / am Flügel: Prof. Erik Werba ,1960-12-14,,plakat,,B1,,,,,,,,,
3,UAKUG/NIM/PL_02,,"SALZBURGER MOZART-WOCHE 1959 / Mittwoch, den 21. Jänner 1959 - Mozarteum, Großer Saal, 19.30 / 3. Solistenkonzert im Abonnement / Ira Malaniuk Mezzosopran / Staatsoper Wien / Am Flügel: Eric Werba / Lieder von G. F. Händel, W. A. Mozart, J. Haydn, J. Brahms, F. Schubert, R. Strauss, W. Barwinskyj",1959-01-21,,plakat,,"30 x 84,5 cm",,,,,,,,,
1,UAKUG/NIM/PL_03,,"""BOHÈME"" / ""MADAMA BUTTERFLY"" / ""DON QUICHOTTE""",1940-12-20/1940-12-31,,plakat,,"61,5 x 93,5 cm",,,,,,,,,
1,UAKUG/NIM/PL_04,,"SINFONISCHES ORCHESTER / in Stanislau / Konzertsaal Armenierstrasse 18. / Zum Abschluss der Wintersaison / Sonntag den 26. April 1942 / BEETHOVEN / KONZERT / Leitung: / NIKOLAUS KOLESSA / Solistin: / IRENE MALANIUK / Mezzosopran / Programm: / Ludwig van Beethoven: Sinfonie Nr. 8 F-Dur / "" Ah! perfido, spergiuro, - Arie / "" Beethoven: Egmont, Ouvertüre / BEGINN / um 19:15 (7.15) / Eintrittskarten von 2-5 Zl[oty]. - Vorverkauf: Theaterkasse von 10-13 / und 15-18 Uhr. - Wehrmachtsangehörige 20% Ermässigung",1942-04-26,,plakat,,"58,5 x 83,5 cm",,,,,,,,,
1,UAKUG/NIM/PL_05,,"""BALLETTABEND"" / ""PAGANINI"" / ""AIDA""",1943-03-03/1943-03-14,,plakat,,30 x 42 cm,,,,,,,,,
1,UAKUG/NIM/PL_06,,"""TIEFLAND""",1943-06-12,,plakat,,30 x 42 cm,,,,,,,,,
1,UAKUG/NIM/PL_07,,"""Cavalleria Rusticana"" / ""Ballettdivertissement"" ",1943-03-06/1943-03-07,,plakat,,32 x 47 cm,,,,,,,,,
,UAKUG/NIM/PL_07,,,,,,,,,,,,,,,,
1,UAKUG/NIM/PL_08,,"""BALLETTABEND"" / ""PAGANINI"" / ""AIDA"" ",1943-03-03/1943-03-14,,plakat,,30 x 42 cm,,,,,,,,,
1,UAKUG/NIM/PL_09,,"""AIDA"" / ""NATALKA POLTAWA"" / ""EUGEN ONEGIN"" / ""TICHI DON"" ",,,plakat,,71 x 80 cm,,,,,,,,,
1,UAKUG/NIM/PL_10,,"""CARMEN"" / ""DER ROTE MOHN""",1941-06-01/1941-06-14,,plakat,,68 x 81 cm,,,,,,,,,
1,UAKUG/NIM/PL_11,,"""TRAVIATA"" / ""AIDA"" / ""BOHÈME""",1941-03-01/1941-03-15,,plakat,,69 x 89 cm,,,,,,,,,
1,UAKUG/NIM/PL_12,,"""BOHÈME"" / ""MADAMA BUTTERFLY"" / ""DON QUICHOTTE""",1940-12-31/1941-01-10,,plakat,,69 x 89 cm,,,,,,,,,
1,UAKUG/NIM/PL_13,,"""MADAMA BUTTERFLY""",1941-02-09,,plakat,,69 x 45 cm,,,,,,,,,
1,UAKUG/NIM/PL_14,,"""KOMPOSYTORSKIJ WETSCHIR"" [= Komponistenabend]",1943-05-03,,plakat,,43 x 60 cm,,,,,,,,,
1,UAKUG/NIM/PL_15,,Spielplan der Bayrischen Staatstheater / für die Zeit vom 28. Dezember 1952 bis einschließlich 6. Januar 1953,1952-12-28/1953-01-06,,plakat,,"29,5 x 51 cm",,,,,,,,,
1,UAKUG/NIM/PL_16,,TRISTANO / E / ISOTTA,1953-05-18,,plakat,,34 x 99 cm,,,,,,,,,
1,UAKUG/NIM/PL_17,,Direttore / PAUL HINDEMITH / Mezzosoprano / IRA MALANIUK,1955-01-12,,plakat,,"32,5 x 69,5 cm",,,,,,,,,
1,UAKUG/NIM/PL_18,,IL CREPUSCOLO / DEGLI DEI,1954-03-08,,plakat,,"27,5 x 37,5 cm",,,,,,,,,
1,UAKUG/NIM/PL_19,,"Musikverein für Steiermark, Konzertsaison 1961/62",1962-06-04/1962-06-07,,plakat,,"60,5 x 85,5 cm",,,,,,,,,
1,UAKUG/NIM/PL_20,,WÜRTTEMBERGISCHE / STAATSTHEATER / STUTTGART,1962-06-18/1962-06-30,,plakat,,"41,5 x 59,5 cm",,,,,,,,,
1,UAKUG/NIM/PL_21,,WÜRTTEMBERGISCHE / STAATSTHEATER / STUTTGART,1962-11-15/1962-11-27,,plakat,,"41,5 x 59,5 cm",,,,,,,,,
1,UAKUG/NIM/PL_22,,"Ira Malaniuk / singt Lieder von HAYDN, MOZART, BEETHOVEN, / SCHUBERT, BRAHMS, R. STRAUSS / und ukrainischer Komponisten",1960-01-08,,plakat,,"29,5 x 82 cm",,,,,,,,,
1,UAKUG/NIM/PL_23,,Württembergische Staatstheater 07.11. - 19.11.1958 ,1958-11-07/1958-11-19,,plakat,,"58,5 x 41 cm",,,,,,,,,
1,UAKUG/NIM/PL_24,,Konzertprogramm der Akademie für Musik und darstellende Kunst Graz vom 17. bis 27.06.1970,1970-06-17/1970-06-27,,plakat,,"60,5 x 85,5 cm",,,,,,,,,
1,UAKUG/NIM/PL_25,,Der Musikant (Julius Bittner),1919-01-19,,plakat,,"29,5 x 42 cm",,,,,,,,,
1,UAKUG/NIM_001,,"Stefania Pawlyschyn: ""Geschichte einer Karriere"" Aus dem ukrainischen übertragen von Sofia Onufriv",,unbekannt,Typoskript,de,,,2026-02-11,Begonnen,,,,,,
1,UAKUG/NIM_002,,"Fotos für ""Ira Malaniuk - Stimme des Herzens"", Autobiographie einer Sängerin",,unbekannt,autobiografie,de,,,2026-02-11,Begonnen,,,,,,
1,UAKUG/NIM_003,Folio,"Deutsches Musikinstitut für Ausländer, Programmheft Sommerkurs 1944, Potsdam und Salzburg (korrigiert)",1944-01-01/1944-12-31,aus_dokument,programm,de,,,2026-02-11,zurückgestellt,,,,,,
1,UAKUG/NIM_003,1_1,"Deutsches Musikinstitut für Ausländer, Programmheft Sommerkurs 1944, Potsdam und Salzburg (korrigiert)",1944-01-01/1944-12-31,aus_dokument,programm,de,,,2026-02-11,zurückgestellt,,,,,,
1,UAKUG/NIM_003,1_2,"Deutsches Musikinstitut für Ausländer, Programmheft Sommerkurs 1944, Potsdam und Salzburg (korrigiert)",1944-01-01/1944-12-31,aus_dokument,programm,de,,,2026-02-11,zurückgestellt,,,,,,
1,UAKUG/NIM_003,1_3,"Deutsches Musikinstitut für Ausländer, Programmheft Sommerkurs 1944, Potsdam und Salzburg (korrigiert)",1944-01-01/1944-12-31,aus_dokument,programm,de,,,2026-02-11,zurückgestellt,,,,,,
1,UAKUG/NIM_003,1_4,"Deutsches Musikinstitut für Ausländer, Programmheft Sommerkurs 1944, Potsdam und Salzburg (korrigiert)",1944-01-01/1944-12-31,aus_dokument,programm,de,,,2026-02-11,zurückgestellt,,,,,,
1,UAKUG/NIM_003,1_5,"Deutsches Musikinstitut für Ausländer, Programmheft Sommerkurs 1944, Potsdam und Salzburg (korrigiert)",1944-01-01/1944-12-31,aus_dokument,programm,de,,,2026-02-11,zurückgestellt,,,,,,
1,UAKUG/NIM_003,1_6,"Deutsches Musikinstitut für Ausländer, Programmheft Sommerkurs 1944, Potsdam und Salzburg (korrigiert)",1944-01-01/1944-12-31,aus_dokument,programm,de,,,2026-02-11,zurückgestellt,,,,,,
1,UAKUG/NIM_003,1_7,"Deutsches Musikinstitut für Ausländer, Programmheft Sommerkurs 1944, Potsdam und Salzburg (korrigiert)",1944-01-01/1944-12-31,aus_dokument,programm,de,,,2026-02-11,zurückgestellt,,,,,,
1,UAKUG/NIM_003,1_8,"Deutsches Musikinstitut für Ausländer, Programmheft Sommerkurs 1944, Potsdam und Salzburg (korrigiert)",1944-01-01/1944-12-31,aus_dokument,programm,de,,,2026-02-11,zurückgestellt,,,,,,
1,UAKUG/NIM_003,1_9,"Deutsches Musikinstitut für Ausländer, Programmheft Sommerkurs 1944, Potsdam und Salzburg (korrigiert)",1944-01-01/1944-12-31,aus_dokument,programm,de,,,2026-02-11,zurückgestellt,,,,,,
1,UAKUG/NIM_003,1_10,"Deutsches Musikinstitut für Ausländer, Programmheft Sommerkurs 1944, Potsdam und Salzburg (korrigiert)",1944-01-01/1944-12-31,aus_dokument,programm,de,,,2026-02-11,zurückgestellt,,,,,,
1,UAKUG/NIM_004,Folio,Kritiken ,,,sammlung,,,,2026-02-11,,,,,,,
1,UAKUG/NIM_004,1,"Kopie eines Briefumschlags adressiert an Malaniuk, Signatur und Poststempel aus New York",1959-10-28,aus_dokument,photokopie,"en, fr","1 Blatt, 1 Seite",NML,2026-02-12,vollständig,,,,,,
1,UAKUG/NIM_004,2,Rezension zu Lady Macbeth in der Verdi- Premiere der Staatsoper,1952-12-16,aus_dokument,rezension,de,"1 Blatt, 1 Seite",,2026-02-12,begonnen,,,,,,
1,UAKUG/NIM_004,3,Rezension von Karl Schumann zu Macbeth,1952-12-17,aus_dokument,rezension,de,"1 Blatt, 1 Seite",,2026-02-12,vollständig,,,,,,
1,UAKUG/NIM_004,4,Rezension von H. Schmidt-Garre zu Macbeth an der Bayerischen Staatsoper,1952-12-18,aus_dokument,rezension,de,"1 Blatt, 1 Seite",NKS,2026-02-12,vollständig,,,,,,
1,UAKUG/NIM_004,5,Rezension von K.H. Ruppel zu Orpheus und Eurydike in der Süddeutschen Zeitung,1963-03-06,aus_dokument,rezension,de,"1 Blatt, 1 Seite",,2026-02-12,vollständig,,,,,,
1,UAKUG/NIM_004,6,Rezension von Karl Schumann zur Premiere von Orpheus und Eurydike ,,unbekannt,rezension,de,"1 Blatt, 1 Seite",NML,2026-02-12,vollständig,,,,,,
1,UAKUG/NIM_004,7,Rezension von Dr. Joachim Bergfeld (Fränkische Presse) zur IX. Symphonie Beethovens,1953-08-13,aus_dokument,rezension,de,"1 Blatt, 1 Seite",NML,2026-02-12,vollständig,,,,,,
1,UAKUG/NIM_004,8,Rezension von Helmut Schmidt-Garre,1953-03-06,aus_dokument,rezension,de,"1 Blatt, 1 Seite",SSL,2026-02-12,begonnen,,,,,,
1,UAKUG/NIM_004,9,Rezension von A. Parente zu Tristan und Isolde in Neapel,1954-01-08,aus_dokument,rezension,it,"1 Blatt, 1 Seite",,2026-02-12,begonnen,,,,,,
1,UAKUG/NIM_004,10,"Rezensionen aus der Fränkischen Presse zu ""Die Götterdämmerung"" und ""Tristan und Isolde""",1953-08-01,aus_dokument,rezension,de,"1 Batt, 1 Seite",NML,2026-02-12,vollständig,,,,,,
1,UAKUG/NIM_004,11,Rezension zu Paul Hindemith in Köln,1954-03-31,aus_dokument,rezension,de,"1 Batt, 1 Seite",QH,2026-02-12,vollständig,,,,,,
1,UAKUG/NIM_004,12,Rezension von Dr. Kurt Honolka zu Titus,1954-07-06,aus_dokument,rezension,de,"1 Blatt, 1 Seite ",SSL,2026-02-12,vollständig,,,,,,
1,UAKUG/NIM_004,13,Rezension zur Festvorstellung Meistersinger aus dem Münchner Merkur,1954-08-14,aus_dokument,rezension,de,"1 Blatt, 1 Seite",NML,2026-02-12,vollständig,,,,,,
1,UAKUG/NIM_004,14,Rezension von ZED. zu Le Chant de la Terre in Straßburg unter Fritz Munch,1954-10-28,aus_dokument,rezension,fr,"1 Blatt, 1 Seite",NKS,2026-02-12,vollständig,,,,,,
1,UAKUG/NIM_004,15,Rezension von Y. zu Tannhäuser,1956-10-21,aus_dokument,rezension,de,"1 Blatt, 1 Seite",SSL,2026-02-17,vollständig,,,,,,
1,UAKUG/NIM_004,16,Rezension von Y. zu Aida an der Wiener Staatsoper,1956-05-01,aus_dokument,rezension,de,"1 Blatt, 1 Seite",NML,2026-02-15,vollständig,,,,,,
1,UAKUG/NIM_004,17,Rezension von ibe zu Aida an der Wiener Staatsoper,1956-05-02,aus_dokument,rezension,de,"1 Blatt, 1 Seite",NML,2026-02-15,vollständig,,,,,,
1,UAKUG/NIM_004,18,Rezension von Paul Tinel zu Tristan und Isolde am Teatre La Monnaie,,unbekannt,rezension,fr,"1 Blatt, 1 Seite",CN,2026-02-13,begonnen,,,,,,
1,UAKUG/NIM_004,19,Rezension von René Dumesnil zu Tristan und Isolde in Paris,1956-05-13/1956-05-14,aus_dokument,rezension,fr,"1 Blatt, 1 Seite",CN,2026-02-13,vollständig,,,,,,
1,UAKUG/NIM_004,20,,,,,,,,,,,,,,,
1,UAKUG/NIM_004,21,,,,,,,,,,,,,,,
1,UAKUG/NIM_004,22,Brief von Ira Malaniuk an Cox vom 07.09.1957,1957-09-07,aus_dokument,korrespondenz,de,"1 Blatt, 1 Seite",NKS,2026-02-12,,,,,,,
1,UAKUG/NIM_004,23,Brief von Ira Malaniuk an Cox vom 26.11.1957,1957-11-26,aus_dokument,korrespondenz,de,"1 Blatt, 1 Seite",QH,2026-02-12,vollständig,,,,,,
1,UAKUG/NIM_004,24,Kurzbiografie  von Ira Malaniuk als Typoscript (vermutlich als Anhang eines Briefes) ,,unbekannt,autobiografie,de,"1 Blatt, 1 Seite",SSL,2026-02-12,begonnen,,,,,,
1,UAKUG/NIM_004,25,NCAC Newsletter über Künstler:innen (Ira Malaniuk - Hugh Thompson),1958-04-09,aus_dokument,Typoskript,en,"1 Blatt, 1 Seite",CN,2026-02-12,Erledigt (Ira Malaniuk betreffend. Rest zurückgestellt),,,,,,
1,UAKUG/NIM_004,26,Rezension von Herbert Kupferberg zu Mozarts Requiem und Schuberts Messe in Es-Dur mit Ira Malaniuk,1959-01-02,aus_dokument,rezension,en,"1 Blatt, 1 Seite",QH,2026-02-17,begonnen,,,,,,
1,UAKUG/NIM_004,27,Brief von Margaret Snider an Ira Malaniuk vom 27.10.1959,1959-10-27,aus_dokument,korrespondenz,en,"1 Blatt, 1 Seite",NKS,2026-02-12,vollständig,,,,,,
1,UAKUG/NIM_004,28,NCAC Newsletter über Aktivitäten von div. Künstler:innen page 2 (Adele Addison-Ilona Kombrink),,aus_dokument,Typoskript,en,"1 Blatt, 1 Seite",NKS,2026-02-12,,,,,,,
1,UAKUG/NIM_004,29,Memorandum von Dr. Henry W. levinger (vermutlich eine Kopie von Malaniuk 004_24),,unbekannt,biographie,en,"1 Blatt, 2 Seite",QH,2026-02-12,begonnen,,,,,,
1,UAKUG/NIM_004,30,Liste des Opernrepertoires von Ira Malaniuk mit persönlichem Stempel,,unbekannt,repertoireliste,de,"1 Blatt, 1 Seite",NML,2026-02-12,abgeschlossen,,,,,,
1,UAKUG/NIM_004,31,Rezension von Laurent Savelli zu Der Rosenkavalier in der Opéra de Monte-Carlo,,unbekannt,rezension,fr,"1 Blatt, 1 Seite",CN,2026-02-13,begonnen,,,,,,
1,UAKUG/NIM_004,32,Rezension zu der Oper Capriccio,,unbekannt,rezension,de,"1 Blatt, 1 Seite",QH,2026-02-17,begonnen,,,,,,
1,UAKUG/NIM_004,33,Rezension von Harald Kaufmann über Orchesterkonzert unter Caridis in Graz,,unbekannt,rezension,de,"1 Blatt, 1 Seite",SSL,2026-02-17,vollständig,,,,,,
1,UAKUG/NIM_004,34,Rezension über Altistinnen der Wiener Opernbühne,06-09,aus_dokument,presse,de,"1 Blatt, 1 Seite",SSL,2026-02-17,begonnen (nur Ira Malaniuk),,,,,,
1,UAKUG/NIM_005,folio,Tätigkeitslisten,,,sammlung,,,,2026-02-11,begonnen,,,,,,
1,UAKUG/NIM_005,1,"Grünes Deckblatt mit Aufschrift ""Abschriften der Listen""",ohne Datum,unbekannt,sammlung,de,"1 Blatt, 1 Seite",NML,2026-05-26,,,,,,,
1,UAKUG/NIM_005,2,Handschriftliche Tätigkeitsliste 1924/25 bis 1949/50,ohne Datum,unbekannt,notiz,de,"1 Blatt, 1 Seite",NML,2026-05-26,,,,,,,
1,UAKUG/NIM_005,3,Handschriftliche Tätigkeitsliste 1949 bis 1954,ohne Datum,unbekannt,notiz,de,"1 Blatt, 1 Seite",NML,2026-05-26,,,,,,,
1,UAKUG/NIM_005,4,Handschriftliche Tätigkeitsliste 1952 bis 1963/64,ohne Datum,unbekannt,notiz,de,"1 Blatt, 1 Seite",NML,2026-05-26,,,,,,,
1,UAKUG/NIM_005,5,Handschriftliche Tätigkeitsliste 1953 bis 1954,ohne Datum,unbekannt,notiz,de,"1 Blatt, 1 Seite",NML,2026-05-26,,,,,,,
1,UAKUG/NIM_005,6,Handschriftliche Tätigkeitsliste 1955,ohne Datum,unbekannt,notiz,de,"1 Blatt, 1 Seite",NML,2026-05-26,,,,,,,
1,UAKUG/NIM_005,7,Handschriftliche Tätigkeitsliste 1955 bis 1956,ohne Datum,unbekannt,notiz,de,"1 Blatt, 1 Seite",NML,2026-05-26,,,,,,,
1,UAKUG/NIM_005,8,Handschriftliche Tätigkeitsliste 1956 bis 1957,ohne Datum,unbekannt,notiz,de,"1 Blatt, 1 Seite",NML,2026-05-26,,,,,,,
1,UAKUG/NIM_005,9,Handschriftliche Tätigkeitsliste 1957 bis 1958,ohne Datum,unbekannt,notiz,de,"1 Blatt, 1 Seite",NML,2026-05-26,,,,,,,
1,UAKUG/NIM_005,10,Handschriftliche Tätigkeitsliste 1958 bis 1959,ohne Datum,unbekannt,notiz,de,"1 Blatt, 1 Seite",NML,2026-05-26,,,,,,,
1,UAKUG/NIM_005,11,Handschriftliche Tätigkeitsliste 1960,ohne Datum,unbekannt,notiz,de,"1 Blatt, 1 Seite",NML,2026-05-26,,,,,,,
1,UAKUG/NIM_005,12,Handschriftliche Tätigkeitsliste 1961 bis 1962,ohne Datum,unbekannt,notiz,de,"1 Blatt, 1 Seite",NML,2026-05-26,,,,,,,
1,UAKUG/NIM_005,13,Handschriftliche Tätigkeitsliste 1962 bis 1963,ohne Datum,unbekannt,notiz,de,"1 Blatt, 1 Seite",NML,2026-05-26,,,,,,,
1,UAKUG/NIM_005,14,Handschriftliche Tätigkeitsliste 1964 bis 1966,ohne Datum,unbekannt,notiz,de,"1 Blatt, 1 Seite",NML,2026-05-26,,,,,,,
1,UAKUG/NIM_005,15,Tätigkeitsliste 1939 bis 1949,ohne Datum,unbekannt,Typoskript,de,"1 Blatt, 1 Seite",NML,2026-05-26,,erledigt,erledigt,,,,
1,UAKUG/NIM_005,16,Tätigkeitsliste 1949 bis 1952,ohne Datum,unbekannt,Typoskript,de,"1 Blatt, 1 Seite",NML,2026-05-26,,erledigt,erledigt,,,,
1,UAKUG/NIM_005,17,Tätigkeitsliste 1952 bis 1954,ohne Datum,unbekannt,Typoskript,de,"1 Blatt, 1 Seite",NML,2026-05-26,,erledigt,erledigt,,,,
1,UAKUG/NIM_005,18,Tätigkeitsliste 1954 bis 1956,ohne Datum,unbekannt,Typoskript,de,"1 Blatt, 1 Seite",NML,2026-05-26,,erledigt,erledigt,,,,
1,UAKUG/NIM_005,19,Tätigkeitsliste 1955 bis 1956,ohne Datum,unbekannt,Typoskript,de,"1 Blatt, 1 Seite",NML,2026-05-26,,erledigt,erledigt,,,,
1,UAKUG/NIM_005,20,Tätigkeitsliste 1956 bis 1957,ohne Datum,unbekannt,Typoskript,de,"1 Blatt, 1 Seite",NML,2026-05-26,,erledigt,erledigt,,,,
1,UAKUG/NIM_005,21,Tätigkeitsliste 1957 bis 1958,ohne Datum,unbekannt,Typoskript,de,"1 Blatt, 1 Seite",NML,2026-05-26,,erledigt,erledigt,,,,
1,UAKUG/NIM_005,22,Tätigkeitsliste 1958 bis 1960,ohne Datum,unbekannt,Typoskript,de,"1 Blatt, 1 Seite",NML,2026-05-26,,erledigt,erledigt,,,,
1,UAKUG/NIM_005,23,Tätigkeitsliste 1960 bis 1961,ohne Datum,unbekannt,Typoskript,de,"1 Blatt, 1 Seite",NML,2026-05-26,,erledigt,erledigt,,,,
1,UAKUG/NIM_005,24,Tätigkeitsliste 1961 bis 1962,ohne Datum,unbekannt,Typoskript,de,"1 Blatt, 1 Seite",NML,2026-05-26,,,,,,,
1,UAKUG/NIM_005,25,Tätigkeitsliste 1962 bis 1964,ohne Datum,unbekannt,Typoskript,de,"1 Blatt, 1 Seite",NML,2026-05-26,,,,,,,
1,UAKUG/NIM_005,26,Tätigkeitsliste 1964 bis 1968,ohne Datum,unbekannt,Typoskript,de,"1 Blatt, 1 Seite",NML,2026-05-26,,,,,,,
1,UAKUG/NIM_005,27,"Tätigkeitsliste 1968, 1967",ohne Datum,unbekannt,Typoskript,de,"1 Blatt, 1 Seite",NML,2026-05-26,,,,,,,
1,UAKUG/NIM_005,28,Nachtrag Tätigkeitsliste 1954 bis 1955,ohne Datum,unbekannt,Typoskript,de,"1 Blatt, 1 Seite",NML,2026-05-26,,,,,,,
1,UAKUG/NIM_005,29,"Nachtrag Tätigkeitsliste Wagner-Werke, verschiedene Jahreszahlen",ohne Datum,unbekannt,Typoskript,de,"1 Blatt, 1 Seite",NML,2026-05-26,,,,,,,
1,UAKUG/NIM_006,,Diverse Zeitungsausschnitte,1978-01-01/1986-12-31,,sammlung,,,,2026-03-27,,,,,,,
1,UAKUG/NIM_006,1,Vorlage für Silbergravur pointed by Sir Jos. A. Reynolds Miss Harris,,unbekannt,Typoskript,en,,"CN, QH, NML, NKS",2026-03-27,Zurückgestellt,,,,,,
1,UAKUG/NIM_006,2,Zeitungsbericht zum 70. Geburtstag M. Röthlisberger,1984-09-26,aus_dokument,presse,de,,"CN, QH, NML, NKS",2026-03-27,,,,,,,
1,UAKUG/NIM_006,3,"Zeitungsbericht ""Steirischer Kalender""",1976,erschlossen,presse,de,,"CN, QH, NML, NKS",2026-03-27,,,,,,,
1,UAKUG/NIM_006,4,Zeitungsbericht Neue Zürcher Zeitung zum Tod von Prof. Hugo Krayenbühl,1985-01-14,erschlossen,presse,de,,"CN, QH, NML, NKS",2026-03-27,,,,,,,
1,UAKUG/NIM_006,5,Zeitungsbericht Neue Zürcher Zeitung zur Sanierung des Opernhauses Zürich,1984-12-01/1984-12-02,aus_dokument,presse,de,,"CN, QH, NML, NKS",2026-03-27,zurückgestellt,,,,,,
1,UAKUG/NIM_006,6,Zeitungsbericht ZüriWoche zur Jubelfeiern im Opernhaus Zürich,1984-12-06,aus_dokument,presse,de,,QH,2026-04-10,zurückgestellt,,,,,,
1,UAKUG/NIM_006,7,Zeitungsbericht zum möchlichen Verkauf von Schloss Rued,1986-02-18,aus_dokument,presse,de,,QH,2026-04-10,,,,,,,
1,UAKUG/NIM_006,8,Zeitungsbericht zur Wiedereröffnung des Züricher Opernhauses,1984-11-29,aus_dokument,presse,de,,QH,2026-04-10,zurückgestellt,,,,,,
1,UAKUG/NIM_006,9,Zeitungsbericht zu Obstipation und Ernährung in der Medical Tribune,1978-08-18,aus_dokument,presse,de,,QH,2026-04-10,,,,,,,
1,UAKUG/NIM_007,Folio,Programme und Kritiken (korrigiert),1952-01-01/1968-12-31,,sammlung,,,AV/UR,2015-09-29,,,,,,,
1,UAKUG/NIM_007,1,Brief von Felix Ballhausen zu Dienstverträgen Staatsoper München,1952-03-18,aus_dokument,korrespondenz,de,"1 Blatt, 1 Seite",CP,2026-01-23,Vollständig,,,,,,
1,UAKUG/NIM_007,2,"Brief von Martin H. Taubman zu Verträgen mit Buenos Aires, Neapel, Wien",1952-05-27,aus_dokument,korrespondenz,de,"1 Blatt, 2 Seiten",,2026-01-23,Vollständig,,,,,,
1,UAKUG/NIM_007,3,Ausweis für Bayreuther Festspiele 1953,1953-07-06,aus_dokument,identitaetsdokument,de,"1 Blatt, 1 Seite",,2026-01-23,Vollständig,,,,,,
1,UAKUG/NIM_007,4,Brief von Ernst Kühnly zu Gastspiel in Lissabon an Martin H. Taubman,1953-09-29,aus_dokument,korrespondenz,de,"1 Blatt, 1 Seite",NKS,2026-02-04,vollständig,,,,,,
1,UAKUG/NIM_007,5,6 Kassa-Eingänge mit handschriftlicher Notiz,,aus_dokument,sammlung,de,"8 Blätter, 8 Seiten",,2026-02-04,vollständig,,,,,,
1,UAKUG/NIM_007,5_1,Handschriftliche Notiz,1957,aus_dokument,notiz,de,"1 Blatt, 1 Seite",,2026-02-04,vollständig,,,,,,
1,UAKUG/NIM_007,5_2,"Kassa-Eingang, Einzahlungsnachweis der Konzertdirektion, 1957-05-01",1957-05-01,aus_dokument,quittung,de,"1 Blatt, 1 Seite",,2026-02-04,vollständig,,,,,,
1,UAKUG/NIM_007,5_3,"Kassa-Eingang, Einzahlungsnachweis der Konzertdirektion, 1957-06-24",1957-06-24,aus_dokument,quittung,de,"1 Blatt, 1 Seite",,2026-02-04,vollständig,,,,,,
1,UAKUG/NIM_007,5_4,"Kassa-Eingang, Einzahlungsnachweis der Konzertdirektion, 1957-06-30",1957-06-30,aus_dokument,quittung,de,"1 Blatt, 1 Seite",,2026-02-04,vollständig,,,,,,
1,UAKUG/NIM_007,5_5,"Kassa-Eingang, Einzahlungsnachweis der Konzertdirektion, 1957-10-31",1957-10-31,aus_dokument,quittung,de,"1 Blatt, 1 Seite",,2026-02-04,vollständig,,,,,,
1,UAKUG/NIM_007,5_6,"Kassa-Eingang, Einzahlungsnachweis der Konzertdirektion, 1957-12-05",1957-12-05,aus_dokument,quittung,de,"1 Blatt, 1 Seite",,2026-02-04,vollständig,,,,,,
1,UAKUG/NIM_007,5_7,"Kassa-Eingang, Einzahlungsnachweis der Konzertdirektion, 1957-03-13",1958-03-13,aus_dokument,quittung,de,"1 Blatt, 1 Seite",,2026-02-04,vollständig,,,,,,
1,UAKUG/NIM_007,5_8,"Einzahlungsbestätigung (?) Dr. Baasch an Martin Hugo Taubman, 1957-05-15",1957-05-15,aus_dokument,quittung,de,"1 Blatt, 1 Seite",,2026-02-04,vollständig,,,,,,
1,UAKUG/NIM_007,6,Mittelung über Honorar für Sendung Paradies und Peri 1959 von Nord- und Westdeutscher Rundfunkverband,1959-05-09,aus_dokument,quittung,de,"1 Blatt, 1 Seite",,2026-02-04,vollständig,,,,,,
1,UAKUG/NIM_007,7,Brief von Intendanz der Bayerischen Staatsoper zu Gastspielvertrag und Schiedsvertrag 1961/62 an Ira Malaniuk,1961-11-21,aus_dokument,korrespondenz,de,"1 Blatt, 1 Seite",,2026-02-04,vollständig,,,,,,
1,UAKUG/NIM_007,8,"Konzertprogramm, Liederabend, Palais Pallavicini, 1963-08-28",1963-08-28,aus_dokument,programm,"de, en, fr","1 Blatt, 4 Seiten",,2026-02-04,,,,,,,
1,UAKUG/NIM_007,9,Brief von Emil Jucker an Ira Malaniuk über ein Gastspiel in Zürich,1963-03-08,aus_dokument,korrespondenz,de,"1 Blatt, 1 Seite",CN,2026-02-08,vollständig,,,,,,
1,UAKUG/NIM_007,10,"(Dienst)brief von Intendanz der Bayerischen Staatoper zu den Festspielen an Ira Malaniuk, 1964-08-18",1964-08-18,aus_dokument,korrespondenz,de,"1 Blatt, 1 Seite",QH,2026-02-09,vollständig,,,,,,
1,UAKUG/NIM_007,11,Brief vom Sekretär der Tonhalle-Gesellschaft Zürich zu Bestätigung von Konzerten und Probezeiten,1968-11-18,aus_dokument,korrespondenz,de,"1 Blatt, 1 Seite",SSL,2026-02-04,vollständig,,,,,,
1,UAKUG/NIM_007,12,Rezension von Gerhard Bauer zu Der Wildschütz (Arbeiter Zeitung),1968-09-25,aus_dokument,rezension,de,"1 Blatt, 1 Seite",NML,2026-02-10,vollständig,,,,,,
1,UAKUG/NIM_007,13,Rezension von Karl Löbl zu Der Wildschütz o.D.,,unbekannt,rezension,de,"1 Blatt, 1 Seite",,,vollständig,,,,,,
1,UAKUG/NIM_007,14,Rezension von k-e-p zu Der Wildschütz (Wiener Zeitung),1968-09-25,aus_dokument,rezension,de,"1 Blatt, 1 Seite ",,2026-02-11,vollständig,,,,,,
1,UAKUG/NIM_007,15,Rezension von Rudolf Weishappel zu Der Wildschütz,,unbekannt,rezension,de,"1 Blatt, 1 Seite",,2026-02-11,vollständig,,,,,,
1,UAKUG/NIM_007,16,Rezension von Rudolf Weishappel zu Der Wildschütz,,unbekannt,rezension,de,"1 Blatt, 1 Seite",,2026-02-11,vollständig,,,,,,
1,UAKUG/NIM_007,17,Rezension zu Der Wildschütz,1968-09-25,aus_dokument,rezension,de,"1 Blatt, 1 Seite",,2026-02-11,vollständig,,,,,,
1,UAKUG/NIM_007,18,"Konzertprogramm, Liederabend, im Garten der Hugo-Wolf Gedenkstätte",,unbekannt,programm,de,"1 Blatt, 1 Seite",,2026-02-11,vollständig,,,,,,
1,UAKUG/NIM_007,19,Visitenkarte der Konzertgesellschaft Zürich,,unbekannt,visitenkarte,de,"1 Blatt, 1 Seite",,2026-02-11,vollständig,,,,,,
1,UAKUG/NIM_007,20,Briefummschlag von Ira Malaniuk an Deutsche Oper Berlin,,unbekannt,korrespondenz,de,"1 Blatt, 2 Seiten",,2026-02-11,vollständig,,,,,,
1,UAKUG/NIM_007,21,Briefummschlag von Ira Malaniuk an Stadttheater Zürich,,unbekannt,korrespondenz,de,"1 Blatt, 2 Seiten",,2026-02-11,,,,,,,
1,UAKUG/NIM_008,,Programme,1954-01-01/1977-12-31,,sammlung,,,AV/UR,2015-09-29,,,,,,,
1,UAKUG/NIM_008,1,,,,,,,,,,,,,,,
1,UAKUG/NIM_008,2,,,,,,,,,,,,,,,
1,UAKUG/NIM_008,3,,,,,,,,,,,,,,,
1,UAKUG/NIM_008,4,,,,,,,,,,,,,,,
1,UAKUG/NIM_008,5,,,,,,,,,,,,,,,
1,UAKUG/NIM_008,6,,,,,,,,,,,,,,,
1,UAKUG/NIM_008,7,,,,,,,,,,,,,,,
1,UAKUG/NIM_008,8,,,,,,,,,,,,,,,
1,UAKUG/NIM_008,9,,,,,,,,,,,,,,,
1,UAKUG/NIM_008,10,,,,,,,,,,,,,,,
1,UAKUG/NIM_008,11,,,,,,,,,,,,,,,
1,UAKUG/NIM_008,12,,,,,,,,,,,,,,,
1,UAKUG/NIM_008,13,,,,,,,,,,,,,,,
1,UAKUG/NIM_008,14,,,,,,,,,,,,,,,
1,UAKUG/NIM_008,15,,,,,,,,,,,,,,,
1,UAKUG/NIM_008,16,,,,,,,,,,,,,,,
1,UAKUG/NIM_008,17,,,,,,,,,,,,,,,
1,UAKUG/NIM_008,18,,,,,,,,,,,,,,,
1,UAKUG/NIM_008,19,,,,,,,,,,,,,,,
1,UAKUG/NIM_008,20,,,,,,,,,,,,,,,
1,UAKUG/NIM_008,21,,,,,,,,,,,,,,,
1,UAKUG/NIM_008,22,,,,,,,,,,,,,,,
1,UAKUG/NIM_008,23,,,,,,,,,,,,,,,
1,UAKUG/NIM_008,24,,,,,,,,,,,,,,,
1,UAKUG/NIM_008,25,,,,,,,,,,,,,,,
1,UAKUG/NIM_008,26,,,,,,,,,,,,,,,
1,UAKUG/NIM_008,27,,,,,,,,,,,,,,,
1,UAKUG/NIM_008,28,,,,,,,,,,,,,,,
1,UAKUG/NIM_008,29,,,,,,,,,,,,,,,
1,UAKUG/NIM_008,30,,,,,,,,,,,,,,,
1,UAKUG/NIM_008,31,,,,,,,,,,,,,,,
1,UAKUG/NIM_008,32,,,,,,,,,,,,,,,
1,UAKUG/NIM_008,33,,,,,,,,,,,,,,,
1,UAKUG/NIM_008,34,,,,,,,,,,,,,,,
1,UAKUG/NIM_008,35,,,,,,,,,,,,,,,
1,UAKUG/NIM_008,36,,,,,,,,,,,,,,,
1,UAKUG/NIM_008,37,,,,,,,,,,,,,,,
1,UAKUG/NIM_008,38,,,,,,,,,,,,,,,
1,UAKUG/NIM_008,39,,,,,,,,,,,,,,,
1,UAKUG/NIM_008,40,,,,,,,,,,,,,,,
1,UAKUG/NIM_009,,Studium,1934-01-01/1939-12-31,,identitaetsdokument,,,AV/UR,2015-09-29,,,,,,,
1,UAKUG/NIM_010,,Repertoire,1940-01-01/1969-12-31,,vertrag,,,AV/MS,2016-07-21,,,,,,,
1,UAKUG/NIM_011,,Bayreuth,1952-01-01/1956-12-31,,korrespondenz,,,AV/MS,2016-07-21,,,,,,,
1,UAKUG/NIM_011,1,Begleitbrief zu Originalvertrag Genf von Direktor Gruder-Guntram an Ira Malaniuk vom 16.08.1956,1956-08-16,aus_dokument,korrespondenz,de,"1 Blatt, 1 Seite",NKS,2026-06-16,erledigt,erledigt,erledigt,erledigt,erledigt,erledigt,erledigt
1,UAKUG/NIM_011,2,Brief Wieland Wagner an Ira Malaniuk vom 22.03.1955,1955-03-22,aus_dokument,korrespondenz,de,"1 Blatt, 1 Seite",NKS,2026-06-16,erledigt,erledigt,erledigt,erledigt,erledigt,erledigt,erledigt
1,UAKUG/NIM_011,3,Brief Carl-Heinz Klebe an Ira Malaniuk vom 16.06.1954,1954-06-16,aus_dokument,korrespondenz,de,"1 Blatt, 1 Seite",NKS,2026-06-16,erledigt,erledigt,erledigt,erledigt,erledigt,erledigt,erledigt
1,UAKUG/NIM_011,4,Brief Herbert Barth an Ira Malaniuk vom 02.11.1954 mit Briefumschlag ,1954-11-02,aus_dokument,korrespondenz,de,"1 Blatt, 1 Seite",NKS,2026-06-16,erledigt,erledigt,erledigt,erledigt,erledigt,erledigt,erledigt
1,UAKUG/NIM_011,5,Brief Wieland Wagner an Ira Malaniuk vom 03.05.1954,1954-05-03,aus_dokument,korrespondenz,de,"1 Blatt, 1 Seite",NKS,2026-06-16,erledigt,erledigt,erledigt,erledigt,erledigt,erledigt,erledigt
1,UAKUG/NIM_011,6,Anhang zum Brief Wieland Wagner an Ira Malaniuk vom 03.05.1954,1954-05-03,aus_dokument,korrespondenz,de,"1 Blatt, 1 Seite",NKS,2026-06-16,erledigt,erledigt,erledigt,erledigt,erledigt,erledigt,erledigt
1,UAKUG/NIM_011,7,Rechnung über 150 Künstlerkarten 1952/53,1955-08-24,aus_dokument,korrespondenz,de,"1 Blatt, 1 Seite",NKS,2026-06-16,erledigt,erledigt,erledigt,erledigt,erledigt,erledigt,erledigt
1,UAKUG/NIM_011,8,Brief Verwaltung der Bayreuther Festspiele,1954-11-27,aus_dokument,korrespondenz,de,"1 Blatt, 1 Seite",NKS,2026-06-16,erledigt,erledigt,erledigt,erledigt,erledigt,erledigt,erledigt
1,UAKUG/NIM_011,9,Brief Carl-Heinz Klebe an Ira Malaniuk vom 06.11.1954,1954-11-06,aus_dokument,korrespondenz,de,"1 Blatt, 1 Seite",NKS,2026-06-16,erledigt,erledigt,erledigt,erledigt,erledigt,erledigt,erledigt
1,UAKUG/NIM_011,10,Brief Ira Malaniuk an Carl-Heinz Clebe vom 18.11.1954,1954-11-18,aus_dokument,korrespondenz,de,"1 Blatt, 1 Seite",NKS,2026-06-16,erledigt,erledigt,erledigt,erledigt,erledigt,erledigt,erledigt
1,UAKUG/NIM_011,11,"Anfrage von Carl-Heinz Klebe an Ira Malaniuk, Altsolo neunte Sinfonie Beethoven in Bayreuth",1954-06-30,aus_dokument,korrespondenz,de,"1 Blatt, 1 Seite",CN,2026-04-04,erledigt,,,,,,
1,UAKUG/NIM_011,12,Liste des Konzertrepertoires Altsoli und Lieder Ira Malaniuks ,,unbekannt,repertoire,de,"1 Blatt, 1 Seite",CN,2026-04-04,erledigt,,,,,,
1,UAKUG/NIM_011,13,Korrespondenz von Carl-Heiz Klebe an Ira Malaniuk zu Verträgen,1954-06-09,aus_dokument,korrespondenz,de,"1 Blatt, 1 Seite",CN,2026-04-06,erledigt,,,,,,
1,UAKUG/NIM_011,14,Korrespondenz von Ira Malaniuk an Dr. Dorothea Angerer zu den Festspielen in Bayreuth und München,1952-12-13,aus_dokument,korrespondenz,de,"1 Blatt, 1 Seite",CN,2026-04-06,erledigt,,,,,,
1,UAKUG/NIM_011,15,Korrespondenz von Ira Malaniuk an Wieland Wagner zu Proben in Bayreuth,1952-11-09,aus_dokument,korrespondenz,de,"1 Blatt, 1 Seite",CN,2026-04-06,erledigt,,,,,,
1,UAKUG/NIM_011,16,Brief von Dorothea Angerer an Ira Malaniuk bezügliche einer Konzertanfrage für den Richard-Wagner-Verband,1952-11-12,aus_dokument,korrespondenz,de,"1 Blatt, 2 Seiten",CN,2026-04-15,erledigt,,,,,,
1,UAKUG/NIM_011,17,"Zettel mit Schriftzug ""Alles Bayreuth""",,unbekannt,notiz,de,"1 Blatt, 1 Seite",CN,2026-04-15,erledigt,,,,,,
1,UAKUG/NIM_011,18,Brief von Wieland Wagner an Ira Malaniuk zu Malaniuks Absage als Fricka in Bayreuth,1952-10-23,aus_dokument,korrespondenz,de,"1 Blatt, 1 Seite",CN,2026-04-18,erledigt,,,,,,
1,UAKUG/NIM_011,19,Brief von Ira Malaniuk an Wieland Wagner zu ihrem Auftritt als Fricka in Bayreuth,1952-10-27,aus_dokument,korrespondenz,de,"1 Blatt, 1 Seite",CN,2026-04-19,erledigt,,,,,,
1,UAKUG/NIM_011,20,Geburtstagstelegramm an Ira Malaniuk vom Oberbürgermeister der Stadt Bayreuth,1952-01-29,aus_dokument,korrespondenz,de,"1 Blatt, 1 Seite",CN,2026-04-19,erledigt,,,,,,
1,UAKUG/NIM_011,21,Brief Ira Malaniuk an Wieland Wagner vom 18.11.1954,1954-05-14,aus_dokument,korrespondenz,de,"1 Blatt, 1 Seite",NKS,2026-06-16,erledigt,erledigt,erledigt,erledigt,erledigt,erledigt,erledigt
1,UAKUG/NIM_012,,Volksoper / Verträge,1969-01-01/1973-12-31,,vertrag,,,AV/MS,2016-07-22,,,,,,,
1,UAKUG/NIM_013,,Ira Malaniuk / Bundestheater- / verwaltung,1969-01-01/1971-12-31,,korrespondenz,,,AV/MS,2016-07-22,,,,,,,
1,UAKUG/NIM_014,,Bundesministerium / für Unterricht / Hochschule,1971-01-01/1971-12-31,,korrespondenz,,,AV/MS,2016-07-22,,,,,,,
2,UAKUG/NIM_015,,"[recto] Rundfunk-Verträge, [verso] Rundfunk",1951-01-01/1951-12-31,,sammlung,,,AV/MS,2016-07-22,,,,,,,
2,UAKUG/NIM_016,,Rundfunk Korrespondenz,1951-01-01/1951-12-31,,korrespondenz,,,AV/MS,2016-07-22,,,,,,,
2,UAKUG/NIM_016,1,Brief Ernst Baasch an Bayrischer Rundfunk,1962-08-31,aus_dokument,korrespondenz,de,"1 Blatt, 1 Seite",LL,2026-07-24,erledigt,erledigt,erledigt,erledigt,erledigt,erledigt,erledigt
2,UAKUG/NIM_016,2,"Brief Karl Wirz an Ira Malaniuk, Bayrischer Rundfunk",1962-09-03,aus_dokument,korrespondenz,de,"1 Blatt, 1 Seite",LL,2026-07-24,erledigt,erledigt,erledigt,erledigt,erledigt,erledigt,erledigt
2,UAKUG/NIM_016,3,"Brief Hans Moltkau an Ira Malaniuk, Bayrischer Rundfunk",1962-07-10,aus_dokument,korrespondenz,de,"1 Blatt, 1 Seite",LL,2026-07-24,erledigt,erledigt,erledigt,erledigt,erledigt,erledigt,erledigt
2,UAKUG/NIM_016,4,Brief Ernst Baasch an Bayrischer Rundfunk,1962-07-11,aus_dokument,korrespondenz,de,"1 Blatt, 1 Seite",LL,2026-07-24,erledigt,erledigt,erledigt,erledigt,erledigt,erledigt,erledigt
2,UAKUG/NIM_016,5,"Brief Alfred Schröter an Ira Malaniuk, Bayrischer Rundfunk",1962-08-29,aus_dokument,korrespondenz,de,"1 Blatt, 1 Seite",LL,2026-07-24,erledigt,erledigt,erledigt,erledigt,erledigt,erledigt,erledigt
2,UAKUG/NIM_016,6,"Brief Alfred Schröter an Ira Malaniuk, Bayrischer Rundfunk",1962-06-13,aus_dokument,korrespondenz,de,"1 Blatt, 1 Seite",LL,2026-08-11,erledigt,erledigt,erledigt,erledigt,erledigt,erledigt,erledigt
2,UAKUG/NIM_016,7,"Brief Alfred Schröter an Ira Malaniuk, Bayrischer Rundfunk",1962-06-07,aus_dokument,korrespondenz,de,"1 Blatt, 1 Seite",LL,2026-08-11,erledigt,erledigt,erledigt,erledigt,erledigt,erledigt,erledigt
2,UAKUG/NIM_016,8,"Brief Karl O. Koch an Ira Malaniuk, Westdeutscher Rundfunk",1960-09-08,aus_dokument,korrespondenz,de,"1 Blatt, 1 Seite",LL,2026-08-11,erledigt,erledigt,erledigt,erledigt,erledigt,erledigt,erledigt
2,UAKUG/NIM_016,9,Brief Westdeutscher Rundfunk an Ira Malaniuk,1960-12-30,aus_dokument,korrespondenz,de,"1 Blatt, 1 Seite",LL,2026-08-11,erledigt,erledigt,erledigt,erledigt,erledigt,erledigt,erledigt
2,UAKUG/NIM_016,10,"Brief Gerhard Wienke an Ira Malaniuk, Süddeutscher Rundfunk",1959-05-12,aus_dokument,korrespondenz,de,"1 Blatt, 1 Seite",LL,2026-08-11,erledigt,erledigt,erledigt,erledigt,erledigt,erledigt,erledigt
2,UAKUG/NIM_016,11,"Brief i.A. Otto Matzerath an Ira Malaniuk, Hessischer Rundfunk",1959-03-11,aus_dokument,korrespondenz,de,"1 Blatt, 1 Seite",LL,2026-08-11,erledigt,erledigt,erledigt,erledigt,erledigt,erledigt,erledigt
2,UAKUG/NIM_016,12,"Brief Hans Müller-Kray an Ira Malaniuk, Süddeutscher Rundfunk",1959-01-07,aus_dokument,korrespondenz,de,"1 Blatt, 1 Seite",LL,2026-08-11,erledigt,erledigt,erledigt,erledigt,erledigt,erledigt,erledigt
2,UAKUG/NIM_016,13,"Brief Rüger an Ira Malaniuk, Süddeutscher Rundfunk",1958-10-09,aus_dokument,korrespondenz,de,"1 Blatt, 1 Seite",LL,2026-08-14,erledigt,erledigt,erledigt,erledigt,erledigt,erledigt,erledigt
2,UAKUG/NIM_016,14,Brief Süddeutscher Rundfunk an Ira Malaniuk,1958-06-18,aus_dokument,korrespondenz,de,"1 Blatt, 1 Seite",LL,2026-08-17,erledigt,erledigt,erledigt,erledigt,erledigt,erledigt,erledigt
2,UAKUG/NIM_016,15,"Brief Hans Müller-Kray an Martin Taubmann, Süddeutscher Rundfunk",1958-06-16,aus_dokument,korrespondenz,de,"1 Blatt, 1 Seite",LL,2026-08-17,erledigt,erledigt,erledigt,erledigt,erledigt,erledigt,erledigt
2,UAKUG/NIM_016,16,"Brief Josef Linssen und Kuthe and Ira Malaniuk, Hessischer Rundfunk",1957-04-05,aus_dokument,korrespondenz,de,"1 Blatt, 1 Seite",LL,2026-08-17,erledigt,erledigt,erledigt,erledigt,erledigt,erledigt,erledigt
2,UAKUG/NIM_016,17,"Brief Hans Müller-Kray an Ira Malaniuk, Süddeutscher Rundfunk",1957-03-15,aus_dokument,korrespondenz,de,"1 Blatt, 1 Seite",LL,2026-08-17,erledigt,erledigt,erledigt,erledigt,erledigt,erledigt,erledigt
2,UAKUG/NIM_016,18,"Brief Hans Müller-Kray an Ira Malaniuk, Süddeutscher Rundfunk",1957-04-09,aus_dokument,korrespondenz,de,"1 Blatt, 1 Seite",LL,2026-08-17,erledigt,erledigt,erledigt,erledigt,erledigt,erledigt,erledigt
2,UAKUG/NIM_016,19,"Brief Hans Müller-Kray an Ira Malaniuk, Süddeutscher Rundfunk",1956-10-24,aus_dokument,korrespondenz,de,"1 Blatt, 1 Seite",LL,2026-08-17,erledigt,erledigt,erledigt,erledigt,erledigt,erledigt,erledigt
,,,,,,,,,,,,,,,,,
,,,,,,,,,,,,,,,,,
2,UAKUG/NIM_017,,Bestätigungen,1950-01-01/1979-12-31,,vertrag,,,AV/MS,2016-07-22,,,,,,,
2,UAKUG/NIM_018,,Möbel,1955-01-01/1955-12-31,,sammlung,,,AV/MS,2016-07-22,,,,,,,
2,UAKUG/NIM_019,,Steuer E Ira / Zusammenstellungen,1955-01-01/1964-12-31,,sammlung,,,AV/MS,2016-07-22,,,,,,,
2,UAKUG/NIM_020,,"[recto] Stuttgart [Klebezettel:] Frau / Kammersängerin / Prof. Malaniuk, [verso] Korrespondenz - Stuttgart",1969-01-01/1970-12-31,,sammlung,,,AV/MS,2016-07-22,,,,,,,
2,UAKUG/NIM_021,,Korrespondenz,1969-01-01/1970-12-31,,korrespondenz,,,AV/MS,2016-07-22,,,,,,,
2,UAKUG/NIM_022,,"Ira Malaniuk, Verträge und Vereinbarungen",1952-01-01/1952-12-31,,sammlung,,,AV/MS,2016-07-22,,,,,,,
2,UAKUG/NIM_022,1_1,Vertrag Bayreuther Festspiele 1952,1952-06-09,aus_dokument,vertrag,de,"1 Blatt, 3 Seiten",LL/QH/CN/NKS,2026-05-18,erledigt,,,,,,
2,UAKUG/NIM_022,1_2,Vertrag Bayreuther Festspiele 1952,1952-06-09,aus_dokument,vertrag,de,"1 Blatt, 3 Seiten",LL/QH/CN/NKS,2026-05-19,erledigt,,,,,,
2,UAKUG/NIM_022,1_3,Vertrag Bayreuther Festspiele 1952,1952-06-09,aus_dokument,vertrag,de,"1 Blatt, 3 Seiten",LL/QH/CN/NKS,2026-05-19,erledigt,,,,,,
2,UAKUG/NIM_022,2,"Bestätigung des Teatro Colon, Buenos Aires über Auftritte im September 1952 vom 12.11.1968",1968-11-12,aus_dokument,korrespondenz,es,"1 Blatt, 1 Seite",CN/NKS,2026-05-19,zurückgestellt,,,,,,
2,UAKUG/NIM_022,3,"Vertrag zwischen Ira Malaniuk und der Ente Autonomo del Teatro di San Carlo, Neapel für Auftritte im Rheingold und der Walküre im März und April 1952",1952-12-12,aus_dokument,vertrag,it,"1 Blatt, 1 Seite",CN/NKS,2026-05-19,erledigt,,,,,,
2,UAKUG/NIM_022,4,Vertrag zwischen Ira Malaniuk und dem Teatro Comuale Florenz für Konzert am 02.03.1952,1952-02-04,aus_dokument,vertrag,it,"1 Blatt, 2 Seite",CN/NKS,2026-05-19,zurückgestellt,,,,,,
2,UAKUG/NIM_023,,"Ira Malaniuk, Verträge und Vereinbarungen",1952-01-01/1953-12-31,,sammlung,,,AV/MS,2016-07-22,,,,,,,
2,UAKUG/NIM_023,1_1,Vertrag Bayreuther Festspiele 1953,1952-08-25,aus_dokument,vertrag,de,"1 Blatt, 4 Seiten",CN,2026-05-21,erledigt,,,,,,
2,UAKUG/NIM_023,1_2,Vertrag Bayreuther Festspiele 1953,1952-08-25,aus_dokument,vertrag,de,"1 Blatt, 4 Seiten",CN,2026-05-21,erledigt,,,,,,
2,UAKUG/NIM_023,1_3,Vertrag Bayreuther Festspiele 1953,1952-08-25,aus_dokument,vertrag,de,"1 Blatt, 4 Seiten",CN,2026-05-21,erledigt,,,,,,
2,UAKUG/NIM_023,1_4,Vertrag Bayreuther Festspiele 1953,1952-08-25,aus_dokument,vertrag,de,"1 Blatt, 4 Seiten",CN,2026-05-21,erledigt,,,,,,
2,UAKUG/NIM_023,2,Vertrag mit der RAI für Radioaufnahmen von Rheingold und Walküre im Oktober beziehungsweise November 1953,1953-04-15,aus_dokument,vertrag,it,"1 Blatt, 1 Seite",CN,2026-05-21,erledigt,,,,,,
2,UAKUG/NIM_023,3,"Vertrag zwischen Ira Malaniuk und der Ente Autonomo del Teatro di San Carlo, Neapel für Auftritte in Tristan und Isolde im Dezember1953 und Januar 1954",1953-08-12,aus_dokument,vertrag,it,"1 Blatt, 1 Seite",CN,2026-05-21,erledigt,,,,,,
2,UAKUG/NIM_023,4,"Vertrag zwischen Ira Malaniuk und der Ente Autonomo del Teatro di San Carlo, Neapel für Auftritte in der Götterdämmerung 1953",1952-11-29,aus_dokument,vertrag,it,"1 Blatt, 1 Seite",CN,2026-05-21,begonnen,,,,,,
2,UAKUG/NIM_023,5,Abschlussschein zur Aufführung von Mahlers Lied von der Erde in Wuppertal,1953-04-26,aus_dokument,vertrag,de,"1 Blatt, 1 Seite",QH,2026-04-30,,,,,,,
2,UAKUG/NIM_023,6,Abschlussschein zur Aufführung von Stravinskys Les Noces in München,,unbekannt,vertrag,de,"1 Blatt, 1 Seite",LL/QH,2026-05-19,,,,,,,
2,UAKUG/NIM_023,7,"Verpflichtungsschein zur Aufnahme von ""Der Troubadour"" von Nordwestdeutscher Rundfunk 1952",1952-10-24,aus_dokument,vertrag,de,"1 Blatt, 2 Seiten",LL,2026-05-26,erledigt,,,,,,
2,UAKUG/NIM_023,8,"Verpflichtungsschein zur Nachaufnahme ""Der Troubadour""  von Nordwestdeutscher Rundrunk 1953",1953-05-12,aus_dokument,vertrag,de,"1 Blatt, 2 Seiten",QH,2026-05-26,erledigt,,,,,,
2,UAKUG/NIM_023,9,Verpflichtungsschein zum 10. Musica-viva-Konzert 1953; Darauf handschriftliche Notiz zu einer Adresse in Berlin,1953-07-02,aus_dokument,vertrag,de,"1 Blatt, 2 Seiten",LL,2026-05-26,erledigt,,,,,,
2,UAKUG/NIM_023,10,"Verpflichtungsschein zur Aufnahme ""Cosi fan tutte""  von Nordwestdeutscher Rundrunk 1953",1953-01-05,aus_dokument,vertrag,de,"1 Blatt, 2 Seiten",QH,2026-05-26,erledigt,,,,,,
2,UAKUG/NIM_023,11,Vertrag zwischen Ira Malaniuk und dem Teheatre municipal de Lausanne zur Aufführung Tristan und Isolde im Mai 1953 (Handschriftliche Notiz: Nicht eingehalten),1953-02-20,aus_dokument,vertrag,fr,"1 Blatt, 2 Seiten",CN,2026-06-02,erledigt,,,,,,
2,UAKUG/NIM_024,,"Ira Malaniuk, Verträge und Vereinbarungen",1953-01-01/1954-12-31,,vertrag,,,AV/MS,2016-07-22,,,,,,,
2,UAKUG/NIM_025,,"Ira Malaniuk, Verträge und Vereinbarungen",1954-01-01/1955-12-31,,vertrag,,,AV/MS,2016-07-22,,,,,,,
2,UAKUG/NIM_026,,"Ira Malaniuk, Verträge und Vereinbarungen",1955-01-01/1956-12-31,,vertrag,,,AV/MS,2016-07-22,,,,,,,
2,UAKUG/NIM_027,,"Ira Malaniuk, Verträge und Vereinbarungen",1956-01-01/1957-12-31,,vertrag,,,AV/MS,2016-07-22,,,,,,,
2,UAKUG/NIM_028,,"Ira Malaniuk, Verträge und Vereinbarungen",1957-01-01/1958-12-31,,vertrag,,,AV/MS,2016-07-22,,,,,,,
2,UAKUG/NIM_029,,"Ira Malaniuk, Verträge und Vereinbarungen",1958-01-01/1959-12-31,,vertrag,,,AV/MS,2016-07-22,,,,,,,
2,UAKUG/NIM_030,,"Ira Malaniuk, Verträge und Vereinbarungen",1960-01-01/1960-12-31,,programm,,,AV/MS,2016-07-25,,,,,,,
2,UAKUG/NIM_031,,"Ira Malaniuk, Verträge und Vereinbarungen",1961-01-01/1961-12-31,,programm,,,AV/MS,2016-07-25,,,,,,,
2,UAKUG/NIM_032,,"Ira Malaniuk, Verträge und Vereinbarungen",1962-01-01/1962-12-31,,sammlung,,,AV/MS,2016-07-25,,,,,,,
,,,,,,,,,,,,,,,,,
,,,,,,,,,,,,,,,,,
,,,,,,,,,,,,,,,,,
3,UAKUG/NIM_033,,"Ira Malaniuk, Verträge und Vereinbarungen",1963-01-01/1963-12-31,,sammlung,,,AV/MS,2016-07-25,,,,,,,
3,UAKUG/NIM_034,,"Ira Malaniuk, Verträge und Vereinbarungen",1963-01-01/1964-12-31,,sammlung,,,AV/MS,2016-07-25,,,,,,,
3,UAKUG/NIM_035,,"Ira Malaniuk, Verträge und Vereinbarungen",1964-01-01/1965-12-31,,sammlung,,,AV/MS,2016-07-25,,,,,,,
3,UAKUG/NIM_036,,"Ira Malaniuk, Verträge und Vereinbarungen",1966-01-01/1966-12-31,,sammlung,,,AV/MS,2016-07-25,,,,,,,
3,UAKUG/NIM_037,,"Ira Malaniuk, Verträge und Vereinbarungen",1967-01-01/1967-12-31,,programm,,,AV/MS,2016-07-25,,,,,,,
3,UAKUG/NIM_038,,"Ira Malaniuk, Verträge und Vereinbarungen",1968-01-01/1968-12-31,,sammlung,,,AV/MS,2016-07-25,,,,,,,
3,UAKUG/NIM_039,,Brief an Ira Malaniuk und ihren Ehemann,1963-01-01/1963-12-31,,korrespondenz,,,AV/MS,2016-07-25,,,,,,,
3,UAKUG/NIM_041,,Zeitungsartikel,1953-01-01/1953-12-31,,presse,,,AV/MS,2016-07-25,,,,,,,
3,UAKUG/NIM_042,,"Ira Malaniuk, Zeitungskritiken",1959-06-01/1959-06-30,,presse,,,AV/MS,2016-07-25,,,,,,,
3,UAKUG/NIM_043,,"Ira Malaniuk, Zeitungskritiken",1959-06-01/1959-06-30,,presse,,,AV/MS,2016-07-25,,,,,,,
,UAKUG/NIM_043,1,Zeitungsartikel zu Mozart-Premieren in Zürich - 1766 und 1952 von Martin Hürlimann vom 25.01.1952 ,1952-01-25,aus_dokument,presse,de,"1 Blatt, 1 Seite",NKS,2026-05-26,zurückgestellt,,,,,,
,UAKUG/NIM_043,2,"Zeitungsartiekl zu ""Tristan und Isolde"" Premiere im Stadttheater von 7.11.1952",1952-11-07,aus_dokument,presse,de,"1 Blatt, 1 Seite",NKS,2026-05-26,begonnen,,,,,,
,UAKUG/NIM_043,3,,,,,,,,,,,,,,,
,UAKUG/NIM_043,4,,,,,,,,,,,,,,,
,UAKUG/NIM_043,5,,,,,,,,,,,,,,,
,UAKUG/NIM_043,6,,,,,,,,,,,,,,,
,UAKUG/NIM_043,7,,,,,,,,,,,,,,,
,UAKUG/NIM_043,8,,,,,,,,,,,,,,,
,UAKUG/NIM_043,9,,,,,,,,,,,,,,,
,UAKUG/NIM_043,10,,,,,,,,,,,,,,,
,UAKUG/NIM_043,11,,,,,,,,,,,,,,,
,UAKUG/NIM_043,12,,,,,,,,,,,,,,,
,UAKUG/NIM_043,13,,,,,,,,,,,,,,,
,,,,,,,,,,,,,,,,,
3,UAKUG/NIM_044,,National-Theater / München ,1963-01-01/1963-12-31,,sammlung,,,AV/MS,2016-07-25,,,,,,,
3,UAKUG/NIM_045,,National-Theater / München ,1963-01-01/1963-12-31,,sammlung,,,AV/MS,2016-07-25,,,,,,,
3,UAKUG/NIM_046,,Konzert Zürich / 14/12/60,1960-12-14,,programm,,,AV/MS,2016-07-25,,,,,,,
3,UAKUG/NIM_047,,Programm- und Textheft für einen Othmar-Schoeck-Liederabend mit Ira Malaniuk am 30.09.1961 in der Tonhalle Zürich,1961-09-30,,sammlung,,,AV/MS,2016-07-25,,,,,,,
3,UAKUG/NIM_048,,"Programm- und Textheft zu einem Hugo-Wolf-Liederabend mit Ira Malaniuk (Alt), Heinz Rehfuss (Bariton) und Paul Baumgartner (Klavier) am 12.11.1961 in der Tonhalle Zürich",1961-11-12,,sammlung,,,AV/MS,2016-07-25,,,,,,,
3,UAKUG/NIM_049,,"Ira Malaniuk, Zeitungskritiken",1949-01-01/1965-12-31,,presse,,,AV/MS,2016-07-25,,,,,,,
3,UAKUG/NIM_050,,"""Salzburg 1956""",1949-01-01/1965-12-31,,presse,,,AV/MS,2016-07-25,,,,,,,
3,UAKUG/NIM_051,,"""Paris Mai 55 (Ring)""",1955-05-01/1955-05-31,,presse,,,AV/MS,2016-07-25,,,,,,,
3,UAKUG/NIM_052,,"Briefkuvert: ""Hochwohlgeboren. / Frau / Kammersängerin Malaniuk / München, / Staatsoper"" ",1955-03-16,,korrespondenz,,,AV/MS,2016-07-26,,,,,,,
3,UAKUG/NIM_053,,Diverse Zeitungsartikel,1960-01-20,,sammlung,,,AV/MS,2016-07-26,,,,,,,
3,UAKUG/NIM_054,,Zeitungsausschnitt aus einer Schweizer Zeitung vom 09. Dezember 1965,1965-12-09,,sammlung,,,AV/MS,2016-07-26,,,,,,,
3,UAKUG/NIM_055,,Bartók - Konzert / St. Gallen 10/3/60,1960-03-10,,sammlung,,,AV/MS,2016-07-26,,,,,,,
3,UAKUG/NIM_056,,Liederabend / Kritiken,1959-01-01/1959-12-31,,presse,,,AV/MS,2016-07-26,,,,,,,
3,UAKUG/NIM_057,,Kritiken vom Wolf Abend / in Bern am 21.III.61 [sic!],1959-12-01/1961-02-28,,presse,,,AV/MS,2016-07-26,,,,,,,
3,UAKUG/NIM_058,,"Teatro Colon, Buenos Aires",1952-01-01/1952-12-31,,vertrag,,,AV/MS,2016-07-26,,,,,,,
3,UAKUG/NIM_059,,Korrespondenz zw. Ira Malaniuk und Dr. C. Gasser,1959-05-01/1959-06-30,,korrespondenz,,,AV/MS,2016-07-26,,,,,,,
3,UAKUG/NIM_060,,Deutsche Übersetzung eines Vertrages des Teatro Colon (Buenos Aires) vom 26.05.1952 [?] ,1952-05-26,,sammlung,,,AV/MS,2016-07-26,,,,,,,
3,UAKUG/NIM_061,,"Ausgabe von: Blätter des Stadttheaters Zürich, Nr. 15, 1951/52",1951-01-01/1952-12-31,,sammlung,,,AV/MS,2016-07-26,,,,,,,
3,UAKUG/NIM_062,,"Programmheft zu einer Aufführung von ""Jephta"" (Georg Friedrich Händel) am 19.03.1950 in der Tonhalle Zürich",1950-03-19,,sammlung,,,AV/MS,2016-07-26,,,,,,,
3,UAKUG/NIM_063,,"Programmblatt zu einer Aufführung von ""Aida"" (Verdi) am 14. November 1953 in der Bayrischen Staatsoper",1953-11-14,,sammlung,,,AV/MS,2016-07-26,,,,,,,
3,UAKUG/NIM_064,,Kritiken zu einem Hugo-Wolf-Liederabend Ira Malaniuks am 21.02.1961 in Bern ,1953-11-14,,presse,,,AV/MS,2016-07-26,,,,,,,
3,UAKUG/NIM_065,,Heft der Opéra de Monte Carlo 1957,1957-01-01/1957-12-31,,sammlung,,,AV/MS,2016-07-26,,,,,,,
3,UAKUG/NIM_066,,"Programmheft der Münchner Festspiele 1965 zu einer Aufführung von ""Capriccio"" (Richard Strauss) im Cuvilliestheater m 31.07.1965",1965-07-31,,sammlung,,,AV/MS,2016-07-26,,,,,,,
3,UAKUG/NIM_067,,"Ira Malaniuk, Kritiken",1953-01-01/1963-12-31,,presse,,,AV/MS,2016-07-26,,,,,,,
3,UAKUG/NIM_068,,"Ira Malaniuk, Programmhefte",1960-01-01/1967-12-31,,programm,,,AV/MS,2016-07-26,,,,,,,
3,UAKUG/NIM_069,,Diverse Programme & Kritiken Ira [Malaniuk],1960-01-01/1967-12-31,,presse,,,AV/MS,2016-07-26,,,,,,,
3,UAKUG/NIM_070,,Heft und Einladung Ira Malaniuks zum Festakt der Eröffnung des wiederaufgebauten Nationaltheaters in München am 21.11.1963,1963-10-01/1963-11-30,,sammlung,,,AV/MS,2016-07-26,,,,,,,
3,UAKUG/NIM_071,,3. Programmblatt des Musikvereins für Steiermark der Konzertsaison 1956/57,1956-01-01/1957-12-31,,sammlung,,,AV/MS,2016-07-26,,,,,,,
3,UAKUG/NIM_072,,Konzertprogramme Vintia [???],1956-01-01/1957-12-31,,programm,,,AV/MS,2016-07-26,,,,,,,
4,UAKUG/NIM_073,,"Ira Malaniuk, div. Programme und Zeitungsartikel",1956-01-01/1957-12-31,,presse,,,AV/MS,2016-07-27,,,,,,,
4,UAKUG/NIM_073,1,,,,,,,,,,,,,,,
4,UAKUG/NIM_073,2,,,,,,,,,,,,,,,
4,UAKUG/NIM_073,3,,,,,,,,,,,,,,,
4,UAKUG/NIM_073,4,,,,,,,,,,,,,,,
4,UAKUG/NIM_073,5,Zur Frage des neuen Bayreuther Stils von Wilhelm Waldstein in Österreichische Musikzeitschrift von 1956,1956-10,aus_dokument,musikzeitschrift,de,5 Seiten,NKS,2026-06-10,"zurückgestellt, keine Erwähnung Malaniuks",,,,,,
4,UAKUG/NIM_073,6,,,,,,,,,,,,,,,
4,UAKUG/NIM_073,7,,,,,,,,,,,,,,,
4,UAKUG/NIM_073,8,,,,,,,,,,,,,,,
4,UAKUG/NIM_073,9,"Zeitungsartikel zu Bayreuther Besetzung 1952 für ""Tristan und Isolde"", ""Meistersinger"", ""Parsifal"", ""Ring des Nibelungen""",,unbekannt,presse,de,"1 Blatt, 1 Seite",CN,2026-06-10,Erledigt,,,,,,
4,UAKUG/NIM_073,10,,,,,,,,,,,,,,,
4,UAKUG/NIM_073,11,,,,,,,,,,,,,,,
4,UAKUG/NIM_073,12,,,,,,,,,,,,,,,
4,UAKUG/NIM_073,13,"Bayreuther Tagblatt, Festspiel Nachrichten",1952-07-28,,presse,de,"1 Blatt, 4 Seiten",LL,2026-06-10,"zurückgestellt, keine Erwähnung Malaniuks",,,,,,
4,UAKUG/NIM_073,14,,,,,,,,,,,,,,,
4,UAKUG/NIM_073,15,,,,,,,,,,,,,,,
4,UAKUG/NIM_073,16,,,,,,,,,,,,,,,
4,UAKUG/NIM_073,17,,,,,,,,,,,,,,,
4,UAKUG/NIM_073,18,,,,,,,,,,,,,,,
4,UAKUG/NIM_073,19,"Zeitungsartikel ""Impressionen in Bayreuth"" in den Kieler Nachrichten",1952-08-09/1952-08-10,aus_dokument,presse,de,"1 Blatt, 1 Seite",CN,2026-06-10,erledigt,,,,,,
4,UAKUG/NIM_073,20,,,,,,,,,,,,,,,
4,UAKUG/NIM_073,21,,,,,,,,,,,,,,,
4,UAKUG/NIM_073,22,,,,,,,,,,,,,,,
4,UAKUG/NIM_073,23,,,,,,,,,,,,,,,
4,UAKUG/NIM_073,24,,,,,,,,,,,,,,,
4,UAKUG/NIM_073,25,,,,,,,,,,,,,,,
4,UAKUG/NIM_073,26,,,,,,,,,,,,,,,
4,UAKUG/NIM_073,27,,,,,,,,,,,,,,,
4,UAKUG/NIM_073,28,,,,,,,,,,,,,,,
4,UAKUG/NIM_073,29,,,,,,,,,,,,,,,
4,UAKUG/NIM_073,30_1,Programmsflyer zu Bayreuther Richard-Wagner-Festspiele 1953,1953-07-23/1953-08-23,aus_dokument,programm,de,"1 Blatt, 2 Seite",QH,2026-06-10,erledigt,,,,,,
4,UAKUG/NIM_073,30_2,Einteilung der Sitzplätze im Richard-Wagner-Festspielhaus zu Bayreuth,1953,unbekannt,programm,de,"1 Blatt, 1 Seite",QH,2026-06-10,erledigt,,,,,,
4,UAKUG/NIM_073,31,,,,,,,,,,,,,,,
4,UAKUG/NIM_073,32,,,,,,,,,,,,,,,
4,UAKUG/NIM_073,33,Bayreuther Tagblatt Festspiel Nachrichten mit Fotos 1952,1952-07-24/1952-08-31,erschlossen,,,"5 Blatt, 20 Seiten",,,,,,,,,
4,UAKUG/NIM_073,33_1,Bayreuther Tagblatt Festspiel Nachrichten mit Fotos,1952-07-24,aus_dokument,presse,de,"1 Blatt, 4 Seiten",LL,2026-06-10,,,,,,,
4,UAKUG/NIM_073,33_1_1,Bayreuther Tagblatt Festspiel Nachrichten,1952-07-24,aus_dokument,presse,de,"1 Blatt, 1 Seite",LL,2026-06-10,"zurückgestellt, keine Erwähnung Malaniuks",,,,,,
4,UAKUG/NIM_073,33_1_2,Bayreuther Tagblatt Festspiel Nachrichten mit Foto,1952-07-24,aus_dokument,presse,de,"1 Blatt, 1 Seite",LL,2026-06-10,erledigt,,,,,,
4,UAKUG/NIM_073,33_1_3,Bayreuther Tagblatt Festspiel Nachrichten mit Foto,1952-07-24,aus_dokument,presse,de,"1 Blatt, 1 Seite",LL,2026-06-10,erledigt,,,,,,
4,UAKUG/NIM_073,33_1_4,Bayreuther Tagblatt Festspiel Nachrichten,1952-07-24,aus_dokument,presse,de,"1 Blatt, 1 Seite",LL,2026-06-10,"zurückgestellt, keine Erwähnung Malaniuks",,,,,,
4,UAKUG/NIM_073,33_2,Bayreuther Tagblatt Festspiel Nachrichten,1952-07-25,aus_dokument,presse,de,,QH,,,,,,,,
4,UAKUG/NIM_073,33_3,Bayreuther Tagblatt Festspiel Nachrichten,1952-07-26,aus_dokument,presse,de,"1 Blatt, 4 Seiten",CN,2026-06-10,"zurückgestellt, keine Erwähnung Malaniuks",erledigt,unbearbeitet,unbearbeitet,unbearbeitet,unbearbeitet,unbearbeitet
4,UAKUG/NIM_073,33_3_1,"Bayreuther Tagblatt 26. Juli 1952 über ""Die Walküre""",1952-07-26,aus_dokument,presse,de,"1 Blatt, 1 Seite",CN,2026-06-10,"zurückgestellt, keine Erwähnung Malaniuks",erledigt,unbearbeitet,unbearbeitet,unbearbeitet,unbearbeitet,unbearbeitet
4,UAKUG/NIM_073,33_3_2,"Bayreuther Tagblatt 26. Juli 1952 ""Wagnerianer und Antiwagnerianer"", ""Ein Freund Deutschlands und Bayreuths""",1952-07-26,aus_dokument,presse,de,"1 Blatt, 1 Seite",CN,2026-06-10,"zurückgestellt, keine Erwähnung Malaniuks",erledigt,unbearbeitet,unbearbeitet,unbearbeitet,unbearbeitet,unbearbeitet
4,UAKUG/NIM_073,33_3_3,"Bayreuther Tagblatt 26. Juli 1952, ""Wilhelm Pitz und sein Festspielchor"", ""'Mit liebendem Herzen'""",1952-07-26,aus_dokument,presse,de,"1 Blatt, 1 Seite",CN,2026-06-10,"zurückgestellt, keine Erwähnung Malaniuks",erledigt,unbearbeitet,unbearbeitet,unbearbeitet,unbearbeitet,unbearbeitet
4,UAKUG/NIM_073,33_3_4,"Bayreuther Tagblatt 26. Juli 1952, Werbung",1952-07-26,aus_dokument,presse,de,"1 Blatt, 1 Seite",CN,2026-06-10,"zurückgestellt, keine Erwähnung Malaniuks",erledigt,unbearbeitet,unbearbeitet,unbearbeitet,unbearbeitet,unbearbeitet
4,UAKUG/NIM_073,33_4,,,,presse,de,,,,,,,,,,
4,UAKUG/NIM_073,34,Bayreuther Tagblatt Festspiel Nachrichten,1952-07-26,aus_dokument,presse,de,,NKS,2026-06-10,"zurückgestellt, keine Erwähnung Malaniuks",,,,,,
4,UAKUG/NIM_074,,"Ira Malaniuk, Repertoirelisten und Zeitungskritiken",1942-01-19,,programm,,,,2026-06-10,,,,,,,
4,UAKUG/NIM_075,,Zweiwöchentlicher Spielplan des Theaters in Lwiw (Lemberg),1941-03-16/1941-04-01,,programm,,,AV/MS,2016-07-27,,,,,,,
4,UAKUG/NIM_076,,Zweiwöchentlicher Spielplan des Theaters in Lwiw (Lemberg),1941-03-01/1941-03-15,,programm,,,AV/MS,2016-07-27,,,,,,,
4,UAKUG/NIM_077,,Zweiwöchentlicher Spielplan des Theaters in Lwiw (Lemberg),1941-02-16/1941-03-01,,programm,,,AV/MS,2016-07-27,,,,,,,
4,UAKUG/NIM_078,,Programmzettel des Opernhauses Lemberg (Lwiw),1941-01-01/1944-12-31,,programm,,,AV/MS,2016-07-27,,,,,,,
4,UAKUG/NIM_079,,Programmzettel des Opernhauses Lwiw (Lemberg),1940-01-01/1941-12-31,,programm,,,AV/MS,2016-07-27,,,,,,,
4,UAKUG/NIM_080,,"[Zeitungsausschnitt:] Die Rivalin der Meneghini-Callas singt in Wien / [handschriftlich eingetragen] Wie ich dieses Bild sah, bekam ich einen Lachkrampf.",,,sammlung,,,AV/MS,2016-07-27,,,,,,,
4,UAKUG/NIM_081,,Brief von Prof. Max Kojetinsky (Opernhaus Graz) an Ira Malaniuk (Staatsoper Wien),1959-03-27,,korrespondenz,,,AV/MS,2016-07-27,,,,,,,
4,UAKUG/NIM_082,,1 Postkarte an Ira Malaniuk,1958-10-08,,korrespondenz,,,AV/MS,2016-07-28,,,,,,,
4,UAKUG/NIM_083,,1 Glückwunschbillet zum Neuen Jahr an Ira Malaniuk,,,korrespondenz,,,AV/MS,2016-07-28,,,,,,,
4,UAKUG/NIM_084,,1 Glückwunschbillet zur Ernennung Ira Malaniuks zur bayrischen Kammersängerin von Prof. Rudolf Hartmann,1957-09-28,,korrespondenz,,,AV/MS,2016-07-28,,,,,,,
4,UAKUG/NIM_085,,"Programmblatt zu einer Aufführung von ""Cavalleria Rusticana"" (Pietro Mascagni) und einem ""Ballettdivertissement"" des Opernhauses Lemberg",1941-01-01/1944-12-31,,sammlung,,,AV/MS,2016-07-28,,,,,,,
4,UAKUG/NIM_086,,"Zeitungsartikel aus der ""Neuen Zürcher Zeitung"": Malisch, Kurt: Historische Strauss-Dokumente aus München, in: Neue Zürcher Zeitung, 04.09.1996. ",1996-09-04,,sammlung,,,AV/MS,2016-07-28,,,,,,,
4,UAKUG/NIM_087,,"Programmheft zu einer Aufführung von ""Aida"" (Verdi) in der Wiener Staatsoper am 28.04.1956",1956-04-28,,sammlung,,,AV/MS,2016-07-28,,,,,,,
4,UAKUG/NIM_088,,Programmblatt zu einem Liederabend Ira Malaniuks im Salle du Conservatoire (Paris???),,,sammlung,,,AV/MS,2016-07-28,,,,,,,
4,UAKUG/NIM_089,,"Programmheft zu einer Aufführung von ""Don Carlos"" (Verdi) in der Wiener Staatsoper am 11.09.1956",1956-09-11,,sammlung,,,AV/MS,2016-07-28,,,,,,,
4,UAKUG/NIM_090,,"Seite 5 - 6 der Zeitung ""Die Abendzeitung"" vom 10.05.1950, u.a. mit dem Artikel: ""Wie sehen die Bayreuther Festspiele 1951 aus?. Erstes Presse-Interview der Brüder Wagner / Bayreuth kein ""Theatermuseum"" / Lebhaftes Interesse in aller Welt""",1950-05-10,,sammlung,,,AV/MS,2016-07-28,,,,,,,
4,UAKUG/NIM_091,,"Korrespondenz die ""Ira-Malaniuk-Stiftung"" betreffend",1989-12-19/1998-08-25,,korrespondenz,,,AV/MS,2016-07-28,,,,,,,
4,UAKUG/NIM_092,,"Seite 43-44 aus der Zeitung ""Neue Zeit"" vom 06.05.1999, u.a. mit dem Artikel: ""Ehrenzeichen für eine Stimme des Herzens. Die Sopranistin Ira Malaniuk, die von Graz aus die Opernwelt eroberte, präsentiert in der Grazer Oper ihre Autobiographie und erhielt das Goldene Ehrenzeichen der Stadt Graz""",1989-12-19/1998-08-25,,sammlung,,,AV/MS,2016-07-28,,,,,,,
4,UAKUG/NIM_093,,"Ausgabe der Zeitschrift ""BIG. Bürger-Information Graz"" Nr. 2, Mai 1999 ",1999-05-01/1999-05-31,,sammlung,,,AV/MS,2016-07-28,,,,,,,
4,UAKUG/NIM_094,,"Seite 67-68 der Zeitung ""Kleine Zeitung"" vom 06.05.1999",1999-05-06,,sammlung,,,AV/MS,2016-07-28,,,,,,,
4,UAKUG/NIM_095,,"Artikel aus der ""Lemberger Zeitung""",1943-03-17,,presse,,,AV/MS,2016-07-28,,,,,,,
4,UAKUG/NIM_096,,Brief von Dr. Eduard Speck an Ira Malaniuk,1962-05-10,,korrespondenz,,,AV/MS,2016-07-28,,,,,,,
4,UAKUG/NIM_097,,"Ira Malaniuk: Präsentation von ""Ira Malaniuk - Stimme des Herzens. Autobiographie einer Sängerin""",1998-05-01/1999-05-31,,presse,,,AV/MS,2016-07-28,,,,,,,
4,UAKUG/NIM_098,,"Meldung ""Ehrenzeichen für Kammersängerin Ira Malaniuk""",1999-05-01/1999-05-31,,sammlung,,,AV/MS,2016-07-28,,,,,,,
4,UAKUG/NIM_099,,Visitenkarte von Wolfgang Thormeyer,1999-05-01/1999-05-31,,korrespondenz,,,AV/MS,2016-07-28,,,,,,,
4,UAKUG/NIM_100,,"Brief an Ira Malaniuk, gesendet von Dr. Christa Höller",1998-12-01/1998-12-31,,korrespondenz,,,AV/MS,2016-07-28,,,,,,,
4,UAKUG/NIM_101,,Brief von Dr. Klaus Rak an Ira Malaniuk,1999-06-07,,korrespondenz,,,AV/MS,2016-07-28,,,,,,,
4,UAKUG/NIM_102,,"Zeitungsausschnitt (Ira Malaniuk: Autobiographie), Leserbrief Ira Malaniuks",1999-01-01/1999-12-31,,sammlung,,,AV/MS,2016-07-28,,,,,,,
4,UAKUG/NIM_103,,"Brief und Einverständniserklärung für Ira Malaniuk, vom Salzburger Festspielfonds (Leitung: Prof. Gottfried Kraus)",1999-03-28,,korrespondenz,,,AV/MS,2016-07-28,,,,,,,
4,UAKUG/NIM_104,,"Werbeanzeige u.a. zu ""Stimme des Herzens. Autobiographie einer Sängerin"" von Ira Malaniuk",1999-03-28,,sammlung,,,AV/MS,2016-07-28,,,,,,,
4,UAKUG/NIM_105,,"Fotoumschlag des ""Grand Hotel Terme Caesar"" (Padua)",,,sammlung,,,AV/MS,2016-07-29,,,,,,,
4,UAKUG/NIM_106,,Heftbroschüre des Ibera-Verlags,1998-01-01/1998-12-31,,sammlung,,,AV/MS,2016-07-29,,,,,,,
4,UAKUG/NIM_107,,Ibera-Verlag,1998-05-15/1999-02-23,,vertrag,,,AV/MS,2016-07-29,,,,,,,
4,UAKUG/NIM_108,,Ibera-Verlag,1998-05-09,,vertrag,,,AV/MS,2016-07-29,,,,,,,
4,UAKUG/NIM_109,,"Ira Malaniuk, Stammbaum",,,autobiografie,,,AV/MS,2016-07-29,,,,,,,
4,UAKUG/NIM_110,,Visitenkarte von Paula Brugmans,,,korrespondenz,,,AV/MS,2016-07-29,,,,,,,
4,UAKUG/NIM_111,,Briefkuvert ohne Inhalt,,,sammlung,,,AV/MS,2016-07-29,,,,,,,
4,UAKUG/NIM_112,,"Ausgabe von ""Gondroms Festspielmagazin""",,,sammlung,,,AV/MS,2016-07-29,,,,,,,
4,UAKUG/NIM_113,,Briefkuvert,1999-10-22,,korrespondenz,,,AV/MS,2016-07-29,,,,,,,
4,UAKUG/NIM_114,,Opernfest in Ölbronn-Dürrn 1999,1999-09-10/1999-09-12,,sammlung,,,AV/MS,2016-07-29,,,,,,,
4,UAKUG/NIM_115,,Brief von Erich Wirl (Wien) an Ira Malaniuk,2000-01-01/2000-01-31,,korrespondenz,,,AV/MS,2016-07-29,,,,,,,
4,UAKUG/NIM_116,,Repertoireliste von Ira Malaniuk,,,repertoire,,,AV/MS,2016-07-29,,,,,,,
4,UAKUG/NIM_117,,Einladung des ukrainischen Botschafters in Österreich,2000-06-29,,korrespondenz,,,AV/MS,2016-07-29,,,,,,,
4,UAKUG/NIM_118,,Programmblätter zu einem Liederabend Ira Malaniuks im Salle du Conservatoire ,,,programm,,,AV/MS,2016-07-29,,,,,,,
4,UAKUG/NIM_119,,"Programmheft zu einer Aufführung von ""Tristan und Isolde"" (Wagner) an der Wiener Staatsoper",1956-02-18,,programm,,,AV/MS,2016-07-29,,,,,,,
4,UAKUG/NIM_120,,"Programmheft zu einer Aufführung von ""Tannhäuser"" (Wagner) an der Wiener Staatsoper",1956-10-19,,programm,,,AV/MS,2016-07-29,,,,,,,
4,UAKUG/NIM_121,,Geburtstagstelegramm an Ira Malaniuk,1962-01-29,,korrespondenz,,,AV/MS,2016-07-29,,,,,,,
4,UAKUG/NIM_122,,Visitenkarte von Marina Baag (Bayreuth) ,,,korrespondenz,,,AV/MS,2016-07-29,,,,,,,
4,UAKUG/NIM_123,,Publikation des Royal Opera House Covent Garden (London) anlässlich der Coronation Season 1953,1953-01-01/1953-12-31,,programm,,,AV/MS,2016-07-29,,,,,,,
4,UAKUG/NIM_124,,"Presseaussendung des Ibera-Verlags, Besucherlisten für Buchpräsentation",2000-03-17,,sammlung,,,AV/MS,2016-07-29,,,,,,,
4,UAKUG/NIM_125,,Briefkuvert an Ira Malaniuk von Manfred Oexle,2000-12-14,,korrespondenz,,,AV/MS,2016-07-29,,,,,,,
4,UAKUG/NIM_126,,Briefkuvert an Ira Malaniuk von Andrea Grünfelder,2000-12-15,,korrespondenz,,,AV/MS,2016-08-01,,,,,,,
4,UAKUG/NIM_127,,Aushang der Stadt Bad Vöslau (NÖ),1999-02-18,,sammlung,,,AV/MS,2016-08-01,,,,,,,
4,UAKUG/NIM_128,,Briefkuvert an Ira Malaniuk von den Bayreuther Festspielen,1958-03-28,,korrespondenz,,,AV/MS,2016-08-01,,,,,,,
4,UAKUG/NIM_129,,"""Das Opernglas"" 19/Heft 2, Februar 1999",1999-02-01/1999-02-28,,sammlung,,,AV/MS,2016-08-01,,,,,,,
4,UAKUG/NIM_130,,Brief von Dr. Hermann Becke an Ira Malaniuk,1999-06-01,,korrespondenz,,,AV/MS,2016-08-01,,,,,,,
4,UAKUG/NIM_131,,Neue Zürcher Zeitung 12./13.08.2000,1999-06-01,,presse,,,AV/MS,2016-08-01,,,,,,,
4,UAKUG/NIM_132,,"Brief vom Chefredakteur der Zeitschrift ""Das Opernglas"" Ralf Tiedemann an Ira Malaniuk",1999-06-01,,korrespondenz,,,AV/MS,2016-08-01,,,,,,,
5,UAKUG/NIM_133,,1947 - / 1948,1947-01-01/1948-12-31,,programm,,,AV/MS,2016-08-02,,,,,,,
5,UAKUG/NIM_134,,1949 - / 1950,1949-01-01/1950-12-31,,programm,,,AV/MS,2016-08-02,,,,,,,
5,UAKUG/NIM_134,1,"Spielzeitheft Städtische Bühnen Graz 1949/50, Deckblatt",1949,aus_dokument,programm,de,"6 Blatt, 12 Seiten",CN,2026-08-27,"zurückgestellt, weil keine Erwähnung Malaniuks",erledigt,unbearbeitet,unbearbeitet,unbearbeitet,unbearbeitet,unbearbeitet
5,UAKUG/NIM_134,1_1,"Spielzeitheft Städtische Bühnen Graz 1949/50, Deckblatt",1949,aus_dokument,programm,de,"6 Blatt, 12 Seiten",CN,2026-08-27,"zurückgestellt, weil keine Erwähnung Malaniuks",erledigt,unbearbeitet,unbearbeitet,unbearbeitet,unbearbeitet,unbearbeitet
5,UAKUG/NIM_134,1_2,"Spielzeitheft Städtische Bühnen Graz 1949/50, Werbung",1949,aus_dokument,programm,de,"6 Blatt, 12 Seiten",CN,2026-08-27,"zurückgestellt, weil keine Erwähnung Malaniuks",erledigt,unbearbeitet,unbearbeitet,unbearbeitet,unbearbeitet,unbearbeitet
5,UAKUG/NIM_134,1_3,"Spielzeitheft Städtische Bühnen Graz 1949/50, Fotos",1949,aus_dokument,programm,de,"6 Blatt, 12 Seiten",CN,2026-08-27,"zurückgestellt, weil keine Erwähnung Malaniuks",erledigt,unbearbeitet,unbearbeitet,unbearbeitet,unbearbeitet,unbearbeitet
5,UAKUG/NIM_134,1_4,"Spielzeitheft Städtische Bühnen Graz 1949/50, Fotos",1949,aus_dokument,programm,de,"6 Blatt, 12 Seiten",CN,2026-08-27,"zurückgestellt, weil keine Erwähnung Malaniuks",erledigt,unbearbeitet,unbearbeitet,unbearbeitet,unbearbeitet,unbearbeitet
5,UAKUG/NIM_134,1_5,"Spielzeitheft Städtische Bühnen Graz 1949/50, Werbung",1949,aus_dokument,programm,de,"6 Blatt, 12 Seiten",CN,2026-08-27,"zurückgestellt, weil keine Erwähnung Malaniuks",erledigt,unbearbeitet,unbearbeitet,unbearbeitet,unbearbeitet,unbearbeitet
5,UAKUG/NIM_134,1_6,"Spielzeitheft Städtische Bühnen Graz 1949/50, Werbung",1949,aus_dokument,programm,de,"6 Blatt, 12 Seiten",CN,2026-08-27,"zurückgestellt, weil keine Erwähnung Malaniuks",erledigt,unbearbeitet,unbearbeitet,unbearbeitet,unbearbeitet,unbearbeitet
5,UAKUG/NIM_134,1_7,"Spielzeitheft Städtische Bühnen Graz 1949/50, Werbung",1949,aus_dokument,programm,de,"6 Blatt, 12 Seiten",CN,2026-08-27,"zurückgestellt, weil keine Erwähnung Malaniuks",erledigt,unbearbeitet,unbearbeitet,unbearbeitet,unbearbeitet,unbearbeitet
5,UAKUG/NIM_134,1_8,"Spielzeitheft Städtische Bühnen Graz 1949/50, Werbung",1949,aus_dokument,programm,de,"6 Blatt, 12 Seiten",CN,2026-08-27,"zurückgestellt, weil keine Erwähnung Malaniuks",erledigt,unbearbeitet,unbearbeitet,unbearbeitet,unbearbeitet,unbearbeitet
5,UAKUG/NIM_134,1_9,"Spielzeitheft Städtische Bühnen Graz 1949/50, Fotos ",1949,aus_dokument,programm,de,"6 Blatt, 12 Seiten",CN,2026-08-27,"zurückgestellt, weil keine Erwähnung Malaniuks",erledigt,unbearbeitet,unbearbeitet,unbearbeitet,unbearbeitet,unbearbeitet
5,UAKUG/NIM_134,1_10,"Spielzeitheft Städtische Bühnen Graz 1949/50 Besetzung ""Die Macht des Schicksals""",1949,aus_dokument,programm,de,"6 Blatt, 12 Seiten",CN,2026-08-27,"zurückgestellt, weil keine Erwähnung Malaniuks",erledigt,unbearbeitet,unbearbeitet,unbearbeitet,unbearbeitet,unbearbeitet
5,UAKUG/NIM_134,1_11,"Spielzeitheft Städtische Bühnen Graz 1949/50 Besetzung""Romeo und Julia""",1949,aus_dokument,programm,de,"6 Blatt, 12 Seiten",CN,2026-08-27,"zurückgestellt, weil keine Erwähnung Malaniuks",erledigt,unbearbeitet,unbearbeitet,unbearbeitet,unbearbeitet,unbearbeitet
5,UAKUG/NIM_134,1_12,"Spielzeitheft Städtische Bühnen Graz 1949/50, Werbung",1949,aus_dokument,programm,de,"6 Blatt, 12 Seiten",CN,2026-08-27,"zurückgestellt, weil keine Erwähnung Malaniuks",erledigt,unbearbeitet,unbearbeitet,unbearbeitet,unbearbeitet,unbearbeitet
5,UAKUG/NIM_134,2,Vorprogramm Grazer Festspiele 1. bis 12. Juli 1950,1950,aus_dokument,programm,de,"1 Blatt, 4 Seiten",CN,2026-08-27,"zurückgestellt, weil keine Erwähnung Malaniuks",erledigt,unbearbeitet,unbearbeitet,unbearbeitet,unbearbeitet,unbearbeitet
5,UAKUG/NIM_134,3,Spielzeitheft Städtische Bühnen 1949/1950,1949,aus_dokument,programm,de,"6 Blatt, 12 Seiten",CN,2026-08-27,erledigt,erledigt,erledigt,erledigt,erledigt,erledigt,erledigt
5,UAKUG/NIM_134,3_1,Spielzeitheft Städtische Bühnen 1949/1950 Deckblatt,1949,aus_dokument,programm,de,"6 Blatt, 12 Seiten",CN,2026-08-27,erledigt,erledigt,erledigt,erledigt,erledigt,erledigt,erledigt
5,UAKUG/NIM_134,3_2,"Spielzeitheft Städtische Bühnen 1949/1950, Werbung",1949,aus_dokument,programm,de,"6 Blatt, 12 Seiten",CN,2026-08-27,"zurückgestellt, weil keine Erwähnung Malaniuks",erledigt,unbearbeitet,unbearbeitet,unbearbeitet,unbearbeitet,unbearbeitet
5,UAKUG/NIM_134,3_3,"Spielzeitheft Städtische Bühnen 1949/1950, Fotos",1949,aus_dokument,programm,de,"6 Blatt, 12 Seiten",CN,2026-08-27,"zurückgestellt, weil keine Erwähnung Malaniuks",erledigt,unbearbeitet,unbearbeitet,unbearbeitet,unbearbeitet,unbearbeitet
5,UAKUG/NIM_134,3_4,"Spielzeitheft Städtische Bühnen 1949/1950, Programm Opernhaus",1949,aus_dokument,programm,de,"6 Blatt, 12 Seiten",CN,2026-08-27,erledigt,erledigt,erledigt,erledigt,erledigt,erledigt,erledigt
5,UAKUG/NIM_134,3_5,"Spielzeitheft Städtische Bühnen 1949/1950, Werbung",1949,aus_dokument,programm,de,"6 Blatt, 12 Seiten",CN,2026-08-27,"zurückgestellt, weil keine Erwähnung Malaniuks",erledigt,unbearbeitet,unbearbeitet,unbearbeitet,unbearbeitet,unbearbeitet
5,UAKUG/NIM_134,3_6,"Spielzeitheft Städtische Bühnen 1949/1950, Werbung",1949,aus_dokument,programm,de,"6 Blatt, 12 Seiten",CN,2026-08-27,"zurückgestellt, weil keine Erwähnung Malaniuks",erledigt,unbearbeitet,unbearbeitet,unbearbeitet,unbearbeitet,unbearbeitet
5,UAKUG/NIM_134,3_7,"Spielzeitheft Städtische Bühnen 1949/1950, Werbung",1949,aus_dokument,programm,de,"6 Blatt, 12 Seiten",CN,2026-08-27,"zurückgestellt, weil keine Erwähnung Malaniuks",erledigt,unbearbeitet,unbearbeitet,unbearbeitet,unbearbeitet,unbearbeitet
5,UAKUG/NIM_134,3_8,"Spielzeitheft Städtische Bühnen 1949/1950, Werbung",1949,aus_dokument,programm,de,"6 Blatt, 12 Seiten",CN,2026-08-27,"zurückgestellt, weil keine Erwähnung Malaniuks",erledigt,unbearbeitet,unbearbeitet,unbearbeitet,unbearbeitet,unbearbeitet
5,UAKUG/NIM_134,3_9,"Spielzeitheft Städtische Bühnen 1949/1950, Programm Schauspiel",1949,aus_dokument,programm,de,"6 Blatt, 12 Seiten",CN,2026-08-27,"zurückgestellt, weil keine Erwähnung Malaniuks",erledigt,unbearbeitet,unbearbeitet,unbearbeitet,unbearbeitet,unbearbeitet
5,UAKUG/NIM_134,3_10,"Spielzeitheft Städtische Bühnen 1949/1950, Fotos ""Bezaubernde Schwindlerin""",1949,aus_dokument,programm,de,"6 Blatt, 12 Seiten",CN,2026-08-27,"zurückgestellt, weil keine Erwähnung Malaniuks",erledigt,unbearbeitet,unbearbeitet,unbearbeitet,unbearbeitet,unbearbeitet
5,UAKUG/NIM_134,3_11,"Spielzeitheft Städtische Bühnen 1949/1950, Fotos ""Adam und Eva""",1949,aus_dokument,programm,de,"6 Blatt, 12 Seiten",CN,2026-08-27,"zurückgestellt, weil keine Erwähnung Malaniuks",erledigt,unbearbeitet,unbearbeitet,unbearbeitet,unbearbeitet,unbearbeitet
5,UAKUG/NIM_134,3_12,"Spielzeitheft Städtische Bühnen 1949/1950, Werbung",1949,aus_dokument,programm,de,"6 Blatt, 12 Seiten",CN,2026-08-27,"zurückgestellt, weil keine Erwähnung Malaniuks",erledigt,unbearbeitet,unbearbeitet,unbearbeitet,unbearbeitet,unbearbeitet
5,UAKUG/NIM_134,4,Programmheft Junifestwochen Zürich 1949,1949,aus_dokument,programm,de,"22 Blatt, 44 Seiten",CN,2026-08-27,"zurückgestellt, weil keine Erwähnung Malaniuks",erledigt,,,,,
5,UAKUG/NIM_134,4_1,"Programmheft Junifestwochen Zürich 1949, Deckblatt",1949,aus_dokument,programm,de,"22 Blatt, 44 Seiten",CN,2026-08-27,"zurückgestellt, weil keine Erwähnung Malaniuks",erledigt,,,,,
5,UAKUG/NIM_134,4_2,"Programmheft Junifestwochen Zürich 1949, Werbung",1949,aus_dokument,programm,de,"22 Blatt, 44 Seiten",CN,2026-08-27,"zurückgestellt, weil keine Erwähnung Malaniuks",erledigt,,,,,
5,UAKUG/NIM_134,4_3,"Programmheft Junifestwochen Zürich 1949, Programmübersicht",1949,aus_dokument,programm,de,"22 Blatt, 44 Seiten",CN,2026-08-27,begonnen,erledigt,erledigt,erledigt,erledigt,erledigt,erledigt
5,UAKUG/NIM_134,4_4,"Programmheft Junifestwochen Zürich 1949, Text ""Wie Jeremias Gotthelf und Willi Burkhard sich begegneten""",1949,aus_dokument,programm,de,"22 Blatt, 44 Seiten",CN,2026-08-27,"zurückgestellt, weil keine Erwähnung Malaniuks",erledigt,,,,,
5,UAKUG/NIM_134,4_5,"Programmheft Junifestwochen Zürich 1949, Skizze ""Die schwarze Spinne""",1949,aus_dokument,programm,de,"22 Blatt, 44 Seiten",CN,2026-08-27,"zurückgestellt, weil keine Erwähnung Malaniuks",erledigt,,,,,
5,UAKUG/NIM_134,4_6,"Programmheft Junifestwochen Zürich 1949, Foto Willy Burkhard",1949,aus_dokument,programm,de,"22 Blatt, 44 Seiten",CN,2026-08-27,"zurückgestellt, weil keine Erwähnung Malaniuks",erledigt,,,,,
5,UAKUG/NIM_134,4_7,"Programmheft Junifestwochen Zürich 1949, Foto Paul Sacher, Fortsetzung Text ""Wie Jeremias Gotthelf und Willi Burkhard sich begegneten""",1949,aus_dokument,programm,de,"22 Blatt, 44 Seiten",CN,2026-08-27,"zurückgestellt, weil keine Erwähnung Malaniuks",erledigt,,,,,
5,UAKUG/NIM_134,4_8,"Programmheft Junifestwochen Zürich 1949, Foto Heinrich Gretler, Maya Kübler",1949,aus_dokument,programm,de,"22 Blatt, 44 Seiten",CN,2026-08-27,"zurückgestellt, weil keine Erwähnung Malaniuks",erledigt,,,,,
5,UAKUG/NIM_134,4_9,"Programmheft Junifestwochen Zürich 1949, Text ""Der Schauplatz der schwarzen Spinne""",1949,aus_dokument,programm,de,"22 Blatt, 44 Seiten",CN,2026-08-27,"zurückgestellt, weil keine Erwähnung Malaniuks",erledigt,,,,,
5,UAKUG/NIM_134,4_10,"Programmheft Junifestwochen Zürich 1949, Text ""Der Schauplatz der schwarzen Spinne"", Foto Hans Macke",1949,aus_dokument,programm,de,"22 Blatt, 44 Seiten",CN,2026-08-27,"zurückgestellt, weil keine Erwähnung Malaniuks",erledigt,,,,,
5,UAKUG/NIM_134,4_11,"Programmheft Junifestwochen Zürich 1949, Fotos Gottlieb Zeithammer, Libero de Luca, Eric Marion, Willi Wolf",1949,aus_dokument,programm,de,"22 Blatt, 44 Seiten",CN,2026-08-27,"zurückgestellt, weil keine Erwähnung Malaniuks",erledigt,,,,,
5,UAKUG/NIM_134,4_12,"Programmheft Junifestwochen Zürich 1949, Foto Hans Knappertsbusch",1949,aus_dokument,programm,de,"22 Blatt, 44 Seiten",CN,2026-08-27,"zurückgestellt, weil keine Erwähnung Malaniuks",erledigt,,,,,
5,UAKUG/NIM_134,4_13,"Programmheft Junifestwochen Zürich 1949, Text ""Richard Wagner zu seinen Werken""",1949,aus_dokument,programm,de,"22 Blatt, 44 Seiten",CN,2026-08-27,"zurückgestellt, weil keine Erwähnung Malaniuks",erledigt,,,,,
5,UAKUG/NIM_134,4_14,"Programmheft Junifestwochen Zürich 1949, Text ""Richard Wagner zu seinen Werken""",1949,aus_dokument,programm,de,"22 Blatt, 44 Seiten",CN,2026-08-27,"zurückgestellt, weil keine Erwähnung Malaniuks",erledigt,,,,,
5,UAKUG/NIM_134,4_15,"Programmheft Junifestwochen Zürich 1949, Foto Kirsten Flagstad",1949,aus_dokument,programm,de,"22 Blatt, 44 Seiten",CN,2026-08-27,"zurückgestellt, weil keine Erwähnung Malaniuks",erledigt,,,,,
5,UAKUG/NIM_134,4_16,"Programmheft Junifestwochen Zürich 1949, Foto Otto Ackermann, Text ""Richard Wagner zu seinen Werken""",1949,aus_dokument,programm,de,"22 Blatt, 44 Seiten",CN,2026-08-27,"zurückgestellt, weil keine Erwähnung Malaniuks",erledigt,,,,,
5,UAKUG/NIM_134,4_17,"Programmheft Junifestwochen Zürich 1949, Fotos Andreas Boehm, Dr. Franz Lechleitner",1949,aus_dokument,programm,de,"22 Blatt, 44 Seiten",CN,2026-08-27,"zurückgestellt, weil keine Erwähnung Malaniuks",erledigt,,,,,
5,UAKUG/NIM_134,4_18,"Programmheft Junifestwochen Zürich 1949, Foto Richard Strauss",1949,aus_dokument,programm,de,"22 Blatt, 44 Seiten",CN,2026-08-27,"zurückgestellt, weil keine Erwähnung Malaniuks",erledigt,,,,,
5,UAKUG/NIM_134,4_19,"Programmheft Junifestwochen Zürich 1949, Text ""Erinnerung an die ersten ""Rosenkavalier""-Vorstellungen""",1949,aus_dokument,programm,de,"22 Blatt, 44 Seiten",CN,2026-08-27,"zurückgestellt, weil keine Erwähnung Malaniuks",erledigt,,,,,
5,UAKUG/NIM_134,4_20,"Programmheft Junifestwochen Zürich 1949, Text ""Erinnerung an die ersten ""Rosenkavalier""-Vorstellungen""",1949,aus_dokument,programm,de,"22 Blatt, 44 Seiten",CN,2026-08-27,"zurückgestellt, weil keine Erwähnung Malaniuks",erledigt,,,,,
5,UAKUG/NIM_134,4_21,"Programmheft Junifestwochen Zürich 1949, Foto Maria Reinig",1949,aus_dokument,programm,de,"22 Blatt, 44 Seiten",CN,2026-08-27,"zurückgestellt, weil keine Erwähnung Malaniuks",erledigt,,,,,
5,UAKUG/NIM_134,4_22,"Programmheft Junifestwochen Zürich 1949, Fotos Lisa della Casa, Alois Pernerstorfer, Elsa Cavelti",1949,aus_dokument,programm,de,"22 Blatt, 44 Seiten",CN,2026-08-27,"zurückgestellt, weil keine Erwähnung Malaniuks",erledigt,,,,,
5,UAKUG/NIM_134,4_23,"Programmheft Junifestwochen Zürich 1949, Text ""Erinnerung an die ersten ""Rosenkavalier""-Vorstellungen""",1949,aus_dokument,programm,de,"22 Blatt, 44 Seiten",CN,2026-08-27,"zurückgestellt, weil keine Erwähnung Malaniuks",erledigt,,,,,
5,UAKUG/NIM_134,4_24,"Programmheft Junifestwochen Zürich 1949, Abbildung ""Die Goethesche Familie im Schäferkostüm""",1949,aus_dokument,programm,de,"22 Blatt, 44 Seiten",CN,2026-08-27,"zurückgestellt, weil keine Erwähnung Malaniuks",erledigt,,,,,
5,UAKUG/NIM_134,4_25,"Programmheft Junifestwochen Zürich 1949, Text ""Zu ""Erwin und Elmire""""",1949,aus_dokument,programm,de,"22 Blatt, 44 Seiten",CN,2026-08-27,"zurückgestellt, weil keine Erwähnung Malaniuks",erledigt,,,,,
5,UAKUG/NIM_134,4_26,"Programmheft Junifestwochen Zürich 1949, Foto Dr. Othmar Schoeck",1949,aus_dokument,programm,de,"22 Blatt, 44 Seiten",CN,2026-08-27,"zurückgestellt, weil keine Erwähnung Malaniuks",erledigt,,,,,
5,UAKUG/NIM_134,4_27,"Programmheft Junifestwochen Zürich 1949, Text ""Zu ""Erwin und Elmire""""",1949,aus_dokument,programm,de,"22 Blatt, 44 Seiten",CN,2026-08-27,"zurückgestellt, weil keine Erwähnung Malaniuks",erledigt,,,,,
5,UAKUG/NIM_134,4_28,"Programmheft Junifestwochen Zürich 1949, Foto Victor Reinshagen, ""Das Lied des alten Priesters""",1949,aus_dokument,programm,de,"22 Blatt, 44 Seiten",CN,2026-08-27,"zurückgestellt, weil keine Erwähnung Malaniuks",erledigt,,,,,
5,UAKUG/NIM_134,4_29,"Programmheft Junifestwochen Zürich 1949, Fotos Prof. Rudolf Hartmann, Ira Malaniuk",1949,aus_dokument,programm,de,"22 Blatt, 44 Seiten",CN,2026-08-27,begonnen,erledigt,erledigt,erledigt,erledigt,erledigt,erledigt
5,UAKUG/NIM_134,4_30,"Programmheft Junifestwochen Zürich 1949, Foto Szene aus ""Daphnis und Chloe""",1949,aus_dokument,programm,de,"22 Blatt, 44 Seiten",CN,2026-08-27,"zurückgestellt, weil keine Erwähnung Malaniuks",erledigt,,,,,
5,UAKUG/NIM_134,4_31,"Programmheft Junifestwochen Zürich 1949, Besetzung Uraufführung ""Die schwarze Spinne""",1949,aus_dokument,programm,de,"22 Blatt, 44 Seiten",CN,2026-08-27,begonnen,erledigt,,,,,
5,UAKUG/NIM_134,4_32,"Programmheft Junifestwochen Zürich 1949, Text ""Die schwarze Spinne""",1949,aus_dokument,programm,de,"22 Blatt, 44 Seiten",CN,2026-08-27,"zurückgestellt, weil keine Erwähnung Malaniuks",erledigt,,,,,
5,UAKUG/NIM_134,4_33,"Programmheft Junifestwochen Zürich 1949, Besetzung ""Die Meistersinger von Nürnberg""",1949,aus_dokument,programm,de,"22 Blatt, 44 Seiten",CN,2026-08-27,begonnen,erledigt,,,,,
5,UAKUG/NIM_134,4_34,"Programmheft Junifestwochen Zürich 1949, Zusammenfassung ""Die Meistersinger von Nürnberg""",1949,aus_dokument,programm,de,"22 Blatt, 44 Seiten",CN,2026-08-27,"zurückgestellt, weil keine Erwähnung Malaniuks",erledigt,,,,,
5,UAKUG/NIM_134,4_35,"Programmheft Junifestwochen Zürich 1949, Besetzung ""Das Wandbild"", ""Erwin und Elmire""",1949,aus_dokument,programm,de,"22 Blatt, 44 Seiten",CN,2026-08-27,begonnen,erledigt,,,,,
5,UAKUG/NIM_134,4_36,"Programmheft Junifestwochen Zürich 1949, Zusammenfassung ""Das Wandbild"", ""Erwin und Elmire""",1949,aus_dokument,programm,de,"22 Blatt, 44 Seiten",CN,2026-08-27,"zurückgestellt, weil keine Erwähnung Malaniuks",erledigt,,,,,
5,UAKUG/NIM_134,4_37,"Programmheft Junifestwochen Zürich 1949, Besetzung ""Tänze und Serenaden""",1949,aus_dokument,programm,de,"22 Blatt, 44 Seiten",CN,2026-08-27,"zurückgestellt, weil keine Erwähnung Malaniuks",erledigt,,,,,
5,UAKUG/NIM_134,4_38,"Programmheft Junifestwochen Zürich 1949, Zusammenfassung ""Daphnis und Chloe""",1949,aus_dokument,programm,de,"22 Blatt, 44 Seiten",CN,2026-08-27,"zurückgestellt, weil keine Erwähnung Malaniuks",erledigt,,,,,
5,UAKUG/NIM_134,4_39,"Programmheft Junifestwochen Zürich 1949, Zusammenfassung ""Tänze und Serenaden""",1949,aus_dokument,programm,de,"22 Blatt, 44 Seiten",CN,2026-08-27,"zurückgestellt, weil keine Erwähnung Malaniuks",erledigt,,,,,
5,UAKUG/NIM_134,4_40,"Programmheft Junifestwochen Zürich 1949, Zusammenfassung ""Tänze und Serenaden"", Foto Jaroslav Berger",1949,aus_dokument,programm,de,"22 Blatt, 44 Seiten",CN,2026-08-27,"zurückgestellt, weil keine Erwähnung Malaniuks",erledigt,,,,,
5,UAKUG/NIM_134,4_41,"Programmheft Junifestwochen Zürich 1949, Text ""Der Ballettabend anläßlich des Kongresses des Institut International du Théâtre"", Foto von Thea Obenaus",1949,aus_dokument,programm,de,"22 Blatt, 44 Seiten",CN,2026-08-27,"zurückgestellt, weil keine Erwähnung Malaniuks",erledigt,,,,,
5,UAKUG/NIM_134,4_42,"Programmheft Junifestwochen Zürich 1949, Text ""Der Ballettabend anläßlich des Kongresses des Institut International du Théâtre"", Die Geschichte einer Tänzerin der Pariser Oper zur Zeit der Französischen Revolution""",1949,aus_dokument,programm,de,"22 Blatt, 44 Seiten",CN,2026-08-27,"zurückgestellt, weil keine Erwähnung Malaniuks",erledigt,,,,,
5,UAKUG/NIM_134,4_43,"Programmheft Junifestwochen Zürich 1949, Text ""Der Ballettabend anläßlich des Kongresses des Institut International du Théâtre"", Die Geschichte einer Tänzerin der Pariser Oper zur Zeit der Französischen Revolution""",1949,aus_dokument,programm,de,"22 Blatt, 44 Seiten",CN,2026-08-27,"zurückgestellt, weil keine Erwähnung Malaniuks",erledigt,,,,,
5,UAKUG/NIM_134,4_44,"Programmheft Junifestwochen Zürich 1949, Werbung",1949,aus_dokument,programm,de,"22 Blatt, 44 Seiten",CN,2026-08-27,"zurückgestellt, weil keine Erwähnung Malaniuks",erledigt,,,,,
5,UAKUG/NIM_134,5,,,,,,,,,,,,,,,
5,UAKUG/NIM_134,6,,,,,,,,,,,,,,,
5,UAKUG/NIM_134,7,,,,,,,,,,,,,,,
5,UAKUG/NIM_134,8,,,,,,,,,,,,,,,
5,UAKUG/NIM_134,9,,,,,,,,,,,,,,,
5,UAKUG/NIM_134,10,,,,,,,,,,,,,,,
5,UAKUG/NIM_134,11,,,,,,,,,,,,,,,
5,UAKUG/NIM_134,12,,,,,,,,,,,,,,,
5,UAKUG/NIM_134,13,,,,,,,,,,,,,,,
5,UAKUG/NIM_134,14,,,,,,,,,,,,,,,
5,UAKUG/NIM_134,15,,,,,,,,,,,,,,,
5,UAKUG/NIM_134,16,,,,,,,,,,,,,,,
5,UAKUG/NIM_134,17,,,,,,,,,,,,,,,
5,UAKUG/NIM_135,,1951,1950-01-01/1951-12-31,,programm,,,AV/MS,2016-08-02,,,,,,,
5,UAKUG/NIM_135,2,"Programmheft der Bayreuther Festspiele 1951 zu ""Götterdämmerung""",1951,aus_dokument,programm,de,"24 Blätter, 45 Seiten",CN,2026-06-16,Erledigt,erledigt,,,,,
5,UAKUG/NIM_135,2_1,"Programmheft der Bayreuther Festspiele 1951 zu ""Götterdämmerung"" Deckblatt",1951,aus_dokument,programm,de,"1 Blatt, 1 Seite",CN,2026-06-16,"Zurückgestellt, keine Erwähnung Malaniuks",erledigt,,,,,
5,UAKUG/NIM_135,2_2,"Programmheft der Bayreuther Festspiele 1951 zu ""Götterdämmerung"" Impressum",1951,aus_dokument,programm,de,"1 Blatt, 1 Seite",CN,2026-06-16,"Zurückgestellt, keine Erwähnung Malaniuks",erledigt,,,,,
5,UAKUG/NIM_135,2_3,"Programmheft der Bayreuther Festspiele 1951 zu ""Götterdämmerung"" Artikel: ""Götterdämmerung""",1951,aus_dokument,programm,de,"1 Blatt, 1 Seite",CN,2026-06-16,"Zurückgestellt, keine Erwähnung Malaniuks",erledigt,,,,,
5,UAKUG/NIM_135,2_4,"Programmheft der Bayreuther Festspiele 1951 zu ""Götterdämmerung"" Artikel: ""Götterdämmerung""",1951,aus_dokument,programm,de,"1 Blatt, 1 Seite",CN,2026-06-16,"Zurückgestellt, keine Erwähnung Malaniuks",erledigt,,,,,
5,UAKUG/NIM_135,2_5,"Programmheft der Bayreuther Festspiele 1951 zu ""Götterdämmerung"" Artikel: ""Götterdämmerung""",1951,aus_dokument,programm,de,"1 Blatt, 1 Seite",CN,2026-06-16,"Zurückgestellt, keine Erwähnung Malaniuks",erledigt,,,,,
5,UAKUG/NIM_135,2_6,"Programmheft der Bayreuther Festspiele 1951 zu ""Götterdämmerung"" Artikel: ""Götterdämmerung""",1951,aus_dokument,programm,de,"1 Blatt, 1 Seite",CN,2026-06-16,"Zurückgestellt, keine Erwähnung Malaniuks",erledigt,,,,,
5,UAKUG/NIM_135,2_7,"Programmheft der Bayreuther Festspiele 1951 zu ""Götterdämmerung"" Artikel: ""Götterdämmerung""",1951,aus_dokument,programm,de,"1 Blatt, 1 Seite",CN,2026-06-16,"Zurückgestellt, keine Erwähnung Malaniuks",erledigt,,,,,
5,UAKUG/NIM_135,2_8,"Programmheft der Bayreuther Festspiele 1951 zu ""Götterdämmerung"" Fotos",1951,aus_dokument,programm,de,"1 Blatt, 1 Seite",CN,2026-06-16,"Zurückgestellt, keine Erwähnung Malaniuks",erledigt,,,,,
5,UAKUG/NIM_135,2_9,"Programmheft der Bayreuther Festspiele 1951 zu ""Götterdämmerung"" Artikel: ""Der Festspielgedanke"" ",1951,aus_dokument,programm,de,"1 Blatt, 1 Seite",CN,2026-06-16,"Zurückgestellt, keine Erwähnung Malaniuks",erledigt,,,,,
5,UAKUG/NIM_135,2_10,"Programmheft der Bayreuther Festspiele 1951 zu ""Götterdämmerung"" Artikel: ""Der Festspielgedanke"" ",1951,aus_dokument,programm,de,"1 Blatt, 1 Seite",CN,2026-06-16,"Zurückgestellt, keine Erwähnung Malaniuks",erledigt,,,,,
5,UAKUG/NIM_135,2_11,"Programmheft der Bayreuther Festspiele 1951 zu ""Götterdämmerung"" Artikel: ""Der Festspielgedanke"" ",1951,aus_dokument,programm,de,"1 Blatt, 1 Seite",CN,2026-06-16,"Zurückgestellt, keine Erwähnung Malaniuks",erledigt,,,,,
5,UAKUG/NIM_135,2_12,"Programmheft der Bayreuther Festspiele 1951 zu ""Götterdämmerung"" Artikel: ""Der Festspielgedanke"" ",1951,aus_dokument,programm,de,"1 Blatt, 1 Seite",CN,2026-06-16,"Zurückgestellt, keine Erwähnung Malaniuks",erledigt,,,,,
5,UAKUG/NIM_135,2_13,"Programmheft der Bayreuther Festspiele 1951 zu ""Götterdämmerung"" Artikel: ""Felix Mottl und Bayreuth""",1951,aus_dokument,programm,de,"1 Blatt, 1 Seite",CN,2026-06-16,"Zurückgestellt, keine Erwähnung Malaniuks",erledigt,,,,,
5,UAKUG/NIM_135,2_14,"Programmheft der Bayreuther Festspiele 1951 zu ""Götterdämmerung"" Artikel: ""Felix Mottl und Bayreuth""",1951,aus_dokument,programm,de,"1 Blatt, 1 Seite",CN,2026-06-16,"Zurückgestellt, keine Erwähnung Malaniuks",erledigt,,,,,
5,UAKUG/NIM_135,2_15,"Programmheft der Bayreuther Festspiele 1951 zu ""Götterdämmerung"" Artikel: ""Felix Mottl und Bayreuth""",1951,aus_dokument,programm,de,"1 Blatt, 1 Seite",CN,2026-06-16,"Zurückgestellt, keine Erwähnung Malaniuks",erledigt,,,,,
5,UAKUG/NIM_135,2_16,"Programmheft der Bayreuther Festspiele 1951 zu ""Götterdämmerung"" Artikel: ""Felix Mottl und Bayreuth""",1951,aus_dokument,programm,de,"1 Blatt, 1 Seite",CN,2026-06-16,"Zurückgestellt, keine Erwähnung Malaniuks",erledigt,,,,,
5,UAKUG/NIM_135,2_17,"Programmheft der Bayreuther Festspiele 1951 zu ""Götterdämmerung"" Artikel: ""Felix Mottl und Bayreuth"", ""Siegfried in vollen Waffen""",1951,aus_dokument,programm,de,"1 Blatt, 1 Seite",CN,2026-06-16,"Zurückgestellt, keine Erwähnung Malaniuks",erledigt,,,,,
5,UAKUG/NIM_135,2_18,"Programmheft der Bayreuther Festspiele 1951 zu ""Götterdämmerung"" Artikel: ""Siegfried in vollen Waffen""",1951,aus_dokument,programm,de,"1 Blatt, 1 Seite",CN,2026-06-16,"Zurückgestellt, keine Erwähnung Malaniuks",erledigt,,,,,
5,UAKUG/NIM_135,2_19,"Programmheft der Bayreuther Festspiele 1951 zu ""Götterdämmerung"" Abbildung Originalpartitur der ""Götterdämmerung""",1951,aus_dokument,programm,de,"1 Blatt, 1 Seite",CN,2026-06-16,"Zurückgestellt, keine Erwähnung Malaniuks",erledigt,,,,,
5,UAKUG/NIM_135,2_20,"Programmheft der Bayreuther Festspiele 1951 zu ""Götterdämmerung"" Artikel: ""Siegfried in vollen Waffen""",1951,aus_dokument,programm,de,"1 Blatt, 1 Seite",CN,2026-06-16,"Zurückgestellt, keine Erwähnung Malaniuks",erledigt,,,,,
5,UAKUG/NIM_135,2_21,"Programmheft der Bayreuther Festspiele 1951 zu ""Götterdämmerung"" Artikel: ""Siegfried in vollen Waffen""",1951,aus_dokument,programm,de,"1 Blatt, 1 Seite",CN,2026-06-16,"Zurückgestellt, keine Erwähnung Malaniuks",erledigt,,,,,
5,UAKUG/NIM_135,2_22,"Programmheft der Bayreuther Festspiele 1951 zu ""Götterdämmerung"" Artikel: ""Siegfried in vollen Waffen""",1951,aus_dokument,programm,de,"1 Blatt, 1 Seite",CN,2026-06-16,"Zurückgestellt, keine Erwähnung Malaniuks",erledigt,,,,,
5,UAKUG/NIM_135,2_23,"Programmheft der Bayreuther Festspiele 1951 zu ""Götterdämmerung"" Artikel: ""Siegfried in vollen Waffen""",1951,aus_dokument,programm,de,"1 Blatt, 1 Seite",CN,2026-06-16,"Zurückgestellt, keine Erwähnung Malaniuks",erledigt,,,,,
5,UAKUG/NIM_135,2_24,"Programmheft der Bayreuther Festspiele 1951 zu ""Götterdämmerung"" Besetzungszettel",1951,aus_dokument,programm,de,"1 Blatt, 1 Seite",CN,2026-06-16,begonnen,erledigt,erledigt,erledigt,erledigt,erledigt,erledigt
5,UAKUG/NIM_135,2_25,"Programmheft der Bayreuther Festspiele 1951 zu ""Götterdämmerung"" Besetzungszettel",1951,aus_dokument,programm,de,"1 Blatt, 1 Seite",CN,2026-06-16,begonnen,erledigt,erledigt,erledigt,erledigt,erledigt,erledigt
5,UAKUG/NIM_135,2_26,"Programmheft der Bayreuther Festspiele 1951 zu ""Götterdämmerung"" Werbung",1951,aus_dokument,programm,de,"1 Blatt, 1 Seite",CN,2026-06-16,"Zurückgestellt, keine Erwähnung Malaniuks",erledigt,,,,,
5,UAKUG/NIM_135,2_27,"Programmheft der Bayreuther Festspiele 1951 zu ""Götterdämmerung"" Werbung",1951,aus_dokument,programm,de,"1 Blatt, 1 Seite",CN,2026-06-16,"Zurückgestellt, keine Erwähnung Malaniuks",erledigt,,,,,
5,UAKUG/NIM_135,2_28,"Programmheft der Bayreuther Festspiele 1951 zu ""Götterdämmerung"" Werbung",1951,aus_dokument,programm,de,"1 Blatt, 1 Seite",CN,2026-06-16,"Zurückgestellt, keine Erwähnung Malaniuks",erledigt,,,,,
5,UAKUG/NIM_135,2_29,"Programmheft der Bayreuther Festspiele 1951 zu ""Götterdämmerung"" Werbung",1951,aus_dokument,programm,de,"1 Blatt, 1 Seite",CN,2026-06-16,"Zurückgestellt, keine Erwähnung Malaniuks",erledigt,,,,,
5,UAKUG/NIM_135,2_30,"Programmheft der Bayreuther Festspiele 1951 zu ""Götterdämmerung"" Werbung",1951,aus_dokument,programm,de,"1 Blatt, 1 Seite",CN,2026-06-16,"Zurückgestellt, keine Erwähnung Malaniuks",erledigt,,,,,
5,UAKUG/NIM_135,2_31,"Programmheft der Bayreuther Festspiele 1951 zu ""Götterdämmerung"" Werbung",1951,aus_dokument,programm,de,"1 Blatt, 1 Seite",CN,2026-06-16,"Zurückgestellt, keine Erwähnung Malaniuks",erledigt,,,,,
5,UAKUG/NIM_135,2_32,"Programmheft der Bayreuther Festspiele 1951 zu ""Götterdämmerung"" Werbung",1951,aus_dokument,programm,de,"1 Blatt, 1 Seite",CN,2026-06-16,"Zurückgestellt, keine Erwähnung Malaniuks",erledigt,,,,,
5,UAKUG/NIM_135,2_33,"Programmheft der Bayreuther Festspiele 1951 zu ""Götterdämmerung"" Werbung",1951,aus_dokument,programm,de,"1 Blatt, 1 Seite",CN,2026-06-16,"Zurückgestellt, keine Erwähnung Malaniuks",erledigt,,,,,
5,UAKUG/NIM_135,2_34,"Programmheft der Bayreuther Festspiele 1951 zu ""Götterdämmerung"" Werbung",1951,aus_dokument,programm,de,"1 Blatt, 1 Seite",CN,2026-06-16,"Zurückgestellt, keine Erwähnung Malaniuks",erledigt,,,,,
5,UAKUG/NIM_135,2_35,"Programmheft der Bayreuther Festspiele 1951 zu ""Götterdämmerung"" Werbung",1951,aus_dokument,programm,de,"1 Blatt, 1 Seite",CN,2026-06-16,"Zurückgestellt, keine Erwähnung Malaniuks",erledigt,,,,,
5,UAKUG/NIM_135,2_36,"Programmheft der Bayreuther Festspiele 1951 zu ""Götterdämmerung"" Werbung",1951,aus_dokument,programm,de,"1 Blatt, 1 Seite",CN,2026-06-16,"Zurückgestellt, keine Erwähnung Malaniuks",erledigt,,,,,
5,UAKUG/NIM_135,2_37,"Programmheft der Bayreuther Festspiele 1951 zu ""Götterdämmerung"" Werbung",1951,aus_dokument,programm,de,"1 Blatt, 1 Seite",CN,2026-06-16,"Zurückgestellt, keine Erwähnung Malaniuks",erledigt,,,,,
5,UAKUG/NIM_135,2_38,"Programmheft der Bayreuther Festspiele 1951 zu ""Götterdämmerung"" Werbung",1951,aus_dokument,programm,de,"1 Blatt, 1 Seite",CN,2026-06-16,"Zurückgestellt, keine Erwähnung Malaniuks",erledigt,,,,,
5,UAKUG/NIM_135,2_39,"Programmheft der Bayreuther Festspiele 1951 zu ""Götterdämmerung"" Werbung",1951,aus_dokument,programm,de,"1 Blatt, 1 Seite",CN,2026-06-16,"Zurückgestellt, keine Erwähnung Malaniuks",erledigt,,,,,
5,UAKUG/NIM_135,2_40,"Programmheft der Bayreuther Festspiele 1951 zu ""Götterdämmerung"" Werbung",1951,aus_dokument,programm,de,"1 Blatt, 1 Seite",CN,2026-06-16,"Zurückgestellt, keine Erwähnung Malaniuks",erledigt,,,,,
5,UAKUG/NIM_135,2_41,"Programmheft der Bayreuther Festspiele 1951 zu ""Götterdämmerung"" Werbung",1951,aus_dokument,programm,de,"1 Blatt, 1 Seite",CN,2026-06-16,"Zurückgestellt, keine Erwähnung Malaniuks",erledigt,,,,,
5,UAKUG/NIM_135,2_42,"Programmheft der Bayreuther Festspiele 1951 zu ""Götterdämmerung"" Werbung",1951,aus_dokument,programm,de,"1 Blatt, 1 Seite",CN,2026-06-16,"Zurückgestellt, keine Erwähnung Malaniuks",erledigt,,,,,
5,UAKUG/NIM_135,2_43,"Programmheft der Bayreuther Festspiele 1951 zu ""Götterdämmerung"" Werbung",1951,aus_dokument,programm,de,"1 Blatt, 1 Seite",CN,2026-06-16,"Zurückgestellt, keine Erwähnung Malaniuks",erledigt,,,,,
5,UAKUG/NIM_135,2_44,"Programmheft der Bayreuther Festspiele 1951 zu ""Götterdämmerung"" Werbung",1951,aus_dokument,programm,de,"1 Blatt, 1 Seite",CN,2026-06-16,"Zurückgestellt, keine Erwähnung Malaniuks",erledigt,,,,,
5,UAKUG/NIM_135,2_45,"Programmheft der Bayreuther Festspiele 1951 zu ""Götterdämmerung"" Werbung",1951,aus_dokument,programm,de,"1 Blatt, 1 Seite",CN,2026-06-16,"Zurückgestellt, keine Erwähnung Malaniuks",erledigt,,,,,
5,UAKUG/NIM_135,2_46,"Programmheft der Bayreuther Festspiele 1951 zu ""Götterdämmerung"" Werbung",1951,aus_dokument,programm,de,"1 Blatt, 1 Seite",CN,2026-06-16,"Zurückgestellt, keine Erwähnung Malaniuks",erledigt,,,,,
5,UAKUG/NIM_135,2_47,"Programmheft der Bayreuther Festspiele 1951 zu ""Götterdämmerung"" Werbung",1951,aus_dokument,programm,de,"1 Blatt, 1 Seite",CN,2026-06-16,"Zurückgestellt, keine Erwähnung Malaniuks",erledigt,,,,,
5,UAKUG/NIM_135,13,"Programmheft der Bayreuther Festspiele 1951 zu ""Die Meistersinger von Nürnberg""",1951,aus_dokument,programm,de,"24 Blatt, 48 Seite",CN,2026-06-16,"Zurückgestellt, keine Erwähnung Malaniuks",erledigt,,,,,
5,UAKUG/NIM_135,13_1,"Programmheft der Bayreuther Festspiele 1951 zu ""Die Meistersinger von Nürnberg"" Deckblatt",1951,aus_dokument,programm,de,"1 Blatt, 1 Seite",CN,2026-06-16,"Zurückgestellt, keine Erwähnung Malaniuks",erledigt,,,,,
5,UAKUG/NIM_135,13_2,"Programmheft der Bayreuther Festspiele 1951 zu ""Die Meistersinger von Nürnberg"" Impressum",1951,aus_dokument,programm,de,"1 Blatt, 1 Seite",CN,2026-06-16,"Zurückgestellt, keine Erwähnung Malaniuks",erledigt,,,,,
5,UAKUG/NIM_135,13_3,"Programmheft der Bayreuther Festspiele 1951 zu ""Die Meistersinger von Nürnberg"", Ankündigungen Pattenaufnahme",1951,aus_dokument,programm,de,"1 Blatt, 1 Seite",CN,2026-06-16,"Zurückgestellt, keine Erwähnung Malaniuks",erledigt,,,,,
5,UAKUG/NIM_135,13_4,"Programmheft der Bayreuther Festspiele 1951 zu ""Die Meistersinger von Nürnberg"", Ankündigungen Pattenaufnahme",1951,aus_dokument,programm,de,"1 Blatt, 1 Seite",CN,2026-06-16,"Zurückgestellt, keine Erwähnung Malaniuks",erledigt,,,,,
5,UAKUG/NIM_135,13_5,"Programmheft der Bayreuther Festspiele 1951 zu ""Die Meistersinger von Nürnberg"", Ankündigungen Pattenaufnahme",1951,aus_dokument,programm,de,"1 Blatt, 1 Seite",CN,2026-06-16,"Zurückgestellt, keine Erwähnung Malaniuks",erledigt,,,,,
5,UAKUG/NIM_135,13_6,"Programmheft der Bayreuther Festspiele 1951 zu ""Die Meistersinger von Nürnberg"", Ankündigungen Pattenaufnahme",1951,aus_dokument,programm,de,"1 Blatt, 1 Seite",CN,2026-06-16,"Zurückgestellt, keine Erwähnung Malaniuks",erledigt,,,,,
5,UAKUG/NIM_135,13_7,"Programmheft der Bayreuther Festspiele 1951 zu ""Die Meistersinger von Nürnberg"" Text ""Richard Wagers ""Meistersinger""""",1951,aus_dokument,programm,de,"1 Blatt, 1 Seite",CN,2026-06-16,"Zurückgestellt, keine Erwähnung Malaniuks",erledigt,,,,,
5,UAKUG/NIM_135,13_8,"Programmheft der Bayreuther Festspiele 1951 zu ""Die Meistersinger von Nürnberg"" Text ""Richard Wagers ""Meistersinger""""",1951,aus_dokument,programm,de,"1 Blatt, 1 Seite",CN,2026-06-16,"Zurückgestellt, keine Erwähnung Malaniuks",erledigt,,,,,
5,UAKUG/NIM_135,13_9,"Programmheft der Bayreuther Festspiele 1951 zu ""Die Meistersinger von Nürnberg"" Kupferstich Hans Sachs",1951,aus_dokument,programm,de,"1 Blatt, 1 Seite",CN,2026-06-16,"Zurückgestellt, keine Erwähnung Malaniuks",erledigt,,,,,
5,UAKUG/NIM_135,13_10,"Programmheft der Bayreuther Festspiele 1951 zu ""Die Meistersinger von Nürnberg"" Text ""Richard Wagers ""Meistersinger""""",1951,aus_dokument,programm,de,"1 Blatt, 1 Seite",CN,2026-06-16,"Zurückgestellt, keine Erwähnung Malaniuks",erledigt,,,,,
5,UAKUG/NIM_135,13_11,"Programmheft der Bayreuther Festspiele 1951 zu ""Die Meistersinger von Nürnberg"" Text ""Richard Wagers ""Meistersinger""""",1951,aus_dokument,programm,de,"1 Blatt, 1 Seite",CN,2026-06-16,"Zurückgestellt, keine Erwähnung Malaniuks",erledigt,,,,,
5,UAKUG/NIM_135,13_12,"Programmheft der Bayreuther Festspiele 1951 zu ""Die Meistersinger von Nürnberg"" Text ""Richard Wagers ""Meistersinger""""",1951,aus_dokument,programm,de,"1 Blatt, 1 Seite",CN,2026-06-16,"Zurückgestellt, keine Erwähnung Malaniuks",erledigt,,,,,
5,UAKUG/NIM_135,13_13,"Programmheft der Bayreuther Festspiele 1951 zu ""Die Meistersinger von Nürnberg"" Abbildung der Originalpartitur der ""Meistersinger""",1951,aus_dokument,programm,de,"1 Blatt, 1 Seite",CN,2026-06-16,"Zurückgestellt, keine Erwähnung Malaniuks",erledigt,,,,,
5,UAKUG/NIM_135,13_14,"Programmheft der Bayreuther Festspiele 1951 zu ""Die Meistersinger von Nürnberg"" Text ""Wie Wagners ""Meisterwerk"" entstand""",1951,aus_dokument,programm,de,"1 Blatt, 1 Seite",CN,2026-06-16,"Zurückgestellt, keine Erwähnung Malaniuks",erledigt,,,,,
5,UAKUG/NIM_135,13_15,"Programmheft der Bayreuther Festspiele 1951 zu ""Die Meistersinger von Nürnberg"" Text ""Wie Wagners ""Meisterwerk"" entstand""",1951,aus_dokument,programm,de,"1 Blatt, 1 Seite",CN,2026-06-16,"Zurückgestellt, keine Erwähnung Malaniuks",erledigt,,,,,
5,UAKUG/NIM_135,13_16,"Programmheft der Bayreuther Festspiele 1951 zu ""Die Meistersinger von Nürnberg"" Text ""Wie Wagners ""Meisterwerk"" entstand""",1951,aus_dokument,programm,de,"1 Blatt, 1 Seite",CN,2026-06-16,"Zurückgestellt, keine Erwähnung Malaniuks",erledigt,,,,,
5,UAKUG/NIM_135,13_17,"Programmheft der Bayreuther Festspiele 1951 zu ""Die Meistersinger von Nürnberg"" Text ""Wie Wagners ""Meisterwerk"" entstand""",1951,aus_dokument,programm,de,"1 Blatt, 1 Seite",CN,2026-06-16,"Zurückgestellt, keine Erwähnung Malaniuks",erledigt,,,,,
5,UAKUG/NIM_135,13_18,"Programmheft der Bayreuther Festspiele 1951 zu ""Die Meistersinger von Nürnberg"" Fotos von Inszenierungen",1951,aus_dokument,programm,de,"1 Blatt, 1 Seite",CN,2026-06-16,"Zurückgestellt, keine Erwähnung Malaniuks",erledigt,,,,,
5,UAKUG/NIM_135,13_19,"Programmheft der Bayreuther Festspiele 1951 zu ""Die Meistersinger von Nürnberg"" Fotos von Inszenierungen",1951,aus_dokument,programm,de,"1 Blatt, 1 Seite",CN,2026-06-16,"Zurückgestellt, keine Erwähnung Malaniuks",erledigt,,,,,
5,UAKUG/NIM_135,13_20,"Programmheft der Bayreuther Festspiele 1951 zu ""Die Meistersinger von Nürnberg"" Fotos von Inszenierungen",1951,aus_dokument,programm,de,"1 Blatt, 1 Seite",CN,2026-06-16,"Zurückgestellt, keine Erwähnung Malaniuks",erledigt,,,,,
5,UAKUG/NIM_135,13_21,"Programmheft der Bayreuther Festspiele 1951 zu ""Die Meistersinger von Nürnberg"" Text ""Zur Dramaturgie der ""Meistersinger""""",1951,aus_dokument,programm,de,"1 Blatt, 1 Seite",CN,2026-06-16,"Zurückgestellt, keine Erwähnung Malaniuks",erledigt,,,,,
5,UAKUG/NIM_135,13_22,"Programmheft der Bayreuther Festspiele 1951 zu ""Die Meistersinger von Nürnberg"" Text ""Zur Dramaturgie der ""Meistersinger""""",1951,aus_dokument,programm,de,"1 Blatt, 1 Seite",CN,2026-06-16,"Zurückgestellt, keine Erwähnung Malaniuks",erledigt,,,,,
5,UAKUG/NIM_135,13_23,"Programmheft der Bayreuther Festspiele 1951 zu ""Die Meistersinger von Nürnberg"" Text ""Zur Dramaturgie der ""Meistersinger""""",1951,aus_dokument,programm,de,"1 Blatt, 1 Seite",CN,2026-06-16,"Zurückgestellt, keine Erwähnung Malaniuks",erledigt,,,,,
5,UAKUG/NIM_135,13_24,"Programmheft der Bayreuther Festspiele 1951 zu ""Die Meistersinger von Nürnberg"" Text ""Zur Dramaturgie der ""Meistersinger""""",1951,aus_dokument,programm,de,"1 Blatt, 1 Seite",CN,2026-06-16,"Zurückgestellt, keine Erwähnung Malaniuks",erledigt,,,,,
5,UAKUG/NIM_135,13_25,"Programmheft der Bayreuther Festspiele 1951 zu ""Die Meistersinger von Nürnberg"" Abbildung Albrecht Dürer",1951,aus_dokument,programm,de,"1 Blatt, 1 Seite",CN,2026-06-16,"Zurückgestellt, keine Erwähnung Malaniuks",erledigt,,,,,
5,UAKUG/NIM_135,13_26,"Programmheft der Bayreuther Festspiele 1951 zu ""Die Meistersinger von Nürnberg"" Text ""Zur Dramaturgie der ""Meistersinger""""",1951,aus_dokument,programm,de,"1 Blatt, 1 Seite",CN,2026-06-16,"Zurückgestellt, keine Erwähnung Malaniuks",erledigt,,,,,
5,UAKUG/NIM_135,13_27,"Programmheft der Bayreuther Festspiele 1951 zu ""Die Meistersinger von Nürnberg"" Spielfolge der Festspiele",1951,aus_dokument,programm,de,"1 Blatt, 1 Seite",CN,2026-06-16,erledigt,erledigt,erledigt,erledigt,erledigt,erledigt,erledigt
5,UAKUG/NIM_135,13_28,"Programmheft der Bayreuther Festspiele 1951 zu ""Die Meistersinger von Nürnberg"" Besetzungszettel",1951,aus_dokument,programm,de,"1 Blatt, 1 Seite",CN,2026-06-16,erledigt,erledigt,erledigt,erledigt,erledigt,erledigt,erledigt
5,UAKUG/NIM_135,13_29,"Programmheft der Bayreuther Festspiele 1951 zu ""Die Meistersinger von Nürnberg"" Werbung",1951,aus_dokument,programm,de,"1 Blatt, 1 Seite",CN,2026-06-16,"Zurückgestellt, keine Erwähnung Malaniuks",erledigt,,,,,
5,UAKUG/NIM_135,13_30,"Programmheft der Bayreuther Festspiele 1951 zu ""Die Meistersinger von Nürnberg"" Werbung",1951,aus_dokument,programm,de,"1 Blatt, 1 Seite",CN,2026-06-16,"Zurückgestellt, keine Erwähnung Malaniuks",erledigt,,,,,
5,UAKUG/NIM_135,13_31,"Programmheft der Bayreuther Festspiele 1951 zu ""Die Meistersinger von Nürnberg"" Werbung",1951,aus_dokument,programm,de,"1 Blatt, 1 Seite",CN,2026-06-16,"Zurückgestellt, keine Erwähnung Malaniuks",erledigt,,,,,
5,UAKUG/NIM_135,13_32,"Programmheft der Bayreuther Festspiele 1951 zu ""Die Meistersinger von Nürnberg"" Werbung",1951,aus_dokument,programm,de,"1 Blatt, 1 Seite",CN,2026-06-16,"Zurückgestellt, keine Erwähnung Malaniuks",erledigt,,,,,
5,UAKUG/NIM_135,13_33,"Programmheft der Bayreuther Festspiele 1951 zu ""Die Meistersinger von Nürnberg"" Werbung",1951,aus_dokument,programm,de,"1 Blatt, 1 Seite",CN,2026-06-16,"Zurückgestellt, keine Erwähnung Malaniuks",erledigt,,,,,
5,UAKUG/NIM_135,13_34,"Programmheft der Bayreuther Festspiele 1951 zu ""Die Meistersinger von Nürnberg"" Werbung",1951,aus_dokument,programm,de,"1 Blatt, 1 Seite",CN,2026-06-16,"Zurückgestellt, keine Erwähnung Malaniuks",erledigt,,,,,
5,UAKUG/NIM_135,13_35,"Programmheft der Bayreuther Festspiele 1951 zu ""Die Meistersinger von Nürnberg"" Werbung",1951,aus_dokument,programm,de,"1 Blatt, 1 Seite",CN,2026-06-16,"Zurückgestellt, keine Erwähnung Malaniuks",erledigt,,,,,
5,UAKUG/NIM_135,13_36,"Programmheft der Bayreuther Festspiele 1951 zu ""Die Meistersinger von Nürnberg"" Werbung",1951,aus_dokument,programm,de,"1 Blatt, 1 Seite",CN,2026-06-16,"Zurückgestellt, keine Erwähnung Malaniuks",erledigt,,,,,
5,UAKUG/NIM_135,13_37,"Programmheft der Bayreuther Festspiele 1951 zu ""Die Meistersinger von Nürnberg"" Werbung",1951,aus_dokument,programm,de,"1 Blatt, 1 Seite",CN,2026-06-16,"Zurückgestellt, keine Erwähnung Malaniuks",erledigt,,,,,
5,UAKUG/NIM_135,13_38,"Programmheft der Bayreuther Festspiele 1951 zu ""Die Meistersinger von Nürnberg"" Werbung",1951,aus_dokument,programm,de,"1 Blatt, 1 Seite",CN,2026-06-16,"Zurückgestellt, keine Erwähnung Malaniuks",erledigt,,,,,
5,UAKUG/NIM_135,13_39,"Programmheft der Bayreuther Festspiele 1951 zu ""Die Meistersinger von Nürnberg"" Werbung",1951,aus_dokument,programm,de,"1 Blatt, 1 Seite",CN,2026-06-16,"Zurückgestellt, keine Erwähnung Malaniuks",erledigt,,,,,
5,UAKUG/NIM_135,13_40,"Programmheft der Bayreuther Festspiele 1951 zu ""Die Meistersinger von Nürnberg"" Werbung",1951,aus_dokument,programm,de,"1 Blatt, 1 Seite",CN,2026-06-16,"Zurückgestellt, keine Erwähnung Malaniuks",erledigt,,,,,
5,UAKUG/NIM_135,13_41,"Programmheft der Bayreuther Festspiele 1951 zu ""Die Meistersinger von Nürnberg"" Werbung",1951,aus_dokument,programm,de,"1 Blatt, 1 Seite",CN,2026-06-16,"Zurückgestellt, keine Erwähnung Malaniuks",erledigt,,,,,
5,UAKUG/NIM_135,13_42,"Programmheft der Bayreuther Festspiele 1951 zu ""Die Meistersinger von Nürnberg"" Werbung",1951,aus_dokument,programm,de,"1 Blatt, 1 Seite",CN,2026-06-16,"Zurückgestellt, keine Erwähnung Malaniuks",erledigt,,,,,
5,UAKUG/NIM_135,13_43,"Programmheft der Bayreuther Festspiele 1951 zu ""Die Meistersinger von Nürnberg"" Werbung",1951,aus_dokument,programm,de,"1 Blatt, 1 Seite",CN,2026-06-16,"Zurückgestellt, keine Erwähnung Malaniuks",erledigt,,,,,
5,UAKUG/NIM_135,13_44,"Programmheft der Bayreuther Festspiele 1951 zu ""Die Meistersinger von Nürnberg"" Werbung",1951,aus_dokument,programm,de,"1 Blatt, 1 Seite",CN,2026-06-16,"Zurückgestellt, keine Erwähnung Malaniuks",erledigt,,,,,
5,UAKUG/NIM_135,13_45,"Programmheft der Bayreuther Festspiele 1951 zu ""Die Meistersinger von Nürnberg"" Werbung",1951,aus_dokument,programm,de,"1 Blatt, 1 Seite",CN,2026-06-16,"Zurückgestellt, keine Erwähnung Malaniuks",erledigt,,,,,
5,UAKUG/NIM_135,13_46,"Programmheft der Bayreuther Festspiele 1951 zu ""Die Meistersinger von Nürnberg"" Werbung",1951,aus_dokument,programm,de,"1 Blatt, 1 Seite",CN,2026-06-16,"Zurückgestellt, keine Erwähnung Malaniuks",erledigt,,,,,
5,UAKUG/NIM_135,13_47,"Programmheft der Bayreuther Festspiele 1951 zu ""Die Meistersinger von Nürnberg"" Werbung",1951,aus_dokument,programm,de,"1 Blatt, 1 Seite",CN,2026-06-16,"Zurückgestellt, keine Erwähnung Malaniuks",erledigt,,,,,
5,UAKUG/NIM_135,13_48,"Programmheft der Bayreuther Festspiele 1951 zu ""Die Meistersinger von Nürnberg"" Werbung",1951,aus_dokument,programm,de,"1 Blatt, 1 Seite",CN,2026-06-16,"Zurückgestellt, keine Erwähnung Malaniuks",erledigt,,,,,
5,UAKUG/NIM_135,14,"Programmheft der Bayreuther Festspiele 1951 zu ""Die Walküre""",1951,aus_dokument,programm,de,"28 Blatt, 48 Seiten",CN,2026-06-16,"Zurückgestellt, keine Erwähnung Malaniuks",erledigt,,,,,
5,UAKUG/NIM_135,14_1,"Programmheft der Bayreuther Festspiele 1951 zu ""Die Walküre"" Deckblatt",1951,aus_dokument,programm,de,"1 Blatt, 1 Seite",CN,2026-06-16,"Zurückgestellt, keine Erwähnung Malaniuks",erledigt,,,,,
5,UAKUG/NIM_135,14_2,"Programmheft der Bayreuther Festspiele 1951 zu ""Die Walküre"" Impressum",1951,aus_dokument,programm,de,"1 Blatt, 1 Seite",CN,2026-06-16,"Zurückgestellt, keine Erwähnung Malaniuks",erledigt,,,,,
5,UAKUG/NIM_135,14_3,"Programmheft der Bayreuther Festspiele 1951 zu ""Die Walküre"" Ankündigungen Pattenaufnahme",1951,aus_dokument,programm,de,"1 Blatt, 1 Seite",CN,2026-06-16,"Zurückgestellt, keine Erwähnung Malaniuks",erledigt,,,,,
5,UAKUG/NIM_135,14_4,"Programmheft der Bayreuther Festspiele 1951 zu ""Die Walküre"" Ankündigungen Pattenaufnahme",1951,aus_dokument,programm,de,"1 Blatt, 1 Seite",CN,2026-06-16,"Zurückgestellt, keine Erwähnung Malaniuks",erledigt,,,,,
5,UAKUG/NIM_135,14_5,"Programmheft der Bayreuther Festspiele 1951 zu ""Die Walküre"" Ankündigungen Pattenaufnahme",1951,aus_dokument,programm,de,"1 Blatt, 1 Seite",CN,2026-06-16,"Zurückgestellt, keine Erwähnung Malaniuks",erledigt,,,,,
5,UAKUG/NIM_135,14_6,"Programmheft der Bayreuther Festspiele 1951 zu ""Die Walküre"" Ankündigungen Pattenaufnahme",1951,aus_dokument,programm,de,"1 Blatt, 1 Seite",CN,2026-06-16,"Zurückgestellt, keine Erwähnung Malaniuks",erledigt,,,,,
5,UAKUG/NIM_135,14_7,"Programmheft der Bayreuther Festspiele 1951 zu ""Die Walküre"" Text ""Die Walküre""",1951,aus_dokument,programm,de,"1 Blatt, 1 Seite",CN,2026-06-16,"Zurückgestellt, keine Erwähnung Malaniuks",erledigt,,,,,
5,UAKUG/NIM_135,14_8,"Programmheft der Bayreuther Festspiele 1951 zu ""Die Walküre"" Text ""Die Walküre""",1951,aus_dokument,programm,de,"1 Blatt, 1 Seite",CN,2026-06-16,"Zurückgestellt, keine Erwähnung Malaniuks",erledigt,,,,,
5,UAKUG/NIM_135,14_9,"Programmheft der Bayreuther Festspiele 1951 zu ""Die Walküre"" Text ""Die Walküre""",1951,aus_dokument,programm,de,"1 Blatt, 1 Seite",CN,2026-06-16,"Zurückgestellt, keine Erwähnung Malaniuks",erledigt,,,,,
5,UAKUG/NIM_135,14_10,"Programmheft der Bayreuther Festspiele 1951 zu ""Die Walküre"" Text ""Die Walküre""",1951,aus_dokument,programm,de,"1 Blatt, 1 Seite",CN,2026-06-16,"Zurückgestellt, keine Erwähnung Malaniuks",erledigt,,,,,
5,UAKUG/NIM_135,14_11,"Programmheft der Bayreuther Festspiele 1951 zu ""Die Walküre"" Text ""Die Walküre""",1951,aus_dokument,programm,de,"1 Blatt, 1 Seite",CN,2026-06-16,"Zurückgestellt, keine Erwähnung Malaniuks",erledigt,,,,,
5,UAKUG/NIM_135,14_12,"Programmheft der Bayreuther Festspiele 1951 zu ""Die Walküre"" Text ""Die Wiege der ""Walküre""-Dichtung""",1951,aus_dokument,programm,de,"1 Blatt, 1 Seite",CN,2026-06-16,"Zurückgestellt, keine Erwähnung Malaniuks",erledigt,,,,,
5,UAKUG/NIM_135,14_13,"Programmheft der Bayreuther Festspiele 1951 zu ""Die Walküre"" Text ""Die Wiege der ""Walküre""-Dichtung""",1951,aus_dokument,programm,de,"1 Blatt, 1 Seite",CN,2026-06-16,"Zurückgestellt, keine Erwähnung Malaniuks",erledigt,,,,,
5,UAKUG/NIM_135,14_14,"Programmheft der Bayreuther Festspiele 1951 zu ""Die Walküre"" Text ""Die Wiege der ""Walküre""-Dichtung""",1951,aus_dokument,programm,de,"1 Blatt, 1 Seite",CN,2026-06-16,"Zurückgestellt, keine Erwähnung Malaniuks",erledigt,,,,,
5,UAKUG/NIM_135,14_15,"Programmheft der Bayreuther Festspiele 1951 zu ""Die Walküre"" Text ""Die Wiege der ""Walküre""-Dichtung""",1951,aus_dokument,programm,de,"1 Blatt, 1 Seite",CN,2026-06-16,"Zurückgestellt, keine Erwähnung Malaniuks",erledigt,,,,,
5,UAKUG/NIM_135,14_16,"Programmheft der Bayreuther Festspiele 1951 zu ""Die Walküre"" Text ""Die Wiege der ""Walküre""-Dichtung""",1951,aus_dokument,programm,de,"1 Blatt, 1 Seite",CN,2026-06-16,"Zurückgestellt, keine Erwähnung Malaniuks",erledigt,,,,,
5,UAKUG/NIM_135,14_17,"Programmheft der Bayreuther Festspiele 1951 zu ""Die Walküre"" Text ""Die Wiege der ""Walküre""-Dichtung""",1951,aus_dokument,programm,de,"1 Blatt, 1 Seite",CN,2026-06-16,"Zurückgestellt, keine Erwähnung Malaniuks",erledigt,,,,,
5,UAKUG/NIM_135,14_18,"Programmheft der Bayreuther Festspiele 1951 zu ""Die Walküre"" Inszenierungsfotos",1951,aus_dokument,programm,de,"1 Blatt, 1 Seite",CN,2026-06-16,"Zurückgestellt, keine Erwähnung Malaniuks",erledigt,,,,,
5,UAKUG/NIM_135,14_19,"Programmheft der Bayreuther Festspiele 1951 zu ""Die Walküre"" Inszenierungsfotos",1951,aus_dokument,programm,de,"1 Blatt, 1 Seite",CN,2026-06-16,"Zurückgestellt, keine Erwähnung Malaniuks",erledigt,,,,,
5,UAKUG/NIM_135,14_20,"Programmheft der Bayreuther Festspiele 1951 zu ""Die Walküre"" Text ""Bayreuther Festspiele 1876""",1951,aus_dokument,programm,de,"1 Blatt, 1 Seite",CN,2026-06-16,"Zurückgestellt, keine Erwähnung Malaniuks",erledigt,,,,,
5,UAKUG/NIM_135,14_21,"Programmheft der Bayreuther Festspiele 1951 zu ""Die Walküre"" Text ""Bayreuther Festspiele 1876""",1951,aus_dokument,programm,de,"1 Blatt, 1 Seite",CN,2026-06-16,"Zurückgestellt, keine Erwähnung Malaniuks",erledigt,,,,,
5,UAKUG/NIM_135,14_22,"Programmheft der Bayreuther Festspiele 1951 zu ""Die Walküre"" Abbildung Walküre Dichtung",1951,aus_dokument,programm,de,"1 Blatt, 1 Seite",CN,2026-06-16,"Zurückgestellt, keine Erwähnung Malaniuks",erledigt,,,,,
5,UAKUG/NIM_135,14_23,"Programmheft der Bayreuther Festspiele 1951 zu ""Die Walküre"" Text: ""Die Gesellschaft der Freunde von Bayreuth""",1951,aus_dokument,programm,de,"1 Blatt, 1 Seite",CN,2026-06-16,"Zurückgestellt, keine Erwähnung Malaniuks",erledigt,,,,,
5,UAKUG/NIM_135,14_24,"Programmheft der Bayreuther Festspiele 1951 zu ""Die Walküre"" Text: ""Die Gesellschaft der Freunde von Bayreuth""",1951,aus_dokument,programm,de,"1 Blatt, 1 Seite",CN,2026-06-16,"Zurückgestellt, keine Erwähnung Malaniuks",erledigt,,,,,
5,UAKUG/NIM_135,14_25,"Programmheft der Bayreuther Festspiele 1951 zu ""Die Walküre"" Text: ""Die Gesellschaft der Freunde von Bayreuth""",1951,aus_dokument,programm,de,"1 Blatt, 1 Seite",CN,2026-06-16,"Zurückgestellt, keine Erwähnung Malaniuks",erledigt,,,,,
5,UAKUG/NIM_135,14_26,"Programmheft der Bayreuther Festspiele 1951 zu ""Die Walküre"" Text: ""Gedanken über das Bayreuther Festspielhaus""",1951,aus_dokument,programm,de,"1 Blatt, 1 Seite",CN,2026-06-16,"Zurückgestellt, keine Erwähnung Malaniuks",erledigt,,,,,
5,UAKUG/NIM_135,14_27,"Programmheft der Bayreuther Festspiele 1951 zu ""Die Walküre"" Spielfolge der Festspiele 1951",1951,aus_dokument,programm,de,"1 Blatt, 1 Seite",CN,2026-06-16,erledigt,erledigt,erledigt,erledigt,erledigt,erledigt,erledigt
5,UAKUG/NIM_135,14_28,"Programmheft der Bayreuther Festspiele 1951 zu ""Die Walküre"" Besetzungszettel",1951,aus_dokument,programm,de,"1 Blatt, 1 Seite",CN,2026-06-16,erledigt,erledigt,erledigt,erledigt,erledigt,erledigt,erledigt
5,UAKUG/NIM_135,14_29,"Programmheft der Bayreuther Festspiele 1951 zu ""Die Walküre"" Werbung",1951,aus_dokument,programm,de,"1 Blatt, 1 Seite",CN,2026-06-16,"Zurückgestellt, keine Erwähnung Malaniuks",erledigt,,,,,
5,UAKUG/NIM_135,14_30,"Programmheft der Bayreuther Festspiele 1951 zu ""Die Walküre"" Werbung",1951,aus_dokument,programm,de,"1 Blatt, 1 Seite",CN,2026-06-16,"Zurückgestellt, keine Erwähnung Malaniuks",erledigt,,,,,
5,UAKUG/NIM_135,14_31,"Programmheft der Bayreuther Festspiele 1951 zu ""Die Walküre"" Werbung",1951,aus_dokument,programm,de,"1 Blatt, 1 Seite",CN,2026-06-16,"Zurückgestellt, keine Erwähnung Malaniuks",erledigt,,,,,
5,UAKUG/NIM_135,14_32,"Programmheft der Bayreuther Festspiele 1951 zu ""Die Walküre"" Werbung",1951,aus_dokument,programm,de,"1 Blatt, 1 Seite",CN,2026-06-16,"Zurückgestellt, keine Erwähnung Malaniuks",erledigt,,,,,
5,UAKUG/NIM_135,14_33,"Programmheft der Bayreuther Festspiele 1951 zu ""Die Walküre"" Werbung",1951,aus_dokument,programm,de,"1 Blatt, 1 Seite",CN,2026-06-16,"Zurückgestellt, keine Erwähnung Malaniuks",erledigt,,,,,
5,UAKUG/NIM_135,14_34,"Programmheft der Bayreuther Festspiele 1951 zu ""Die Walküre"" Werbung",1951,aus_dokument,programm,de,"1 Blatt, 1 Seite",CN,2026-06-16,"Zurückgestellt, keine Erwähnung Malaniuks",erledigt,,,,,
5,UAKUG/NIM_135,14_35,"Programmheft der Bayreuther Festspiele 1951 zu ""Die Walküre"" Werbung",1951,aus_dokument,programm,de,"1 Blatt, 1 Seite",CN,2026-06-16,"Zurückgestellt, keine Erwähnung Malaniuks",erledigt,,,,,
5,UAKUG/NIM_135,14_36,"Programmheft der Bayreuther Festspiele 1951 zu ""Die Walküre"" Werbung",1951,aus_dokument,programm,de,"1 Blatt, 1 Seite",CN,2026-06-16,"Zurückgestellt, keine Erwähnung Malaniuks",erledigt,,,,,
5,UAKUG/NIM_135,14_37,"Programmheft der Bayreuther Festspiele 1951 zu ""Die Walküre"" Werbung",1951,aus_dokument,programm,de,"1 Blatt, 1 Seite",CN,2026-06-16,"Zurückgestellt, keine Erwähnung Malaniuks",erledigt,,,,,
5,UAKUG/NIM_135,14_38,"Programmheft der Bayreuther Festspiele 1951 zu ""Die Walküre"" Werbung",1951,aus_dokument,programm,de,"1 Blatt, 1 Seite",CN,2026-06-16,"Zurückgestellt, keine Erwähnung Malaniuks",erledigt,,,,,
5,UAKUG/NIM_135,14_39,"Programmheft der Bayreuther Festspiele 1951 zu ""Die Walküre"" Werbung",1951,aus_dokument,programm,de,"1 Blatt, 1 Seite",CN,2026-06-16,"Zurückgestellt, keine Erwähnung Malaniuks",erledigt,,,,,
5,UAKUG/NIM_135,14_40,"Programmheft der Bayreuther Festspiele 1951 zu ""Die Walküre"" Werbung",1951,aus_dokument,programm,de,"1 Blatt, 1 Seite",CN,2026-06-16,"Zurückgestellt, keine Erwähnung Malaniuks",erledigt,,,,,
5,UAKUG/NIM_135,14_41,"Programmheft der Bayreuther Festspiele 1951 zu ""Die Walküre"" Werbung",1951,aus_dokument,programm,de,"1 Blatt, 1 Seite",CN,2026-06-16,"Zurückgestellt, keine Erwähnung Malaniuks",erledigt,,,,,
5,UAKUG/NIM_135,14_42,"Programmheft der Bayreuther Festspiele 1951 zu ""Die Walküre"" Werbung",1951,aus_dokument,programm,de,"1 Blatt, 1 Seite",CN,2026-06-16,"Zurückgestellt, keine Erwähnung Malaniuks",erledigt,,,,,
5,UAKUG/NIM_135,14_43,"Programmheft der Bayreuther Festspiele 1951 zu ""Die Walküre"" Werbung",1951,aus_dokument,programm,de,"1 Blatt, 1 Seite",CN,2026-06-16,"Zurückgestellt, keine Erwähnung Malaniuks",erledigt,,,,,
5,UAKUG/NIM_135,14_44,"Programmheft der Bayreuther Festspiele 1951 zu ""Die Walküre"" Werbung",1951,aus_dokument,programm,de,"1 Blatt, 1 Seite",CN,2026-06-16,"Zurückgestellt, keine Erwähnung Malaniuks",erledigt,,,,,
5,UAKUG/NIM_135,14_45,"Programmheft der Bayreuther Festspiele 1951 zu ""Die Walküre"" Werbung",1951,aus_dokument,programm,de,"1 Blatt, 1 Seite",CN,2026-06-16,"Zurückgestellt, keine Erwähnung Malaniuks",erledigt,,,,,
5,UAKUG/NIM_135,14_46,"Programmheft der Bayreuther Festspiele 1951 zu ""Die Walküre"" Werbung",1951,aus_dokument,programm,de,"1 Blatt, 1 Seite",CN,2026-06-16,"Zurückgestellt, keine Erwähnung Malaniuks",erledigt,,,,,
5,UAKUG/NIM_135,14_47,"Programmheft der Bayreuther Festspiele 1951 zu ""Die Walküre"" Werbung",1951,aus_dokument,programm,de,"1 Blatt, 1 Seite",CN,2026-06-16,"Zurückgestellt, keine Erwähnung Malaniuks",erledigt,,,,,
5,UAKUG/NIM_135,14_48,"Programmheft der Bayreuther Festspiele 1951 zu ""Die Walküre"" Werbung",1951,aus_dokument,programm,de,"1 Blatt, 1 Seite",CN,2026-06-16,"Zurückgestellt, keine Erwähnung Malaniuks",erledigt,,,,,
5,UAKUG/NIM_135,20,"Gondroms Festspielmagazin, hg. von Buchhandlung Gondrom Bayreuth 1991",1991,aus_dokument,Chronik,de,,NKS,2026-06-16,Zurückgestellt aus Zeitmangel,,,,,,
5,UAKUG/NIM_136,,1952,1951-01-01/1953-12-31,,presse,,,AV/MS,2016-08-02,,,,,,,
5,UAKUG/NIM_136,95,"Zeitungsausschnitt ""Um einen neuen Wagner Stil"" zu Malaniuk in ""Die Meistersinger"" in Bayreuth 1952",1952-08-09,aus_dokument,presse,de,"1 Blatt, 1 Seite",CN,2026-06-16,erledigt,erledigt,erledigt,erledigt,erledigt,erledigt,erledigt
5,UAKUG/NIM_135,100,Das Musikleben. Monatszeitschrift Mai 1952,1952-05-01/1952-05-31,aus_dokument,musikzeitschrift,de,"19 Blätter, 36 Seiten",CN,2026-06-16,erledigt,erledigt,,,,,
5,UAKUG/NIM_136,100_1,Das Musikleben. Monatszeitschrift Mai 1952. Deckblatt,1952-05-01/1952-05-31,aus_dokument,musikzeitschrift,de,"1 Blatt, 1 Seite",CN,2026-06-16,"Zurückgestellt, weil keine Erwähnung Malaniuks",erledigt,,,,,
5,UAKUG/NIM_136,100_2,"Das Musikleben. Monatszeitschrift Mai 1952. Inhaltsverzeichnis, Randdaten",1952-05-01/1952-05-31,aus_dokument,musikzeitschrift,de,"1 Blatt, 1 Seite",CN,2026-06-16,"Zurückgestellt, weil keine Erwähnung Malaniuks",erledigt,,,,,
5,UAKUG/NIM_136,100_3,"Das Musikleben. Monatszeitschrift Mai 1952. Artikel ""Zum 70. Geburtstag von Igor Strawinsky. Der ""Wüstling"" als Beispiel""",1952-05-01/1952-05-31,aus_dokument,musikzeitschrift,de,"1 Blatt, 1 Seite",CN,2026-06-16,"Zurückgestellt, weil keine Erwähnung Malaniuks",erledigt,,,,,
5,UAKUG/NIM_136,100_4,"Das Musikleben. Monatszeitschrift Mai 1952. Artikel ""Zum 70. Geburtstag von Igor Strawinsky. Der ""Wüstling"" als Beispiel""",1952-05-01/1952-05-31,aus_dokument,musikzeitschrift,de,"1 Blatt, 1 Seite",CN,2026-06-16,"Zurückgestellt, weil keine Erwähnung Malaniuks",erledigt,,,,,
5,UAKUG/NIM_136,100_5,"Das Musikleben. Monatszeitschrift Mai 1952. Artikel ""Zum 70. Geburtstag von Igor Strawinsky. Der ""Wüstling"" als Beispiel""",1952-05-01/1952-05-31,aus_dokument,musikzeitschrift,de,"1 Blatt, 1 Seite",CN,2026-06-16,"Zurückgestellt, weil keine Erwähnung Malaniuks",erledigt,,,,,
5,UAKUG/NIM_136,100_6,"Das Musikleben. Monatszeitschrift Mai 1952. Artikel ""Die Dualität Mozart - Beethoven""",1952-05-01/1952-05-31,aus_dokument,musikzeitschrift,de,"1 Blatt, 1 Seite",CN,2026-06-16,"Zurückgestellt, weil keine Erwähnung Malaniuks",erledigt,,,,,
5,UAKUG/NIM_136,100_7,"Das Musikleben. Monatszeitschrift Mai 1952. Artikel ""Die Dualität Mozart - Beethoven""",1952-05-01/1952-05-31,aus_dokument,musikzeitschrift,de,"1 Blatt, 1 Seite",CN,2026-06-16,"Zurückgestellt, weil keine Erwähnung Malaniuks",erledigt,,,,,
5,UAKUG/NIM_136,100_8,"Das Musikleben. Monatszeitschrift Mai 1952. Artikel ""Die Dualität Mozart - Beethoven"", ""Der Tonmeister - Techniker oder Musiker?""",1952-05-01/1952-05-31,aus_dokument,musikzeitschrift,de,"1 Blatt, 1 Seite",CN,2026-06-16,"Zurückgestellt, weil keine Erwähnung Malaniuks",erledigt,,,,,
5,UAKUG/NIM_136,100_9,"Das Musikleben. Monatszeitschrift Mai 1952. Artikel ""Der Tonmeister - Techniker oder Musiker?""",1952-05-01/1952-05-31,aus_dokument,musikzeitschrift,de,"1 Blatt, 1 Seite",CN,2026-06-16,"Zurückgestellt, weil keine Erwähnung Malaniuks",erledigt,,,,,
5,UAKUG/NIM_136,100_10,"Das Musikleben. Monatszeitschrift Mai 1952. Artikel ""Der Tonmeister - Techniker oder Musiker?"", ""Gerechtigkeit für Regers Orgeschaffen""",1952-05-01/1952-05-31,aus_dokument,musikzeitschrift,de,"1 Blatt, 1 Seite",CN,2026-06-16,"Zurückgestellt, weil keine Erwähnung Malaniuks",erledigt,,,,,
5,UAKUG/NIM_136,100_11,"Das Musikleben. Monatszeitschrift Mai 1952. Artikel ""Gerechtigkeit für Regers Orgeschaffen""",1952-05-01/1952-05-31,aus_dokument,musikzeitschrift,de,"1 Blatt, 1 Seite",CN,2026-06-16,"Zurückgestellt, weil keine Erwähnung Malaniuks",erledigt,,,,,
5,UAKUG/NIM_136,100_12,"Das Musikleben. Monatszeitschrift Mai 1952. Artikel ""Gerechtigkeit für Regers Orgeschaffen""",1952-05-01/1952-05-31,aus_dokument,musikzeitschrift,de,"1 Blatt, 1 Seite",CN,2026-06-16,"Zurückgestellt, weil keine Erwähnung Malaniuks",erledigt,,,,,
5,UAKUG/NIM_136,100_13,"Das Musikleben. Monatszeitschrift Mai 1952. Artikel ""Gerechtigkeit für Regers Orgeschaffen""",1952-05-01/1952-05-31,aus_dokument,musikzeitschrift,de,"1 Blatt, 1 Seite",CN,2026-06-16,"Zurückgestellt, weil keine Erwähnung Malaniuks",erledigt,,,,,
5,UAKUG/NIM_136,100_14,"Das Musikleben. Monatszeitschrift Mai 1952. Artikel ""Gerechtigkeit für Regers Orgeschaffen"", ""Alte Meister: Antonio Vivaldi, der große Anreger des 18. Jahrhunderts""",1952-05-01/1952-05-31,aus_dokument,musikzeitschrift,de,"1 Blatt, 1 Seite",CN,2026-06-16,"Zurückgestellt, weil keine Erwähnung Malaniuks",erledigt,,,,,
5,UAKUG/NIM_136,100_15,"Das Musikleben. Monatszeitschrift Mai 1952. Artikel ""Alte Meister: Antonio Vivaldi, der große Anreger des 18. Jahrhunderts""",1952-05-01/1952-05-31,aus_dokument,musikzeitschrift,de,"1 Blatt, 1 Seite",CN,2026-06-16,"Zurückgestellt, weil keine Erwähnung Malaniuks",erledigt,,,,,
5,UAKUG/NIM_136,100_16,"Das Musikleben. Monatszeitschrift Mai 1952. Artikel ""Alte Meister: Antonio Vivaldi, der große Anreger des 18. Jahrhunderts"", Bericht Kranichsteiner Ferienkurse 1952",1952-05-01/1952-05-31,aus_dokument,musikzeitschrift,de,"1 Blatt, 1 Seite",CN,2026-06-16,"Zurückgestellt, weil keine Erwähnung Malaniuks",erledigt,,,,,
5,UAKUG/NIM_136,100_17,"Das Musikleben. Monatszeitschrift Mai 1952 Berichte ""Hindemith dirigiert Hindemith"", ""Ein Buch und ein Vortrag von Hindemith""",1952-05-01/1952-05-31,aus_dokument,musikzeitschrift,de,"1 Blatt, 1 Seite",CN,2026-06-16,"Zurückgestellt, weil keine Erwähnung Malaniuks",erledigt,,,,,
5,UAKUG/NIM_136,100_18,"Das Musikleben. Monatszeitschrift Mai 1952 Berichte ""Ein Buch und ein Vortrag von Hindemith"", ""Kammermusikfest Paul Hindemith""",1952-05-01/1952-05-31,aus_dokument,musikzeitschrift,de,"1 Blatt, 1 Seite",CN,2026-06-16,"Zurückgestellt, weil keine Erwähnung Malaniuks",erledigt,,,,,
5,UAKUG/NIM_136,100_19,"Das Musikleben. Monatszeitschrift Mai 1952 Berichte ""Werner Egks ""Peer Gynt"" in der Bayerischen Staatsoper"", """"Iwan"", Bizets spät entdeckte Oper""",1952-05-01/1952-05-31,aus_dokument,musikzeitschrift,de,"1 Blatt, 1 Seite",CN,2026-06-16,"Zurückgestellt, weil keine Erwähnung Malaniuks",erledigt,,,,,
5,UAKUG/NIM_136,100_20,"Das Musikleben. Monatszeitschrift Mai 1952 Berichte """"Iwan"", Bizets spät entdeckte Oper"", ""Casellas ""Missa solemnis pro pace"""", ""Eine Totenmesse von Joseph Haas""",1952-05-01/1952-05-31,aus_dokument,musikzeitschrift,de,"1 Blatt, 1 Seite",CN,2026-06-16,"Zurückgestellt, weil keine Erwähnung Malaniuks",erledigt,,,,,
5,UAKUG/NIM_136,100_21,"Das Musikleben. Monatszeitschrift Mai 1952 Berichte ""Eine Totenmesse von Joseph Haas"", ""Halévys ""Jüdin"" in neuer Fassung""",1952-05-01/1952-05-31,aus_dokument,musikzeitschrift,de,"1 Blatt, 1 Seite",CN,2026-06-16,"Zurückgestellt, weil keine Erwähnung Malaniuks",erledigt,,,,,
5,UAKUG/NIM_136,100_22,"Das Musikleben. Monatszeitschrift Mai 1952 Bericht ""Radio Bremen - zielbewusster Wegbereiter neuer Musik""",1952-05-01/1952-05-31,aus_dokument,musikzeitschrift,de,"1 Blatt, 1 Seite",CN,2026-06-16,"Zurückgestellt, weil keine Erwähnung Malaniuks",erledigt,,,,,
5,UAKUG/NIM_136,100_23,"Das Musikleben. Monatszeitschrift Mai 1952 Bericht "" ""Leonore 40/45"" in Basel""",1952-05-01/1952-05-31,aus_dokument,musikzeitschrift,de,"1 Blatt, 1 Seite",CN,2026-06-16,"Zurückgestellt, weil keine Erwähnung Malaniuks",erledigt,,,,,
5,UAKUG/NIM_136,100_24,"Das Musikleben. Monatszeitschrift Mai 1952 Bericht ""Milhaud und Honegger - sechzig"", ""Bayreuth in Neapel""",1952-05-01/1952-05-31,aus_dokument,musikzeitschrift,de,"1 Blatt, 1 Seite",CN,2026-06-16,begonnen,erledigt,,,,,
5,UAKUG/NIM_136,100_25,"Das Musikleben. Monatszeitschrift Mai 1952 Bericht ""Bayreuth in Neapel"", ""Musikleben-Rundschau""",1952-05-01/1952-05-31,aus_dokument,musikzeitschrift,de,"1 Blatt, 1 Seite",CN,2026-06-16,begonnen,erledigt,,,,,
5,UAKUG/NIM_136,100_26,"Das Musikleben. Monatszeitschrift Mai 1952 Bericht ""Musikleben-Rundschau"", ""Gedanken zu Hindemith-Aufführungen""",1952-05-01/1952-05-31,aus_dokument,musikzeitschrift,de,"1 Blatt, 1 Seite",CN,2026-06-16,"Zurückgestellt, weil keine Erwähnung Malaniuks",erledigt,,,,,
5,UAKUG/NIM_136,100_27,"Das Musikleben. Monatszeitschrift Mai 1952 Bericht, Buch-, Noten und Schallplatten",1952-05-01/1952-05-31,aus_dokument,musikzeitschrift,de,"1 Blatt, 1 Seite",CN,2026-06-16,"Zurückgestellt, weil keine Erwähnung Malaniuks",erledigt,,,,,
5,UAKUG/NIM_136,100_28,"Das Musikleben. Monatszeitschrift Mai 1952 Bericht, Buch-, Noten und Schallplatten",1952-05-01/1952-05-31,aus_dokument,musikzeitschrift,de,"1 Blatt, 1 Seite",CN,2026-06-16,"Zurückgestellt, weil keine Erwähnung Malaniuks",erledigt,,,,,
5,UAKUG/NIM_136,100_29,"Das Musikleben. Monatszeitschrift Mai 1952 Bericht, Buch-, Noten und Schallplatten, ""Nachrichten aus dem Musikleben""",1952-05-01/1952-05-31,aus_dokument,musikzeitschrift,de,"1 Blatt, 1 Seite",CN,2026-06-16,"Zurückgestellt, weil keine Erwähnung Malaniuks",erledigt,,,,,
5,UAKUG/NIM_136,100_30,"Das Musikleben. Monatszeitschrift Mai 1952 Bericht ""Nachrichten aus dem Musikleben""",1952-05-01/1952-05-31,aus_dokument,musikzeitschrift,de,"1 Blatt, 1 Seite",CN,2026-06-16,"Zurückgestellt, weil keine Erwähnung Malaniuks",erledigt,,,,,
5,UAKUG/NIM_136,100_31,Das Musikleben. Monatszeitschrift Mai 1952 Werbung,1952-05-01/1952-05-31,aus_dokument,musikzeitschrift,de,"1 Blatt, 1 Seite",CN,2026-06-16,"Zurückgestellt, weil keine Erwähnung Malaniuks",erledigt,,,,,
5,UAKUG/NIM_136,100_32,"Das Musikleben. Monatszeitschrift Mai 1952 ""Künstleranzeigen, Stellenangebote""",1952-05-01/1952-05-31,aus_dokument,musikzeitschrift,de,"1 Blatt, 1 Seite",CN,2026-06-16,"Zurückgestellt, weil keine Erwähnung Malaniuks",erledigt,,,,,
5,UAKUG/NIM_136,100_33,"Das Musikleben. Monatszeitschrift Mai 1952 ""Künstleranzeigen, Stellenangebote""",1952-05-01/1952-05-31,aus_dokument,musikzeitschrift,de,"1 Blatt, 1 Seite",CN,2026-06-16,"Zurückgestellt, weil keine Erwähnung Malaniuks",erledigt,,,,,
5,UAKUG/NIM_136,100_34,Das Musikleben. Monatszeitschrift Mai 1952 Werbung,1952-05-01/1952-05-31,aus_dokument,musikzeitschrift,de,"1 Blatt, 1 Seite",CN,2026-06-16,"Zurückgestellt, weil keine Erwähnung Malaniuks",erledigt,,,,,
5,UAKUG/NIM_136,100_35,Das Musikleben. Monatszeitschrift Mai 1952 Werbung,1952-05-01/1952-05-31,aus_dokument,musikzeitschrift,de,"1 Blatt, 1 Seite",CN,2026-06-16,"Zurückgestellt, weil keine Erwähnung Malaniuks",erledigt,,,,,
5,UAKUG/NIM_136,100_36,Das Musikleben. Monatszeitschrift Mai 1952 Werbung,1952-05-01/1952-05-31,aus_dokument,musikzeitschrift,de,"1 Blatt, 1 Seite",CN,2026-06-16,"Zurückgestellt, weil keine Erwähnung Malaniuks",erledigt,,,,,
5,UAKUG/NIM_137,,1953 / Bayreuth,1953-01-01/1953-12-31,,presse,,,AV/MS,2016-08-02,,,,,,,
5,UAKUG/NIM_137,1,"Zeitungsausschnitt ""Die 'Neunte' unter Hindemith"" in: Die Neue Zeitung 1953",1953-08-13,aus_dokument,presse,de,"1 Blatt, 1 Seite",NKS,2026-06-16,erledigt,erledigt,erledigt,erledigt,erledigt,erledigt,erledigt
5,UAKUG/NIM_137,,,,,,,,,,,,,,,,
,,,,,,,,,,,,,,,,,
5,UAKUG/NIM_137,,,,,,,,,,,,,,,,
5,UAKUG/NIM_137,3,"Programmheft zu Beethovens ""Neunte Symphonie"" bei den Bayreuther Festspiele 1953",1953,aus_dokument,programm,"de, en, fr",1Blatt 1 Seiten,QH,2026-06-15,begonnen,erledigt,erledigt,erledigt,erledigt,erledigt,erledigt
5,UAKUG/NIM_137,3_1,"Programmheft zu Beethovens ""Neunte Symphonie"" bei den Bayreuther Festspiele 1953",1953,aus_dokument,programm,"de, en, fr",42 Seiten,QH,2026-06-15,begonnen,erledigt,erledigt,erledigt,erledigt,erledigt,erledigt
5,UAKUG/NIM_137,3_22,"Programmheft zu Beethovens ""Neunte Symphonie"" bei den Bayreuther Festspiele 1953",1953,aus_dokument,programm,"de, en, fr",1Blatt 1 Seiten,QH,2026-06-15,begonnen,erledigt,erledigt,erledigt,erledigt,erledigt,erledigt
5,UAKUG/NIM_137,,,,,,,,,,,,,,,,
5,UAKUG/NIM_137,,,,,,,,,,,,,,,,
5,UAKUG/NIM_137,7,"Programmheft zu Wagners ""das Reihngold"" bei den Bayreuther Festspiele 1953",1953,aus_dokument,programm,"de, en, fr",,QH,2026-06-15,begonnen,,erledigt,erledigt,erledigt,erledigt,erledigt
5,UAKUG/NIM_137,8,"Programmheft zu Wagners ""die Walküre"" bei den Bayreuther Festspiele 1953",1953,aus_dokument,programm,"de, en, fr",,QH,2026-06-15,begonnen,,erledigt,erledigt,erledigt,erledigt,begonnen
5,UAKUG/NIM_137,9,"Programmheft zu Wagners ""Siegfreid"" bei den Bayreuther Festspiele 1953",1953,aus_dokument,programm,"de, en, fr",,QH,2026-06-15,begonnen,,erledigt,erledigt,erledigt,erledigt,begonnen
5,UAKUG/NIM_137,10,"Programmheft zu Wagners ""Götterdämmerung"" bei den Bayreuther Festspiele 1953",1953,aus_dokument,programm,"de, en, fr",,QH,2026-06-15,begonnen,,erledigt,erledigt,erledigt,erledigt,begonnen
5,UAKUG/NIM_137,11,"Programmheft zu Wagners ""Tristan und Isolde"" bei den Bayreuther Festspiele 1953",1953,aus_dokument,programm,"de, en, fr",,QH,2026-06-16,begonnen,,erledigt,erledigt,erledigt,erledigt,begonnen
,,11_62,,,,,,,,,,,,,,,
5,UAKUG/NIM_137,12_1,"Heft: ""Die Mitwirkenden der Bayreuther Festspiele 1953",1953,aus_dokument,presse,"de, en, fr",,QH,2026-06-16,begonnen,,erledigt,erledigt,erledigt,begonnen,begonnen
5,UAKUG/NIM_137,12_2,"Heft: ""Die Mitwirkenden der Bayreuther Festspiele 1953",1953,aus_dokument,presse,"de, en, fr",,QH,2026-06-16,begonnen,,erledigt,erledigt,erledigt,begonnen,begonnen
5,UAKUG/NIM_137,12_3,"Heft: ""Die Mitwirkenden der Bayreuther Festspiele 1953",1953,aus_dokument,presse,"de, en, fr",,QH,2026-06-16,begonnen,,erledigt,erledigt,erledigt,begonnen,begonnen
5,UAKUG/NIM_137,12_4,Fotos und Namen der Gesamtleitung und Inszenierung der Bayreuther Festspiele 1953,1953,aus_dokument,presse,"de, en, fr",,QH,2026-06-16,begonnen,,erledigt,erledigt,erledigt,begonnen,begonnen
5,UAKUG/NIM_137,12_5,Fotos und Namen der musikalischer Leitung der Bayreuther Festspiele 1953,1953,aus_dokument,presse,"de, en, fr",,QH,2026-06-16,begonnen,,erledigt,erledigt,erledigt,begonnen,begonnen
5,UAKUG/NIM_137,12_6,Fotos und Namen der musikalischer Leitung der Bayreuther Festspiele 1953,1953,aus_dokument,presse,"de, en, fr",,QH,2026-06-16,begonnen,,erledigt,erledigt,erledigt,begonnen,begonnen
5,UAKUG/NIM_137,12_7,Fotos und Namen der musikalischer Leitung der Bayreuther Festspiele 1953,1953,aus_dokument,presse,"de, en, fr",,QH,2026-06-16,begonnen,,erledigt,erledigt,erledigt,begonnen,begonnen
5,UAKUG/NIM_137,12_8,Fotos und Namen der Solorepetitoren und musikalischer Assistenz der Bayreuther Festspiele 1953,1953,aus_dokument,presse,"de, en, fr",,QH,2026-06-16,begonnen,,erledigt,erledigt,erledigt,begonnen,begonnen
5,UAKUG/NIM_137,12_9,Fotos und Namen der Solorepetitoren und musikalischer Assistenz der Bayreuther Festspiele 1953,1953,aus_dokument,presse,"de, en, fr",,QH,2026-06-16,begonnen,,erledigt,erledigt,erledigt,begonnen,begonnen
5,UAKUG/NIM_137,12_10,Fotos und Namen der Solorepetitoren und musikalischer Assistenz der Bayreuther Festspiele 1953,1953,aus_dokument,presse,"de, en, fr",,QH,2026-06-16,begonnen,,erledigt,erledigt,erledigt,begonnen,begonnen
5,UAKUG/NIM_137,12_11,Fotos und Namen der Solorepetitoren und musikalischer Assistenz der Bayreuther Festspiele 1953,1953,aus_dokument,presse,"de, en, fr",,QH,2026-06-16,begonnen,,erledigt,erledigt,erledigt,begonnen,begonnen
5,UAKUG/NIM_137,12_12,,,,,,,,,,,,,,,
5,UAKUG/NIM_137,12_13,,,,,,,,,,,,,,,
5,UAKUG/NIM_137,12_14,,,,,,,,,,,,,,,
5,UAKUG/NIM_137,12_15,,,,,,,,,,,,,,,
5,UAKUG/NIM_137,12_16,,,,,,,,,,,,,,,
5,UAKUG/NIM_137,12_17,,,,,,,,,,,,,,,
5,UAKUG/NIM_137,12_18,,,,,,,,,,,,,,,
5,UAKUG/NIM_137,12_19,,,,,,,,,,,,,,,
5,UAKUG/NIM_137,12_20,,,,,,,,,,,,,,,
5,UAKUG/NIM_137,12_21,,,,,,,,,,,,,,,
5,UAKUG/NIM_137,12_22,,,,,,,,,,,,,,,
5,UAKUG/NIM_137,12_23,,,,,,,,,,,,,,,
5,UAKUG/NIM_137,12_24,,,,,,,,,,,,,,,
5,UAKUG/NIM_137,12_25,,,,,,,,,,,,,,,
5,UAKUG/NIM_137,12_26,,,,,,,,,,,,,,,
5,UAKUG/NIM_137,12_27,,,,,,,,,,,,,,,
5,UAKUG/NIM_137,12_28,,,,,,,,,,,,,,,
5,UAKUG/NIM_137,12_29,,,,,,,,,,,,,,,
5,UAKUG/NIM_137,12_30,,,,,,,,,,,,,,,
5,UAKUG/NIM_137,12_31,,,,,,,,,,,,,,,
5,UAKUG/NIM_137,12_32,,,,,,,,,,,,,,,
5,UAKUG/NIM_137,12_33,,,,,,,,,,,,,,,
5,UAKUG/NIM_137,12_34,,,,,,,,,,,,,,,
5,UAKUG/NIM_137,12_35,,,,,,,,,,,,,,,
5,UAKUG/NIM_137,12_36,,,,,,,,,,,,,,,
5,UAKUG/NIM_137,12_37,,,,,,,,,,,,,,,
5,UAKUG/NIM_137,12_38,,,,,,,,,,,,,,,
5,UAKUG/NIM_137,12_39,,,,,,,,,,,,,,,
5,UAKUG/NIM_137,12_40,,,,,,,,,,,,,,,
5,UAKUG/NIM_137,12_41,,,,,,,,,,,,,,,
5,UAKUG/NIM_137,12_42,,,,,,,,,,,,,,,
,UAKUG/NIM_137,13,"Zeitungsausschnitt ""In Bayreuth 'Tristan' unter Jochum"", in: Süddeutsche Zeitung 1953",1953-08-01,aus_dokument,presse,de,"1 Blatt, 1 Seite",NKS,2026-06-16,erledigt,erledigt,erledigt,erledigt,erledigt,erledigt,erledigt
5,UAKUG/NIM_137,14,"Zeitungsausschnitt ""Der erste 'Ring'-Zyklus in Bayreuth hat begonnen in: Wiener Kurier 1953",1953-07-30,aus_dokument,presse,de,"1 Blatt, 1 Seite",NKS,2026-06-16,erledigt,erledigt,erledigt,erledigt,erledigt,erledigt,erledigt
,,,,,,,,,,,,,,,,,
,,,,,,,,,,,,,,,,,
,,,,,,,,,,,,,,,,,
5,UAKUG/NIM_137,15_1,"Bayreuther Tagblatt Festspiel Nachrichten mit Foto_Zeitungskritik ""'Rheingold' mit der neuen Lichtorgel"" von Erich Rappl, 26.07.1953",1953-07-26,aus_dokument,presse,de,2 Seiten,NKS,2026-06-15,erledigt,erledigt,erledigt,erledigt,erledigt,erledigt,erledigt
5,UAKUG/NIM_137,15_2,"Bayreuther Tagblatt Festspiel Nachrichten Zeitungskritik ""'Rheingold' mit der neuen Lichtorgel"" von Erich Rappl, 26.07.1953",1953-07-26,aus_dokument,presse,de,1 Seite,NKS,2026-06-15,erledigt,erledigt,erledigt,erledigt,erledigt,erledigt,erledigt
5,UAKUG/NIM_137,15_3,"Aufführungsankündigung in Festspiel Nachrichten ""Bayreuther Tagblatt""",1953-07-26,aus_dokument,presse,de,1 Seite,NKS,2026-06-15,erledigt,erledigt,erledigt,erledigt,erledigt,erledigt,erledigt
,UAKUG/NIM_137,15_4,"Aufführungsankündigung in Festspiel Nachrichten ""Bayreuther Tagblatt"" ohne IM-Bezug",1953-07-26,aus_dokument,presse,de,,NKS,2026-06-15,"zurückgestellt, da irrelevant",unbearbeitet,unbearbeitet,unbearbeitet,unbearbeitet,unbearbeitet,unbearbeitet
5,UAKUG/NIM_137,20,"Zeitungsausschnitt ""Der Bayreuther 'Ring' 1953",1953,aus_dokument,presse,de,"1 Blatt, 1 Seite",NKS,2026-06-16,Zurückgestellt aus Zeitmangel (IM erwähnt),unbearbeitet,unbearbeitet,unbearbeitet,unbearbeitet,unbearbeitet,unbearbeitet
5,UAKUG/NIM_138,,,,,,,,,,,,,,,,
6,UAKUG/NIM_139,,1956,1956-01-01/1956-12-31,,presse,,,AV/MS,2016-08-03,,,,,,,
6,UAKUG/NIM_139,1,,,,,,,,,,,,,,,
6,UAKUG/NIM_139,2,,,,,,,,,,,,,,,
6,UAKUG/NIM_139,3,,,,,,,,,,,,,,,
6,UAKUG/NIM_139,4,,,,,,,,,,,,,,,
6,UAKUG/NIM_139,5,,,,,,,,,,,,,,,
6,UAKUG/NIM_139,6,,,,,,,,,,,,,,,
6,UAKUG/NIM_139,7,,,,,,,,,,,,,,,
6,UAKUG/NIM_139,8,,,,,,,,,,,,,,,
6,UAKUG/NIM_139,9,,,,,,,,,,,,,,,
6,UAKUG/NIM_139,10,,,,,,,,,,,,,,,
6,UAKUG/NIM_139,11,,,,,,,,,,,,,,,
6,UAKUG/NIM_139,12,,,,,,,,,,,,,,,
6,UAKUG/NIM_139,13,,,,,,,,,,,,,,,
6,UAKUG/NIM_139,14,,,,,,,,,,,,,,,
6,UAKUG/NIM_139,15,,,,,,,,,,,,,,,
6,UAKUG/NIM_139,16,,,,,,,,,,,,,,,
6,UAKUG/NIM_139,17,,,,,,,,,,,,,,,
6,UAKUG/NIM_139,18,,,,,,,,,,,,,,,
6,UAKUG/NIM_139,19,,,,,,,,,,,,,,,
6,UAKUG/NIM_139,20,,,,,,,,,,,,,,,
6,UAKUG/NIM_139,21,,,,,,,,,,,,,,,
6,UAKUG/NIM_139,22,,,,,,,,,,,,,,,
6,UAKUG/NIM_139,23,,,,,,,,,,,,,,,
6,UAKUG/NIM_139,24,,,,,,,,,,,,,,,
6,UAKUG/NIM_139,25,,,,,,,,,,,,,,,
6,UAKUG/NIM_139,26,,,,,,,,,,,,,,,
6,UAKUG/NIM_139,27,,,,,,,,,,,,,,,
6,UAKUG/NIM_139,28,,,,,,,,,,,,,,,
6,UAKUG/NIM_139,29,,,,,,,,,,,,,,,
6,UAKUG/NIM_139,30,,,,,,,,,,,,,,,
6,UAKUG/NIM_139,31,,,,,,,,,,,,,,,
6,UAKUG/NIM_139,32,,,,,,,,,,,,,,,
6,UAKUG/NIM_139,33,,,,,,,,,,,,,,,
6,UAKUG/NIM_139,34,,,,,,,,,,,,,,,
6,UAKUG/NIM_139,35,,,,,,,,,,,,,,,
6,UAKUG/NIM_139,36,,,,,,,,,,,,,,,
6,UAKUG/NIM_139,37,,,,,,,,,,,,,,,
6,UAKUG/NIM_139,38,,,,,,,,,,,,,,,
6,UAKUG/NIM_139,39,,,,,,,,,,,,,,,
6,UAKUG/NIM_139,40,,,,,,,,,,,,,,,
6,UAKUG/NIM_139,41,,,,,,,,,,,,,,,
6,UAKUG/NIM_139,42,,,,,,,,,,,,,,,
6,UAKUG/NIM_139,43,,,,,,,,,,,,,,,
6,UAKUG/NIM_139,44,,,,,,,,,,,,,,,
6,UAKUG/NIM_139,45,,,,,,,,,,,,,,,
6,UAKUG/NIM_139,46,,,,,,,,,,,,,,,
6,UAKUG/NIM_139,47,,,,,,,,,,,,,,,
6,UAKUG/NIM_139,48,,,,,,,,,,,,,,,
6,UAKUG/NIM_139,49,,,,,,,,,,,,,,,
6,UAKUG/NIM_139,50,,,,,,,,,,,,,,,
6,UAKUG/NIM_139,51,,,,,,,,,,,,,,,
6,UAKUG/NIM_139,52,,,,,,,,,,,,,,,
6,UAKUG/NIM_139,53,,,,,,,,,,,,,,,
6,UAKUG/NIM_139,54,,,,,,,,,,,,,,,
6,UAKUG/NIM_139,55,,,,,,,,,,,,,,,
6,UAKUG/NIM_139,56,,,,,,,,,,,,,,,
6,UAKUG/NIM_139,57,,,,,,,,,,,,,,,
6,UAKUG/NIM_139,58,,,,,,,,,,,,,,,
6,UAKUG/NIM_139,59,,,,,,,,,,,,,,,
6,UAKUG/NIM_139,60,,,,,,,,,,,,,,,
6,UAKUG/NIM_139,61,,,,,,,,,,,,,,,
6,UAKUG/NIM_139,62,,,,,,,,,,,,,,,
6,UAKUG/NIM_139,63,,,,,,,,,,,,,,,
6,UAKUG/NIM_139,64,,,,,,,,,,,,,,,
6,UAKUG/NIM_139,65,,,,,,,,,,,,,,,
6,UAKUG/NIM_139,66,,,,,,,,,,,,,,,
6,UAKUG/NIM_139,67,,,,,,,,,,,,,,,
6,UAKUG/NIM_139,68,,,,,,,,,,,,,,,
6,UAKUG/NIM_139,69,,,,,,,,,,,,,,,
6,UAKUG/NIM_139,70,,,,,,,,,,,,,,,
6,UAKUG/NIM_139,71,,,,,,,,,,,,,,,
6,UAKUG/NIM_139,72,,,,,,,,,,,,,,,
6,UAKUG/NIM_139,73,,,,,,,,,,,,,,,
6,UAKUG/NIM_139,74,,,,,,,,,,,,,,,
6,UAKUG/NIM_139,75,,,,,,,,,,,,,,,
6,UAKUG/NIM_139,76,,,,,,,,,,,,,,,
6,UAKUG/NIM_139,77,,,,,,,,,,,,,,,
6,UAKUG/NIM_139,78,,,,,,,,,,,,,,,
6,UAKUG/NIM_139,79,,,,,,,,,,,,,,,
6,UAKUG/NIM_139,80,,,,,,,,,,,,,,,
6,UAKUG/NIM_139,81,,,,,,,,,,,,,,,
6,UAKUG/NIM_139,82,,,,,,,,,,,,,,,
6,UAKUG/NIM_139,83,,,,,,,,,,,,,,,
6,UAKUG/NIM_139,84,,,,,,,,,,,,,,,
6,UAKUG/NIM_139,85,,,,,,,,,,,,,,,
6,UAKUG/NIM_139,86,,,,,,,,,,,,,,,
6,UAKUG/NIM_139,87,,,,,,,,,,,,,,,
6,UAKUG/NIM_139,88,,,,,,,,,,,,,,,
6,UAKUG/NIM_139,89,,,,,,,,,,,,,,,
6,UAKUG/NIM_139,90,,,,,,,,,,,,,,,
6,UAKUG/NIM_139,91,,,,,,,,,,,,,,,
6,UAKUG/NIM_139,92,,,,,,,,,,,,,,,
6,UAKUG/NIM_139,93,,,,,,,,,,,,,,,
6,UAKUG/NIM_139,94,,,,,,,,,,,,,,,
6,UAKUG/NIM_139,95,,,,,,,,,,,,,,,
6,UAKUG/NIM_139,96,,,,,,,,,,,,,,,
6,UAKUG/NIM_139,97,,,,,,,,,,,,,,,
6,UAKUG/NIM_139,98,,,,,,,,,,,,,,,
6,UAKUG/NIM_139,99,,,,,,,,,,,,,,,
6,UAKUG/NIM_139,100,,,,,,,,,,,,,,,
6,UAKUG/NIM_139,101,,,,,,,,,,,,,,,
6,UAKUG/NIM_139,102,,,,,,,,,,,,,,,
6,UAKUG/NIM_139,103,,,,,,,,,,,,,,,
6,UAKUG/NIM_139,104,Programmflyer zur Aufführung von Tristan und Isolde der RAI am 20. Januar 1956,,unbekannt,programm,it,"1 Blatt, 2 Seiten",CN,2026-06-15,erledigt,erledigt,erledigt,erledigt,erledigt,erledigt,erledigt
6,UAKUG/NIM_139,105,,,,,,,,,,,,,,,
6,UAKUG/NIM_139,106,,,,,,,,,,,,,,,
6,UAKUG/NIM_139,107,,,,,,,,,,,,,,,
6,UAKUG/NIM_139,108,,,,,,,,,,,,,,,
6,UAKUG/NIM_139,109,"Programmheft zu ""Tristan und Isolde"" am Théatre National de l'Opéra im Mai 1956",,unbekannt,programm,fr,"12 Blätter, 21 Seiten",CN,2026-06-15,erledigt,erledigt,,,,,
6,UAKUG/NIM_139,109_1,"Programmheft zu ""Tristan und Isolde"" am Théatre National de l'Opéra im Mai 1956 Umschlag",,unbekannt,programm,fr,"1 Blatt, 1 Seite",CN,2026-06-15,"zurückgestellt, weil keine Erwähnung I.M.",erledigt,,,,,
6,UAKUG/NIM_139,109_2,"Programmheft zu ""Tristan und Isolde"" am Théatre National de l'Opéra im Mai 1956 Titelseite",,unbekannt,programm,fr,"1 Blatt, 1 Seite",CN,2026-06-15,erledigt,erledigt,erledigt,erledigt,erledigt,erledigt,erledigt
6,UAKUG/NIM_139,109_3,"Programmheft zu ""Tristan und Isolde"" am Théatre National de l'Opéra im Mai 1956 Werbung",,unbekannt,programm,fr,"1 Blatt, 1 Seite",CN,2026-06-15,"zurückgestellt, weil keine Erwähnung I.M.",erledigt,,,,,
6,UAKUG/NIM_139,109_4,"Programmheft zu ""Tristan und Isolde"" am Théatre National de l'Opéra im Mai 1956 Foto H. Knappertsbusch, A. Varnay",,unbekannt,programm,fr,"1 Blatt, 1 Seite",CN,2026-06-15,"zurückgestellt, weil keine Erwähnung I.M.",erledigt,,,,,
6,UAKUG/NIM_139,109_5,"Programmheft zu ""Tristan und Isolde"" am Théatre National de l'Opéra im Mai 1956 Werbung",,unbekannt,programm,fr,"1 Blatt, 1 Seite",CN,2026-06-15,"zurückgestellt, weil keine Erwähnung I.M.",erledigt,,,,,
6,UAKUG/NIM_139,109_6,"Programmheft zu ""Tristan und Isolde"" am Théatre National de l'Opéra im Mai 1956 Foto L. Suthaus, I. Malaniuk",,unbekannt,programm,fr,"1 Blatt, 1 Seite",CN,2026-06-15,erledigt,erledigt,erledigt,erledigt,erledigt,erledigt,erledigt
6,UAKUG/NIM_139,109_7,"Programmheft zu ""Tristan und Isolde"" am Théatre National de l'Opéra im Mai 1956 Werbung",,unbekannt,programm,fr,"1 Blatt, 1 Seite",CN,2026-06-15,"zurückgestellt, weil keine Erwähnung I.M.",erledigt,,,,,
6,UAKUG/NIM_139,109_8,"Programmheft zu ""Tristan und Isolde"" am Théatre National de l'Opéra im Mai 1956 Zusammenfassung frz.",,unbekannt,programm,fr,"1 Blatt, 1 Seite",CN,2026-06-15,"zurückgestellt, weil keine Erwähnung I.M.",erledigt,,,,,
6,UAKUG/NIM_139,109_9,"Programmheft zu ""Tristan und Isolde"" am Théatre National de l'Opéra im Mai 1956 Werbung",,unbekannt,programm,fr,"1 Blatt, 1 Seite",CN,2026-06-15,"zurückgestellt, weil keine Erwähnung I.M.",erledigt,,,,,
6,UAKUG/NIM_139,109_10,"Programmheft zu ""Tristan und Isolde"" am Théatre National de l'Opéra im Mai 1956 Zusammenfassung frz.",,unbekannt,programm,fr,"1 Blatt, 1 Seite",CN,2026-06-15,"zurückgestellt, weil keine Erwähnung I.M.",erledigt,,,,,
6,UAKUG/NIM_139,109_11,"Programmheft zu ""Tristan und Isolde"" am Théatre National de l'Opéra im Mai 1956 Werbung",,unbekannt,programm,fr,"1 Blatt, 1 Seite",CN,2026-06-15,"zurückgestellt, weil keine Erwähnung I.M.",erledigt,,,,,
6,UAKUG/NIM_139,109_12,"Programmheft zu ""Tristan und Isolde"" am Théatre National de l'Opéra im Mai 1956 Besetzung",,unbekannt,programm,fr,"1 Blatt, 1 Seite",CN,2026-06-15,erledigt,erledigt,erledigt,erledigt,erledigt,erledigt,erledigt
6,UAKUG/NIM_139,109_13,"Programmheft zu ""Tristan und Isolde"" am Théatre National de l'Opéra im Mai 1956 Werbung",,unbekannt,programm,fr,"1 Blatt, 1 Seite",CN,2026-06-15,"zurückgestellt, weil keine Erwähnung I.M.",erledigt,,,,,
6,UAKUG/NIM_139,109_14,"Programmheft zu ""Tristan und Isolde"" am Théatre National de l'Opéra im Mai 1956 Besetzung",,unbekannt,programm,fr,"1 Blatt, 1 Seite",CN,2026-06-15,erledigt,erledigt,erledigt,erledigt,erledigt,erledigt,erledigt
6,UAKUG/NIM_139,109_15,"Programmheft zu ""Tristan und Isolde"" am Théatre National de l'Opéra im Mai 1956 Werbung",,unbekannt,programm,fr,"1 Blatt, 1 Seite",CN,2026-06-15,"zurückgestellt, weil keine Erwähnung I.M.",erledigt,,,,,
6,UAKUG/NIM_139,109_16,"Programmheft zu ""Tristan und Isolde"" am Théatre National de l'Opéra im Mai 1956 Foto L. Weber, P. Schöffler",,unbekannt,programm,fr,"1 Blatt, 1 Seite",CN,2026-06-15,"zurückgestellt, weil keine Erwähnung I.M.",erledigt,,,,,
6,UAKUG/NIM_139,109_17,"Programmheft zu ""Tristan und Isolde"" am Théatre National de l'Opéra im Mai 1956 Werbung",,unbekannt,programm,fr,"1 Blatt, 1 Seite",CN,2026-06-15,"zurückgestellt, weil keine Erwähnung I.M.",erledigt,,,,,
6,UAKUG/NIM_139,109_18,"Programmheft zu ""Tristan und Isolde"" am Théatre National de l'Opéra im Mai 1956 Zusammenfassung engl.",,unbekannt,programm,en,"1 Blatt, 1 Seite",CN,2026-06-15,"zurückgestellt, weil keine Erwähnung I.M.",erledigt,,,,,
6,UAKUG/NIM_139,109_19,"Programmheft zu ""Tristan und Isolde"" am Théatre National de l'Opéra im Mai 1956 Foto R. Massard, L. Rialland",,unbekannt,programm,fr,"1 Blatt, 1 Seite",CN,2026-06-15,"zurückgestellt, weil keine Erwähnung I.M.",erledigt,,,,,
6,UAKUG/NIM_139,109_20,"Programmheft zu ""Tristan und Isolde"" am Théatre National de l'Opéra im Mai 1956 Zusammenfassung engl.",,unbekannt,programm,en,"1 Blatt, 1 Seite",CN,2026-06-15,"zurückgestellt, weil keine Erwähnung I.M.",erledigt,,,,,
6,UAKUG/NIM_139,109_21,"Programmheft zu ""Tristan und Isolde"" am Théatre National de l'Opéra im Mai 1956 Foto C. Rouquetty, G. Alvès",,unbekannt,programm,fr,"1 Blatt, 1 Seite",CN,2026-06-15,"zurückgestellt, weil keine Erwähnung I.M.",erledigt,,,,,
6,UAKUG/NIM_139,110,"Briefumschlag adressiert an Ira Malaniuk und Sammlung ""Paris 1956""",,unbekannt,Briefumschlag,de,"1 Blatt, 2 Seiten",CN,2026-06-15,erledigt,erledigt,erledigt,erledigt,erledigt,erledigt,erledigt
6,UAKUG/NIM_139,111,,,,,,,,,,,,,,,
6,UAKUG/NIM_139,112,,,,,,,,,,,,,,,
6,UAKUG/NIM_139,113,,,,,,,,,,,,,,,
6,UAKUG/NIM_139,114,,,,,,,,,,,,,,,
6,UAKUG/NIM_139,115,,,,,,,,,,,,,,,
6,UAKUG/NIM_139,116,,,,,,,,,,,,,,,
6,UAKUG/NIM_139,117,,,,,,,,,,,,,,,
6,UAKUG/NIM_139,118,,,,,,,,,,,,,,,
6,UAKUG/NIM_139,119,,,,,,,,,,,,,,,
6,UAKUG/NIM_139,120,"Zeitungskritik zu ""Tristan und Isolde"" am Théâtre national de l'opéra in Le Temps de Paris",,unbekannt,presse,fr,"1 Blatt, 1 Seite",CN,2026-06-15,"Zurückgestellt, Duplikat",erledigt,,,,,
6,UAKUG/NIM_139,121,,,,,,,,,,,,,,,
6,UAKUG/NIM_139,122,,,,,,,,,,,,,,,
6,UAKUG/NIM_139,123,"Zeitungskritik zu ""Tristan und Isolde"" am Théâtre national de l'opéra vom 12.5.1956 in Le Figaro",1956-05-12,aus_dokument,presse,fr,"1 Blatt, 1 Seite",CN,2026-06-15,"Zurückgestellt, Duplikat",erledigt,,,,,
6,UAKUG/NIM_139,124,"Zeitungsartikel zu ""Tristan und Isolde"" am Théâtre national de l'opéra ""'Tristan' de Wagner: Bayreuth à Paris""",,unbekannt,presse,fr,"1 Blatt, 1 Seite",CN,2026-06-15,"Zurückgestellt, Duplikat",erledigt,,,,,
6,UAKUG/NIM_139,125,"Zeitungskritik zu ""Tristan und Isolde"" am Théâtre national de l'opéra vom 13.5.1956 in Le Temps de Paris",1956-05-13,aus_dokument,presse,fr,"1 Blatt, 1 Seite",CN,2026-06-15,erledigt,erledigt,,,,,
6,UAKUG/NIM_139,126,"Zeitungskritik zu ""Tristan und Isolde"" am Théâtre national de l'opéra vom 13.5.1956 in Le Figaro",1956-05-13,aus_dokument,presse,fr,"1 Blatt, 1 Seite",CN,2026-06-15,erledigt,erledigt,erledigt,erledigt,erledigt,erledigt,erledigt
6,UAKUG/NIM_139,127,"Zeitungskritik zu ""Tristan und Isolde"" am Théâtre national de l'opéra vom 17.5.1956 in Les Nouvelles Littéraires",1956-05-17,aus_dokument,presse,fr,"1 Blatt, 1 Seite",CN,2026-06-15,erledigt,erledigt,erledigt,erledigt,erledigt,erledigt,erledigt
6,UAKUG/NIM_139,128,"Zeitungskritik zu ""Tristan und Isolde"" am Théâtre national de l'opéra vom 13.5.1956 in Francesoir",1956-05-13,aus_dokument,presse,fr,"1 Blatt, 1 Seite",CN,2026-06-15,erledigt,erledigt,erledigt,erledigt,erledigt,erledigt,erledigt
6,UAKUG/NIM_139,129,"Zeitungskritik zu ""Tristan und Isolde"" am Théâtre national de l'opéra vom 13.5.1956 in Le journal de Dimanche",1956-05-13,aus_dokument,presse,fr,"1 Blatt, 2 Seiten",CN,2026-06-15,erledigt,erledigt,erledigt,erledigt,erledigt,erledigt,erledigt
6,UAKUG/NIM_139,130,,,,,,,CN,2026-06-15,"Zurückgestellt, unlesbar",,,,,,
6,UAKUG/NIM_139,131,,,,,,,,,,,,,,,
6,UAKUG/NIM_139,132,,,,,,,,,,,,,,,
6,UAKUG/NIM_139,133,,,,,,,,,,,,,,,
6,UAKUG/NIM_139,134,,,,,,,,,,,,,,,
6,UAKUG/NIM_139,135,,,,,,,,,,,,,,,
6,UAKUG/NIM_139,136,,,,,,,,,,,,,,,
6,UAKUG/NIM_140,,1955,1955-01-01/1955-12-31,,sammlung,,,AV/MS,2016-08-03,,,,,,,
6,UAKUG/NIM_141,,1954,1954-01-01/1954-12-31,,sammlung,,,AV/MS,2016-08-03,,,,,,,
6,UAKUG/NIM_142,,1954/2,1954-01-01/1954-12-31,,programm,,,AV/MS,2016-08-03,,,,,,,
6,UAKUG/NIM_142,19,Programmheft ,,unbekannt,programm,fr,"2 Blatt, 8 Seiten",LL,2026-06-15,,unbearbeitet,,,,,
6,UAKUG/NIM_142,19_1,"Programmheft Titelblatt, Bild Richard Wagner",,,programm,fr,"1 Blatt, 1 Seite",LL,2026-06-15,zurückgestellt,unbearbeitet,,,,,
6,UAKUG/NIM_142,19_2,"Programmheft, Werbung",,,programm,fr,"1 Blatt, 1 Seite",LL,2026-06-15,zurückgestellt,unbearbeitet,,,,,
6,UAKUG/NIM_142,19_3,"Programmheft Theatre royal de la monnaie, Belgien",,,programm,fr,"1 Blatt, 1 Seite",LL,2026-06-15,erledigt,erledigt,erledigt,erledigt,erledigt,erledigt,erledigt
6,UAKUG/NIM_142,19_4,"Programmheft, Werbung",,,programm,fr,"1 Blatt, 1 Seite",LL,2026-06-15,zurückgestellt,unbearbeitet,,,,,
6,UAKUG/NIM_142,19_5,"Programmheft Theatre royal de la Monnaie, Programmzettel",,,programm,fr,"1 Blatt, 1 Seite",LL,2026-06-15,erledigt,erledigt,erledigt,erledigt,erledigt,erledigt,erledigt
6,UAKUG/NIM_142,19_6,"Programmheft, Handlungszusammenfassung Tristan",,,programm,fr,"1 Blatt, 1 Seite",LL,2026-06-15,zurückgestellt,unbearbeitet,,,,,
6,UAKUG/NIM_142,19_7,"Programmheft, Werbung",,,programm,fr,"1 Blatt, 1 Seite",LL,2026-06-15,zurückgestellt,unbearbeitet,,,,,
6,UAKUG/NIM_142,19_8,"Programmheft, Werbung",,,programm,fr,"1 Blatt, 1 Seite",LL,2026-06-15,zurückgestellt,unbearbeitet,,,,,
6,UAKUG/NIM_142,20,Weihnachtskarte an IM von Wieland Wagner,1954-12,,korrespondenz,de,"1 Blatt, 4 Seiten",LL,2026-06-15,erledigt,erledigt,,,,,
6,UAKUG/NIM_142,21,"Programmheft, Bayreuther Festspiele 1954",1954-07-22/1954-08-22,aus_dokument,programm,de,"1 Blatt, 2 Seite",LL,2026-06-15,"zurückgestellt, keine Erwähnung IMs",unbearbeitet,,,,,
6,UAKUG/NIM_142,22,"Belgische Kulturzeitung ""L'eventail""",1954-11-26,aus_dokument,presse,fr,"5 Blatt, 18 Seite",LL,2026-06-15,"zurückgestellt, keine Erwähnung IMs",,,,,,
6,UAKUG/NIM_142,22_1,Umschlag Programmheft Belgien,,unbekannt,programm,fr,"1 Blatt, 1 Seite",LL,2026-06-15,zurückgestellt,unbearbeitet,,,,,
6,UAKUG/NIM_142,22_2,Umschlag Programmheft Belgien,,unbekannt,programm,fr,"1 Blatt, 1 Seite",LL,2026-06-15,zurückgestellt,unbearbeitet,,,,,
6,UAKUG/NIM_142,22_3,"Belgische Kulturzeitung ""L'eventail"", Artikel ohne IM Bezug",1954-11-26,aus_dokument,presse,fr,"1 Blatt, 1 Seite",LL,2026-06-15,zurückgestellt,unbearbeitet,,,,,
6,UAKUG/NIM_142,22_4,Belgische Kulturzeitung über Gastspiel der Bayreuther Festspiele,1954-11-26,aus_dokument,presse,fr,"1 Blatt, 1 Seite",LL,2026-06-15,erledigt,erledigt,erledigt,erledigt,erledigt,erledigt,erledigt
6,UAKUG/NIM_142,22_5,"Belgische Kulturzeitung ""L'eventail"", Artikel ohne IM Bezug",1954-11-26,aus_dokument,presse,fr,"1 Blatt, 1 Seite",LL,2026-06-15,zurückgestellt,unbearbeitet,,,,,
6,UAKUG/NIM_142,22_6,"Belgische Kulturzeitung ""L'eventail"", Artikel ohne IM Bezug",1954-11-26,aus_dokument,presse,fr,"1 Blatt, 1 Seite",LL,2026-06-15,zurückgestellt,unbearbeitet,,,,,
6,UAKUG/NIM_142,22_7,"Belgische Kulturzeitung ""L'eventail"", Artikel ohne IM Bezug",1954-11-26,aus_dokument,presse,fr,"1 Blatt, 1 Seite",LL,2026-06-15,zurückgestellt,unbearbeitet,,,,,
6,UAKUG/NIM_142,22_8,"Belgische Kulturzeitung ""L'eventail"", Artikel ohne IM Bezug",1954-11-26,aus_dokument,presse,fr,"1 Blatt, 1 Seite",LL,2026-06-15,zurückgestellt,unbearbeitet,,,,,
6,UAKUG/NIM_142,22_9,"Belgische Kulturzeitung ""L'eventail"", Artikel ohne IM Bezug",1954-11-26,aus_dokument,presse,fr,"1 Blatt, 1 Seite",LL,2026-06-15,zurückgestellt,unbearbeitet,,,,,
6,UAKUG/NIM_142,22_10,"Belgische Kulturzeitung ""L'eventail"", Artikel ohne IM Bezug",1954-11-26,aus_dokument,presse,fr,"1 Blatt, 1 Seite",LL,2026-06-15,zurückgestellt,unbearbeitet,,,,,
6,UAKUG/NIM_142,22_11,"Belgische Kulturzeitung ""L'eventail"", Artikel ohne IM Bezug",1954-11-26,aus_dokument,presse,fr,"1 Blatt, 1 Seite",LL,2026-06-15,zurückgestellt,unbearbeitet,,,,,
6,UAKUG/NIM_142,22_12,"Belgische Kulturzeitung ""L'eventail"", Artikel ohne IM Bezug",1954-11-26,aus_dokument,presse,fr,"1 Blatt, 1 Seite",LL,2026-06-15,zurückgestellt,unbearbeitet,,,,,
6,UAKUG/NIM_142,22_13,"Belgische Kulturzeitung ""L'eventail"", Artikel ohne IM Bezug",1954-11-26,aus_dokument,presse,fr,"1 Blatt, 1 Seite",LL,2026-06-15,zurückgestellt,unbearbeitet,,,,,
6,UAKUG/NIM_142,22_14,"Belgische Kulturzeitung ""L'eventail"", Artikel ohne IM Bezug",1954-11-26,aus_dokument,presse,fr,"1 Blatt, 1 Seite",LL,2026-06-15,zurückgestellt,unbearbeitet,,,,,
6,UAKUG/NIM_142,22_15,"Belgische Kulturzeitung ""L'eventail"", Artikel ohne IM Bezug",1954-11-26,aus_dokument,presse,fr,"1 Blatt, 1 Seite",LL,2026-06-15,zurückgestellt,unbearbeitet,,,,,
6,UAKUG/NIM_142,22_16,"Belgische Kulturzeitung ""L'eventail"", Artikel ohne IM Bezug",1954-11-26,aus_dokument,presse,fr,"1 Blatt, 1 Seite",LL,2026-06-15,zurückgestellt,unbearbeitet,,,,,
6,UAKUG/NIM_142,22_17,"Belgische Kulturzeitung ""L'eventail"", Artikel ohne IM Bezug",1954-11-26,aus_dokument,presse,fr,"1 Blatt, 1 Seite",LL,2026-06-15,zurückgestellt,unbearbeitet,,,,,
6,UAKUG/NIM_142,22_18,Belgische Kulturzeitung Programmhinweis Bayreuther Festspiele,1954-11-26,aus_dokument,presse,fr,"1 Blatt, 1 Seite",LL,2026-06-15,erledigt,erledigt,,,,,
6,UAKUG/NIM_142,23,Zusammenfassung Handlung Tristan und Isolde französisch,,unbekannt,,fr,"1 Blatt, 1 Seite",LL,2026-06-15,zurückgestellt,unbearbeitet,,,,,
6,UAKUG/NIM_142,24,Einladung von der Deutschen Botschaft in Frankreich,,,,de,"2 Blatt, 2 Seiten",LL,2026-06-15,zurückgestellt,unbearbeitet,,,,,
6,UAKUG/NIM_142,25,"Zeitungsartikel der ""L'humanité"" Straßbourg",1954-11-03,aus_dokument,presse,fr,"1 Blatt, 1 Seite",LL,2026-06-15,zurückgestellt,unbearbeitet,,,,,
6,UAKUG/NIM_142,26,"Zeitungsartikel aus Münchner Merkur, keine Erwähnung Malaniuks",,unbekannt,presse,de,"1 Blatt, 1 Seite",LL,2026-06-15,zurückgestellt,unbearbeitet,,,,,
6,UAKUG/NIM_142,27,"Zeitungsartikel aus ""Le soir"" Brüssel",1954-12-03,aus_dokument,presse,fr,"1 Blatt, 1 Seite",LL,2026-06-15,erledigt,erledigt,erledigt,erledigt,erledigt,erledigt,erledigt
6,UAKUG/NIM_142,28,Einladung an IM zum Empfang in Brüssel ,,unbekannt,korrespondenz,fr,"2 Blatt, 2 Seite",LL,2026-06-15,erledigt,erledigt,erledigt,erledigt,erledigt,erledigt,erledigt
,,,,,,,,,,,,,,,,,
7,UAKUG/NIM_143,,Interviews und Berichte,1948-01-01/1991-12-31,,sammlung,,,AV/MS,2016-08-04,,,,,,,
7,UAKUG/NIM_144,,ab / 1972,1972-01-01/1989-12-31,,programm,,,AV/MS,2016-08-04,,,,,,,
7,UAKUG/NIM_145,,1970,1970-01-01/1970-12-31,,presse,,,AV/MS,2016-08-04,,,,,,,
7,UAKUG/NIM_146,,1969,1969-01-01/1969-12-31,,presse,,,AV/MS,2016-08-04,,,,,,,
7,UAKUG/NIM_147,,1968,1968-01-01/1968-12-31,,presse,,,AV/MS,2016-08-04,,,,,,,
7,UAKUG/NIM_148,,1967,1967-01-01/1967-12-31,,programm,,,AV/MS,2016-08-04,,,,,,,
7,UAKUG/NIM_149,,1966,1966-01-01/1966-12-31,,presse,,,AV/MS,2016-08-04,,,,,,,
7,UAKUG/NIM_150,,1965,1965-01-01/1965-12-31,,programm,,,AV/MS,2016-08-04,,,,,,,
7,UAKUG/NIM_151,,1964,1964-01-01/1964-12-31,,programm,,,AV/MS,2016-08-04,,,,,,,
7,UAKUG/NIM_152,,1963,1963-01-01/1963-12-31,,programm,,,AV/MS,2016-08-04,,,,,,,
7,UAKUG/NIM_153,,1962,1962-01-01/1962-12-31,,presse,,,AV/MS,2016-08-04,,,,,,,
7,UAKUG/NIM_154,,1961,1961-01-01/1961-12-31,,programm,,,AV/MS,2016-08-04,,,,,,,
8,UAKUG/NIM_155,,1960,1960-01-01/1960-12-31,,programm,,,AV/MS,2016-08-08,,,,,,,
8,UAKUG/NIM_156,,1959,1959-01-01/1959-12-31,,presse,,,AV/MS,2016-08-08,,,,,,,
8,UAKUG/NIM_157,,1958,1958-01-01/1958-12-31,,programm,,,AV/MS,2016-08-08,,,,,,,
8,UAKUG/NIM_158,,"Gebasteltes Glückwunschheft für Ira Malaniuk betitelt als ""Miss Television 1958"" ",1958-04-06/1958-04-12,,korrespondenz,,,AV/MS,2016-08-08,,,,,,,
8,UAKUG/NIM_159,,1957,1957-01-01/1957-12-31,,programm,,,AV/MS,2016-08-08,,,,,,,
9,UAKUG/NIM_160,,"Ausstellung ""Ira Malaniuk"" in der Reiterkaserne",2010-01-01/2010-12-31,,sammlung,,,AV/MS,2016-08-08,,,,,,,
9,UAKUG/NIM_161,,Korrespondenz 1954 - 1970,1954-06-30/1970-01-12,,korrespondenz,,,AV/MS,2016-08-08,,,,,,,
9,UAKUG/NIM_162,,Totenbild Ira Malaniuks,2009-02-25,,sammlung,,,AV/MS,2016-08-08,,,,,,,
9,UAKUG/NIM_163,,Zeitungsartikel bzw. Kritiken,1957-01-01/1961-12-31,,presse,,,AV/MS,2016-08-09,,,,,,,
9,UAKUG/NIM_164,,Opern- und Konzertprogramme bzw. Ankündigungen,1949-01-01/1972-12-31,,sammlung,,,AV/MS,2016-08-09,,,,,,,
9,UAKUG/NIM_165,,Ira Malaniuk Konzertprogramme,1970-06-26/1977-12-15,,programm,,,AV/MS,2016-08-09,,,,,,,
9,UAKUG/NIM_166,,Pawlyschn Stefanija: Geschichte einer Karriere,1994-01-01/1994-12-31,,sammlung,,,AV/MS,2016-08-10,,,,,,,
9,UAKUG/NIM_167,,Urkunde der Gottlob-Frick-Gesellschaft,1999-09-11,,sammlung,,,AV/MS,2016-08-10,,,,,,,
9,UAKUG/NIM_168,1,"Lexikalische Übersicht zur Mitwirkung von Künstler*innen (Dirigenten, Regisseure, Bühnen- u. Kostümbildner, Solisten, Choreographen) in Bayreuth 1876-1991",1990-01-01/1991-12-31,aus_dokument,verzeichnis,de,,NKS,2026-06-15,zurückgestellt,unbearbeitet,unbearbeitet,unbearbeitet,unbearbeitet,unbearbeitet,unbearbeitet
9,UAKUG/NIM_168,2,Weihnachtsgruß gedruckt und handschriftlich signiert von Wolfgang Wagner,1990-12,aus_dokument,korrespondenz,de,"1 Blatt, 4 Seiten",NKS,2026-06-15,erledigt,erledigt,erledigt,erledigt,erledigt,erledigt,erledigt
9,UAKUG/NIM_169,,Thomas Tipton. Eine Opernkarriere in Bildern,1999-09-11,,sammlung,,,AV/MS,2016-08-10,,,,,,,
10,UAKUG/NIM_170,,"Urkunde zur Verleihung des Berufstitels ""Kammersängerin"" an Ira Malaniuk",1973-10-29/1973-11-09,,sammlung,,,AV/MS,2016-08-10,,,,,,,
10,UAKUG/NIM_171,,Urkunde zur Verleihung des Titels Professor Honoris Causa an Ira Malaniuk,1998-04-29,,identitaetsdokument,,,AV/MS,2016-08-10,,,,,,,
10,UAKUG/NIM_172,,Verleihung des Österreichischen Ehrenkreuzes für Wissenschaft und Kunst 1. Klasse an Ira Malaniuk,1965-03-16,,sammlung,,,AV/MS,2016-08-10,,,,,,,
10,UAKUG/NIM_173,,Satinschleife der Bayreuther Festspiele 1951,1951-01-01/1951-12-31,,sammlung,,,AV/MS,2016-08-10,,,,,,,
10,UAKUG/NIM_174,,Satinschleife der der Volksbühne München e. V.,,,sammlung,,,AV/MS,2016-08-10,,,,,,,
10,UAKUG/NIM_175,,"Satinschleife beschrieben mit ""der ungarische / Gesandte 1947 // für ""Judith"" / Frau Malaniuk""",1947-01-01/1947-12-31,,sammlung,,,AV/MS,2016-08-10,,,,,,,
10,UAKUG/NIM_176,,Goldgelbe Satinschleife,,,sammlung,,,AV/MS,2016-08-10,,,,,,,
10,UAKUG/NIM_177,,Satinschleife des Musikvereins für Steiermark,,,sammlung,,,AV/MS,2016-08-10,,,,,,,
LS I/05,UAKUG/NIM_178,,Kalender des Münchner Prinzregenten-Theaters,1991-01-01/1991-12-31,,sammlung,,,AV/MS,2016-08-10,,,,,,,
8,UAKUG/NIM_179,,"Kaufmann, Harald (Hg.): 175 Jahre Musikverein für Steiermark Graz. 1815-1990, Graz 1990. ",1990-01-01/1990-12-31,,sammlung,,,AV/MS,2016-08-11,,,,,,,
Vitrine,UAKUG/NIM_180,,Ehrenzeichen der Landeshauptstadt Graz in Gold für Ira Malaniuk,1999-01-01/1999-12-31,,sammlung,,,AV/MS,2016-08-10,,,,,,,
Vitrine,UAKUG/NIM_181,,Urkunde zur Verleihung des Ehrenzeichens der Landeshauptstadt Graz in Gold an Ira Malaniuk,1999-01-01/1999-12-31,,sammlung,,,AV/MS,2016-08-10,,,,,,,
Vitrine,UAKUG/NIM_182,,Urkunde zur Ernennung Ira Malaniuks zum Ehrenmitglied des Richard-Wagner-Verbandes Lemberg (Lwiw),1994-01-01/1994-12-31,,sammlung,,,AV/MS,2016-08-10,,,,,,,
Vitrine,UAKUG/NIM_183,,Urkunde zur Verleihung des Ehrenkreuzes für Wissenschaft und Kunst 1. Klasse an Ira Malaniuk,1965-03-11,,sammlung,,,AV/MS,2016-08-10,,,,,,,
FBox_01 ,UAKUG/NIM_TT_01,,100 Jahre Grazer Oper,1999-09-12,,tontraeger,,1 days 06:00:00,,,,,,,,,