 ,Folio,datenpunkt_id,typ,name,rolle,anmerkung
UAKUG/NIM_003,1_1,,person,Sommerkurse Deutsches Musikinstitut für Ausländer,adressat:in,
UAKUG/NIM_003,1_1,,institution,Deutsches Musikinstitut für Ausländer,Absender:in,
UAKUG/NIM_003,1_1,1,ort,Potsdam,auffuehrungsort,
UAKUG/NIM_003,1_1,2,ort,Salzburg,auffuehrungsort,
UAKUG/NIM_003,1_1,,Datum,1944-05 bis 1944-09,erwähnt,
UAKUG/NIM_003,1_1,,ausgaben_währung,"15, RM",erwähnt,Reichsmark
UAKUG/NIM_003,1_8,,ausgaben_währung,"150, RM",erwähnt,Reichsmark
UAKUG/NIM_003,1_2,,person,"Strauss, Richard",erwähnt,
UAKUG/NIM_003,1_2,,person,"Fischer, Edwin",erwähnt,
UAKUG/NIM_003,1_2,,person,"Gieseking, Walter",erwähnt,
UAKUG/NIM_003,1_2,,person,"Hartmann, Rudolf",erwähnt,
UAKUG/NIM_003,1_2,,person,"Heitmann, Fritz",erwähnt,
UAKUG/NIM_003,1_2,,person,"Hoelscher, Ludwig",erwähnt,
UAKUG/NIM_003,1_2,,person,"Hüni-Mihacsek, Felicie",erwähnt,
UAKUG/NIM_003,1_2,,person,"Kempff, Wilhelm",erwähnt,
UAKUG/NIM_003,1_2,,person,"Krauß, Clemens",erwähnt,
UAKUG/NIM_003,1_2,,person,"Kulenkampff, Georg",erwähnt,
UAKUG/NIM_003,1_2,,person,"Leimer, Karl",erwähnt,
UAKUG/NIM_003,1_2,,person,"Lohmann, Paul",erwähnt,
UAKUG/NIM_003,1_2,,person,"Mahlke, Hans",erwähnt,
UAKUG/NIM_003,1_2,,person,"Martienssen-Lohmann, Franziska",erwähnt,
UAKUG/NIM_003,1_2,,person,"Marx, Joseph",erwähnt,
UAKUG/NIM_003,1_2,,person,"Moratti, Vittorino",erwähnt,
UAKUG/NIM_003,1_2,,person,"Ney, Elly",erwähnt,
UAKUG/NIM_003,1_2,,person,"Pirchan, Emil",erwähnt,
UAKUG/NIM_003,1_2,,person,"Prihoda, Vasa",erwähnt,
UAKUG/NIM_003,1_2,,person,"Ramin, Günther",erwähnt,
UAKUG/NIM_003,1_2,,person,"Schellenberg, Arno",erwähnt,
UAKUG/NIM_003,1_2,,person,"Schünemann, Georg",erwähnt,
UAKUG/NIM_003,1_2,,person,"Steiner, Adolf",erwähnt,
UAKUG/NIM_003,1_2,,person,"Swarowsky, Hans",erwähnt,
UAKUG/NIM_003,1_2,,person,"Vilmar-Hansen, E.",erwähnt,
UAKUG/NIM_003,1_2,,person,"Wolf, Winfried",erwähnt,
UAKUG/NIM_003,1_2,,person,"Bahr-Mildenburg, Anna",erwähnt,
UAKUG/NIM_003,1_8,,institution,Universität Mozarteum Salzburg,ausbildungsstätte,
UAKUG/NIM_004,1,,person,"Malaniuk, Ira",adressat:in,
UAKUG/NIM_004,1,,Datum,1959-10-28,absendedatum,
UAKUG/NIM_004,1,,ort,New York,absendeort,
UAKUG/NIM_004,1,,ort,"Zürich, Zürichbergstrasse 104",zielort,
UAKUG/NIM_004,1,,institution,National Artists Corporation,verfasser:in,
UAKUG/NIM_004,2,,person,"Malaniuk, Ira",erwähnt,
UAKUG/NIM_004,2,,person,"Verdi, Guiseppe",Komponist:in,
UAKUG/NIM_004,2,,person,"Arnold, Heinz",regisseur:in,
UAKUG/NIM_004,2,,person,"Metternich, Josef",sänger:in,
UAKUG/NIM_004,2,,person,"Hartmann, Rudolf",regisseur:in,
UAKUG/NIM_004,2,,person,"Heger, Robert",dirigent:in,
UAKUG/NIM_004,2,,person,"Jürgens, Helmut",bühnenbildner:in,
UAKUG/NIM_004,2,,person,"Proebstl, Max",sänger:in,
UAKUG/NIM_004,2,,person,"Michalis, Ruth",sänger:in,
UAKUG/NIM_004,2,,person,"Klarwein, Franz",sänger:in,
UAKUG/NIM_004,2,,person,"Vandenburg, Howard",sänger:in,
UAKUG/NIM_004,2,,person,"Keil, Adolf",sänger:in,
UAKUG/NIM_004,2,,person,"Peter, Albrecht",sänger:in,
UAKUG/NIM_004,2,,person,"Bahr-Mildenburg, Anna",erwähnt,
UAKUG/NIM_004,2,,person,"Ranczak, Hildegard",erwähnt,
UAKUG/NIM_004,2,,person,"Baasch, Dr. med. Ernst",erwähnt,
UAKUG/NIM_004,2,,rolle,Lady Macbeth,Aufführung,
UAKUG/NIM_004,2,,rolle,Dorabella,erwähnt,
UAKUG/NIM_004,2,,rolle,Brangäne,erwähnt,
UAKUG/NIM_004,2,,rolle,Amneris,erwähnt,
UAKUG/NIM_004,2,,rolle,Adelaide,erwähnt,
UAKUG/NIM_004,2,,ort,Buenos Aires,erwähnt,
UAKUG/NIM_004,2,,ort,Bayreuth,erwähnt,
UAKUG/NIM_004,2,,ort,Zürich ,erwähnt,
UAKUG/NIM_004,2,,ort,Wien,erwähnt,
UAKUG/NIM_004,2,,ort,München,erwähnt,
UAKUG/NIM_004,2,,ort,Lemberg,erwähnt,
UAKUG/NIM_004,2,,ort,Graz,erwähnt,
UAKUG/NIM_004,2,,Datum,1952-12-16,premiere,
UAKUG/NIM_004,2,,Datum,1952-12-16,erscheinungsdatum,
UAKUG/NIM_004,2,,Datum,1952-12-22,erwähnt,
UAKUG/NIM_004,2,,institution,Bayerischen Staatsoper,erwähnt,
UAKUG/NIM_004,3,,person,"Schumann, Karl",verfasser:in,
UAKUG/NIM_004,3,,person,"Verdi, Guiseppe",Komponist:in,
UAKUG/NIM_004,3,,person,"Malaniuk, Ira",sänger:in,
UAKUG/NIM_004,3,,person,"Metternich, Josef",sänger:in,
UAKUG/NIM_004,3,,person,"Jürgens, Helmut",bühnenbildner:in,
UAKUG/NIM_004,3,,person,"Proebstl, Max",sänger:in,
UAKUG/NIM_004,3,,person,"Vandenburg, Howard",sänger:in,
UAKUG/NIM_004,3,,person,"Arnold, Heinz",regisseur:in,
UAKUG/NIM_004,3,,person,"Heger, Robert",dirigent:in,
UAKUG/NIM_004,3,,ort_datum,"München, 1952-12-17",erscheinungsdatum,
UAKUG/NIM_004,3,,institution,Abendzeitung,herausgeber:in,
UAKUG/NIM_004,3,,institution,Bayerischen Staatsoper,erwähnt,
UAKUG/NIM_004,3,,werk,Macbeth,Aufführung,
UAKUG/NIM_004,3,,rolle,Lady Macbeth,Aufführung,
UAKUG/NIM_004,3,,rolle,Macbeth,Aufführung,
UAKUG/NIM_004,3,,rolle,Banquo,Aufführung,
UAKUG/NIM_004,4,,person,"Verdi, Giuseppe",Komponist:in,
UAKUG/NIM_004,4,,person,"Shakespeare, William",verfasser:in,
UAKUG/NIM_004,4,,person,"Jürgens, Helmut ",bühnenbildner:in,
UAKUG/NIM_004,4,,person,"Arnold, Heinz",regisseur:in,
UAKUG/NIM_004,4,,person,"Malaniuk, Ira",sänger:in,
UAKUG/NIM_004,4,,person,"Metternicz, Josef",sänger:in,
UAKUG/NIM_004,4,,person,"Proebstl, Max",sänger:in,
UAKUG/NIM_004,4,,person,"Vandenburg, Howard",sänger:in,
UAKUG/NIM_004,4,,person,"Klarwein, Franz",sänger:in,
UAKUG/NIM_004,4,,person,"Heger, Robert",dirigent:in,
UAKUG/NIM_004,4,,person,"Leder, Alfred",chorleiter:in,
UAKUG/NIM_004,4,,person,"Schmidt-Garre, Helmut",verfasser:in,
UAKUG/NIM_004,4,,Datum,1952-12-18,erscheinungsdatum,
UAKUG/NIM_004,4,,ort,München,entstehungsort,
UAKUG/NIM_004,4,,institution,Bayerische Staatsoper,auffuehrungsort,
UAKUG/NIM_004,4,,werk,Macbeth,Aufführung,
UAKUG/NIM_004,4,,rolle,Lady Macbeth,interpret:in,
UAKUG/NIM_004,4,,rolle,Macbeth,interpret:in,
UAKUG/NIM_004,5,,person,"Gluck, Christoph Willibald",Komponist:in,
UAKUG/NIM_004,5,,person,"Händel, Georg Friedrich",erwähnt,
UAKUG/NIM_004,5,,person,"Mozart, Wolfgang Amadeus",erwähnt,
UAKUG/NIM_004,5,,person,"Knappertsbusch, Hans",dirigent:in,
UAKUG/NIM_004,5,,person,"Malaniuk, Ira",sänger:in,
UAKUG/NIM_004,5,,person,"Wagner, Wieland",regisseur:in,
UAKUG/NIM_004,5,,person,"Barlach, Ernst",erwähnt,
UAKUG/NIM_004,5,,person,"Alighieri, Dante",erwähnt,
UAKUG/NIM_004,5,,person,"Orff, Carl",erwähnt,
UAKUG/NIM_004,5,,person,"Kupper, Anneliese                                                                                                                                                              ",sänger:in,
UAKUG/NIM_004,5,,person,"Fahberg, Antonia",sänger:in,
UAKUG/NIM_004,5,,person,"Offenbach, Jacques",Komponist:in,
UAKUG/NIM_004,5,,person,"Erlenwein, Herbert",chorleiter:in,
UAKUG/NIM_004,5,,person,"Ruppel, K. H.",verfasser:in,
UAKUG/NIM_004,5,,Datum,1953-03-05,erscheinungsdatum,
UAKUG/NIM_004,5,,ort,Bayreuth,erwähnt,
UAKUG/NIM_004,5,,werk,Orpheus und Eurydike,Aufführung,
UAKUG/NIM_004,5,,rolle,Orpheus,Aufführung,
UAKUG/NIM_004,5,,institution,Süddeutsche Zeitung,herausgeber:in,
UAKUG/NIM_004,5,,rolle,Eurydike,Aufführung,
UAKUG/NIM_004,5,,rolle,Amor,Aufführung,
UAKUG/NIM_004,6,,person,"Knappertsbusch, Hans",dirigent:in,
UAKUG/NIM_004,6,,person,"Wagner, Wieland",regisseur:in,
UAKUG/NIM_004,6,,person,"Malaniuk, Ira",sänger:in,
UAKUG/NIM_004,6,,person,"Kupper, Annelies",sänger:in,
UAKUG/NIM_004,6,,person,"Schumann, Karl",verfasser:in,
UAKUG/NIM_004,6,,ort,München,auffuehrungsort,
UAKUG/NIM_004,6,,ort,Prinzregententheater,auffuehrungsort,
UAKUG/NIM_004,6,,werk,Orpheus und Eurydike,premiere,
UAKUG/NIM_004,6,,rolle,Orpheus,Aufführung,
UAKUG/NIM_004,6,,rolle,Eurydike,Aufführung,
UAKUG/NIM_004,7,,person,"Beethoven, Ludwig van",Komponist:in,
UAKUG/NIM_004,7,,person,"Hindemith, Paul",dirigent:in,
UAKUG/NIM_004,7,,person,"Pitz, Wilhelm",chorleiter:in,
UAKUG/NIM_004,7,,person,"Malaniuk, Ira",sänger:in,
UAKUG/NIM_004,7,,person,"Nilsson, Birgit",sänger:in,
UAKUG/NIM_004,7,,person,"Dermota, Anton",sänger:in,
UAKUG/NIM_004,7,,person,"Weber, Ludwig",sänger:in,
UAKUG/NIM_004,7,,person,"Bergfeld, Dr. Joachim",verfasser:in,
UAKUG/NIM_004,7,,person,"Wagner, Wieland",erwähnt,
UAKUG/NIM_004,7,,person,"Strauss, Richard",erwähnt,
UAKUG/NIM_004,7,,person,"Furtwängler, Wilhelm",erwähnt,
UAKUG/NIM_004,7,,person,"Mozart, Wolfgang Amadeus",erwähnt,
UAKUG/NIM_004,7,,person,"Bach, Johann Sebastian",erwähnt,
UAKUG/NIM_004,7,,person,"Wagner, Richard",erwähnt,
UAKUG/NIM_004,7,,person,"Wagner, Siegfied",erwähnt,
UAKUG/NIM_004,7,,person,"Reger, Max",erwähnt,
UAKUG/NIM_004,7,,person,"Pfitzner, Hans",erwähnt,
UAKUG/NIM_004,7,,Datum,1953-08-13,erscheinungsdatum,
UAKUG/NIM_004,7,,Datum,1872,erwähnt,
UAKUG/NIM_004,7,,Datum,1933,erwähnt,
UAKUG/NIM_004,7,,Datum,1951,erwähnt,
UAKUG/NIM_004,7,,ort,Bayreuth,auffuehrungsort,
UAKUG/NIM_004,7,,institution,Fränkische Presse,herausgeber:in,
UAKUG/NIM_004,7,,institution,Bayreuther Festspiele,rahmenveranstaltung,
UAKUG/NIM_004,7,,werk,"Sinfonien, Nr. 9, op. 125 (d-Moll)",Aufführung,
UAKUG/NIM_004,7,,rolle,Alt Solo,interpret:in,Malaniuk als Altistin
UAKUG/NIM_004,8,,person,"Schmidt-Gasse, Helmut",verfasser:in,
UAKUG/NIM_004,8,,person,"Wagner, Wieland",regisseur:in,
UAKUG/NIM_004,8,,person,"Gluck, Christoph Willibald",Komponist:in,
UAKUG/NIM_004,8,,person,"Jommelli, Niccolò",erwähnt,
UAKUG/NIM_004,8,,person,"Traetta, Tommaso",erwähnt,
UAKUG/NIM_004,8,,person,"Hasse, Johann Asolph",erwähnt,
UAKUG/NIM_004,8,,person,"Calzabigi, Ranieri de",librettist:in,
UAKUG/NIM_004,8,,person,"Malaniuk, Ira",sänger:in,
UAKUG/NIM_004,8,,person,"Kupper, Annelies",sänger:in,
UAKUG/NIM_004,8,,person,"Fahberg, Antonia",sänger:in,
UAKUG/NIM_004,8,,person,"Beethoven, Ludwig van",erwähnt,
UAKUG/NIM_004,8,,person,"Knappertsbusch, Hans",dirigent:in,
UAKUG/NIM_004,8,,person,"Erlenwein, Herbert",chorleiter:in,
UAKUG/NIM_004,8,,"ort, datum","München, 1953-03-06",erscheinungsdatum,
UAKUG/NIM_004,8,,institution,Bayerische Staatsoper,erwähnt,
UAKUG/NIM_004,8,,institution,Münchner Merkur,herausgeber:in,
UAKUG/NIM_004,8,,werk,Orpheus und Eurydike,Aufführung,Werktitel laut Quelle eingegeben (Ziel: Vereinheitlichung notwendig bzw. mehrere Sprachen)
UAKUG/NIM_004,8,,rolle,Orpheus,erwähnt,
UAKUG/NIM_004,8,,rolle,Eurydike,erwähnt,
UAKUG/NIM_004,8,,rolle,Eros,erwähnt,
UAKUG/NIM_004,9,,person,"Rodzinski, Artur",dirigent:in,
UAKUG/NIM_004,9,,person,"Tasso, Fiorenzo",erwähnt,
UAKUG/NIM_004,9,,person,"Grob-Prandl, Gertrude",sänger:in,
UAKUG/NIM_004,9,,person,"Ernest, Wilhelm",sänger:in,
UAKUG/NIM_004,9,,person,Otto van Rohr,sänger:in,
UAKUG/NIM_004,9,,person,"Schöffler, Paul",sänger:in,
UAKUG/NIM_004,9,,person,"Ferenz, Willy",sänger:in,
UAKUG/NIM_004,9,,person,"Maykut, Erich",sänger:in,
UAKUG/NIM_004,9,,person,"Gerard, Fritz",sänger:in,
UAKUG/NIM_004,9,,person,Sforza,interpret:in,
UAKUG/NIM_004,9,,person,Uva,interpret:in,
UAKUG/NIM_004,9,,person,"Lauro, Michele",chorleiter:in,
UAKUG/NIM_004,9,,person,"Neumann-Spallart, Gottfried",bühnenbildner:in,
UAKUG/NIM_004,9,,person,Vacchiano,erwähnt,
UAKUG/NIM_004,9,,person,Campese,erwähnt,
UAKUG/NIM_004,9,,person,"Malaniuk, Ira",sänger:in,
UAKUG/NIM_004,9,,person,"Rott, Adolf",regisseur:in,
UAKUG/NIM_004,9,,person,"Parente, A",verfasser:in,
UAKUG/NIM_004,9,,Datum,1964-01-08,erscheinungsdatum,
UAKUG/NIM_004,9,,Datum,1950,erwähnt,
UAKUG/NIM_004,9,,ort,Italien,auffuehrungsort,
UAKUG/NIM_004,9,,Datum,1954-01-07,premiere,
UAKUG/NIM_004,9,,institution,Teatro di San Carlo,auffuehrungsort,
UAKUG/NIM_004,9,,werk,Tristan und Isolde,Aufführung,
UAKUG/NIM_004,9,,werk,Don Giovanni,erwähnt,
UAKUG/NIM_004,9,,werk,La Gioconda,erwähnt,
UAKUG/NIM_004,9,,rolle,Brangäne,erwähnt,
UAKUG/NIM_004,9,,rolle,Marke,erwähnt,
UAKUG/NIM_004,9,,rolle,Kurwenal,erwähnt,
UAKUG/NIM_004,9,,,,,
UAKUG/NIM_004,9,,,,,
UAKUG/NIM_004,9,,,,,
UAKUG/NIM_004,9,,,,,
UAKUG/NIM_004,9,,,,,
UAKUG/NIM_004,10,,person,"Wagner, Wieland",regisseur:in,
UAKUG/NIM_004,10,,person,"Keilberth, Joseph",dirigent:in,
UAKUG/NIM_004,10,,person,"Jochum, Eugen",dirigent:in,
UAKUG/NIM_004,10,,person,"Pitz, Wilhelm",chorleiter:in,
UAKUG/NIM_004,10,,person,"Eberhardt, Paul",erwähnt,Beleuchtungsassistent (??)
UAKUG/NIM_004,10,,person,"Mödl, Martha",sänger:in,
UAKUG/NIM_004,10,,person,"Windgassen, Wolfgang",sänger:in,
UAKUG/NIM_004,10,,person,"Greindl, Josef",sänger:in,
UAKUG/NIM_004,10,,person,"Uhde, Hermann",sänger:in,
UAKUG/NIM_004,10,,person,"Hinsch-Gröhndal, Natalie",sänger:in,
UAKUG/NIM_004,10,,person,"Neidlinger, Gustav",sänger:in,
UAKUG/NIM_004,10,,person,"Malaniuk, Ira",sänger:in,
UAKUG/NIM_004,10,,person,Ilosvay,sänger:in,Vorname fehlt
UAKUG/NIM_004,10,,person,Resnik,sänger:in,Vorname fehlt
UAKUG/NIM_004,10,,person,"Zimmermann, Erika",sänger:in,
UAKUG/NIM_004,10,,person,"Plümacher, Hetty",sänger:in,
UAKUG/NIM_004,10,,person,"Litz, Gisela",sänger:in,
UAKUG/NIM_004,10,,person,"Varnay, Astrid",sänger:in,
UAKUG/NIM_004,10,,person,"Vinay, Ramon",sänger:in,
UAKUG/NIM_004,10,,person,"Weber, Ludwig",sänger:in,
UAKUG/NIM_004,10,,person,"Eschert, Hasso",sänger:in,
UAKUG/NIM_004,10,,person,"Stolze, Gerhard",sänger:in,
UAKUG/NIM_004,10,,person,"Adam, Theo",sänger:in,
UAKUG/NIM_004,10,,person,"Tobin, Gene",sänger:in,
UAKUG/NIM_004,10,,person,"Wagner, Richard",Komponist:in,
UAKUG/NIM_004,10,,Datum,1953-08-01,erscheinungsdatum,
UAKUG/NIM_004,10,,ort,Bayreuth,auffuehrungsort,
UAKUG/NIM_004,10,,institution,Bayreuther Festspiele,rahmenveranstaltung,
UAKUG/NIM_004,10,,werk,Götterdämmerung,premiere,
UAKUG/NIM_004,10,,werk,Tristan und Isolde,premiere,
UAKUG/NIM_004,10,,rolle,Brünnhilde,Aufführung,
UAKUG/NIM_004,10,,rolle,Siegfried,Aufführung,
UAKUG/NIM_004,10,,rolle,Hagen,Aufführung,
UAKUG/NIM_004,10,,rolle,Gunther,Aufführung,
UAKUG/NIM_004,10,,rolle,Gutrune,Aufführung,
UAKUG/NIM_004,10,,rolle,Alberich,Aufführung,
UAKUG/NIM_004,10,,rolle,Waltraute,Aufführung,Malaniuk
UAKUG/NIM_004,10,,rolle,1. Norn,Aufführung,
UAKUG/NIM_004,10,,rolle,2. Norn,Aufführung,Malaniuk
UAKUG/NIM_004,10,,rolle,3. Norn,Aufführung,
UAKUG/NIM_004,10,,rolle,1. Rheintochter,Aufführung,
UAKUG/NIM_004,10,,rolle,2. Rheintochter,Aufführung,
UAKUG/NIM_004,10,,rolle,3. Rheintochter,Aufführung,
UAKUG/NIM_004,10,,rolle,Tristan,Aufführung,
UAKUG/NIM_004,10,,rolle,Isolde,Aufführung,
UAKUG/NIM_004,10,,rolle,Brangäne,Aufführung,Malaniuk
UAKUG/NIM_004,10,,rolle,Kurwenal,Aufführung,
UAKUG/NIM_004,10,,rolle,König Marke,Aufführung,
UAKUG/NIM_004,10,,rolle,Melot,Aufführung,
UAKUG/NIM_004,10,,rolle,Hirte,Aufführung,
UAKUG/NIM_004,10,,rolle,Steuermann,Aufführung,
UAKUG/NIM_004,10,,rolle,Junger Seemann,Aufführung,
UAKUG/NIM_004,10,,rolle,Wotan,erwähnt,
UAKUG/NIM_004,10,,rolle,Lohengrin,erwähnt,
UAKUG/NIM_004,10,,rolle,Gurnemanz,erwähnt,
UAKUG/NIM_004,11,,person,"Adorno, Theodor W.",erwähnt,
UAKUG/NIM_004,11,,person,"Scheenerger, Hansheinz",interpret:in,
UAKUG/NIM_004,11,,person,"Malaniuk, Ira",sänger:in,
UAKUG/NIM_004,11,,person,"Hindemith, Paul",Komponist:in,
UAKUG/NIM_004,11,,person,"Hindemith, Paul",dirigent:in,
UAKUG/NIM_004,11,,person,"Oboussier, Robert",Komponist:in,
UAKUG/NIM_004,11,,person,"Steinecke, Wolfgang",herausgeber:in,
UAKUG/NIM_004,11,,institution,Berliner Philharmoniker,erwähnt,
UAKUG/NIM_004,11,,institution,Düsseldorfer Zeitung ,herausgeber:in,
UAKUG/NIM_004,11,,werk,Gesang an die Hoffnung,erwähnt,
UAKUG/NIM_004,11,,werk,Claudel-Kontate,erwähnt,
UAKUG/NIM_004,11,,werk,Rilke-Zyklus,erwähnt,
UAKUG/NIM_004,11,,werk,Apparebit reppentina Dies,erwähnt,
UAKUG/NIM_004,11,,ort,Köln,erwähnt,
UAKUG/NIM_004,11,,Datum,1954-03-31,erscheinungsdatum,
UAKUG/NIM_004,11,,Datum,1923,erwähnt,
UAKUG/NIM_004,11,,Datum,1939,erwähnt,Malaniuks Auffühung im 1939 wurde erwähnt
UAKUG/NIM_004,11,,Datum,1949,erwähnt,
,,,,,,
,,,,,,
,,,,,,
,,,,,,
UAKUG/NIM_004,,,,,,
UAKUG/NIM_004,12,,person,"Honolka, Kurt Dr. ",verfasser:in,
UAKUG/NIM_004,12,,person,"Mozart, Wolfgang Amadeus",Komponist:in,
UAKUG/NIM_004,12,,person,Leopold III. ,erwähnt,Böhmischer König
UAKUG/NIM_004,12,,person,"Metastasio, Pietro",librettist:in,
UAKUG/NIM_004,12,,person,"Gluck, Christoph Willibald",erwähnt,
UAKUG/NIM_004,12,,person,"Jommelli, Niccolò",erwähnt,
UAKUG/NIM_004,12,,person,"Hasse, Johann Asolph",erwähnt,
UAKUG/NIM_004,12,,person,"Wagner, Richard",erwähnt,
UAKUG/NIM_004,12,,person,"Mazzolà, Caterino",librettist:in,
UAKUG/NIM_004,12,,person,"Curjel, Hans",übersetzer:in,
UAKUG/NIM_004,12,,person,"Paumgartner, Bernhard",arrangeur:in,
UAKUG/NIM_004,12,,person,"Süßmayr, Franz Xaver",erwähnt,
UAKUG/NIM_004,12,,person,"Kurt, Kuhlmann",regisseur:in,
UAKUG/NIM_004,12,,person,"Richter, Gerd",bühnenbildner:in,
UAKUG/NIM_004,12,,person,"Bonaparte, Napoleon",erwähnt,
UAKUG/NIM_004,12,,person,"Malaniuk, Ira",sänger:in,
UAKUG/NIM_004,12,,person,"Traxel, Josef",sänger:in,
UAKUG/NIM_004,12,,person,"Wißmann, Lore",sänger:in,
UAKUG/NIM_004,12,,person,"Pfeifle, Alfred",sänger:in,
UAKUG/NIM_004,12,,person,"Wachmann, Franzi",sänger:in,
UAKUG/NIM_004,12,,person,"Grefe, Gustav",sänger:in,
UAKUG/NIM_004,12,,person,"Kaufmann, Hans-Joachim",chorleiter:in,
UAKUG/NIM_004,12,,person,"Dünnwald, Josef",dirigent:in,
UAKUG/NIM_004,12,,"ort, datum","Stuttgart, 1954-07-06",erscheinungsdatum,
UAKUG/NIM_004,12,,institution,Stuttgarter Nachrichten,herausgeber:in,
UAKUG/NIM_004,12,,werk,La clemenza di Tito,festvorstellung,
UAKUG/NIM_004,12,,institution,Stuttgarter Stattsoper,erwähnt,
UAKUG/NIM_004,12,,werk,Zauberflöte,erwähnt,
UAKUG/NIM_004,12,,werk,Don Giovanni,erwähnt,
UAKUG/NIM_004,12,,werk,Cosi fan tutte,erwähnt,
UAKUG/NIM_004,12,,werk,Figaro,erwähnt,
UAKUG/NIM_004,12,,rolle,Sextus,erwähnt,
UAKUG/NIM_004,12,,rolle,Vitellia,erwähnt,
UAKUG/NIM_004,12,,rolle,Annius,erwähnt,
UAKUG/NIM_004,12,,rolle,Servilia,erwähnt,
UAKUG/NIM_004,12,,rolle,Figaro,erwähnt,
UAKUG/NIM_004,12,,rolle,Cherubin,erwähnt,
UAKUG/NIM_004,12,,rolle,Don Giovanni,erwähnt,
UAKUG/NIM_004,12,,rolle,Papageno,erwähnt,
UAKUG/NIM_004,12,,rolle,Pamina,erwähnt,
UAKUG/NIM_004,12,,rolle,Titus,erwähnt,
UAKUG/NIM_004,13,,person,"Knappertsbusch, Hans",dirigent:in,
UAKUG/NIM_004,13,,person,"Kusche, benno",sänger:in,
UAKUG/NIM_004,13,,person,"Frantz, Ferdinand",sänger:in,
UAKUG/NIM_004,13,,person,"Böhme, Kurt",sänger:in,
UAKUG/NIM_004,13,,person,"Malaniuk, Ira",sänger:in,
UAKUG/NIM_004,13,,person,"Holm, Richard",sänger:in,
UAKUG/NIM_004,13,,Datum,1954-08-14,erscheinungsdatum,
UAKUG/NIM_004,13,,ort,München,auffuehrungsort,
UAKUG/NIM_004,13,,institution,Prinzregententheater,auffuehrungsort,
UAKUG/NIM_004,13,,institution,Münchner Opern-Festspiele,rahmenveranstaltung,
UAKUG/NIM_004,13,,institution,Münchner Merkur,herausgeber:in,
UAKUG/NIM_004,13,,werk,Die Meistersinger von Nürnberg,festvorstellung,
UAKUG/NIM_004,13,,rolle,Sixtus Beckmesser,Aufführung,
UAKUG/NIM_004,13,,rolle,Hans Sachs,Aufführung,
UAKUG/NIM_004,13,,rolle,Veit Pogner,Aufführung,
UAKUG/NIM_004,13,,rolle,David,Aufführung,
UAKUG/NIM_004,13,,rolle,Magdalena,Aufführung,
UAKUG/NIM_004,13,,rolle,Eva,Aufführung,
UAKUG/NIM_004,13,,rolle,Walter von Stolzing,Aufführung,
UAKUG/NIM_004,14,,person,"Munch, Fritz",dirigent:in,
UAKUG/NIM_004,14,,person,"Mahler, Gustav",Komponist:in,
UAKUG/NIM_004,14,,person,"Malaniuk, Ira",sänger:in,
UAKUG/NIM_004,14,,person,"Haefliger, Ernst",sänger:in,
UAKUG/NIM_004,14,,person,"Strauss, Richard",Komponist:in,
UAKUG/NIM_004,14,,person,"Klemperer, Otto",dirigent:in,
UAKUG/NIM_004,14,,person,"Walter, Bruno",dirigent:in,
UAKUG/NIM_004,14,,person,"Mozart, Wolfgang Amadeus",Komponist:in,
UAKUG/NIM_004,14,,Datum,1954-10-28,erscheinungsdatum,
UAKUG/NIM_004,14,,ort,Strasbourg,auffuehrungsort,
UAKUG/NIM_004,14,,institution,Conservatoire,erwähnt,
UAKUG/NIM_004,14,,institution,orchestre municipal (Strasbourg),Aufführung,
UAKUG/NIM_004,14,,werk,Le chant de la Terre,Aufführung,
UAKUG/NIM_004,14,,ereignis,2e concert de l'abonnement,Aufführung,
UAKUG/NIM_004,14,,,,,
UAKUG/NIM_004,14,,,,,
UAKUG/NIM_004,14,,,,,
UAKUG/NIM_004,14,,,,,
UAKUG/NIM_004,14,,,,,
UAKUG/NIM_004,14,,,,,
,,,,,,
UAKUG/NIM_004,15,,person,"Schumann, Robert",erwähnt,
UAKUG/NIM_004,15,,person,"Wagner, Richard",Komponist:in,
UAKUG/NIM_004,15,,person,Tizian,erwähnt,
UAKUG/NIM_004,15,,person,Masaccio,erwähnt,
UAKUG/NIM_004,15,,person,"Mahler, Gustav",erwähnt,
UAKUG/NIM_004,15,,person,"Schalk, Franz",erwähnt,
UAKUG/NIM_004,15,,person,"Walter, Bruno",erwähnt,
UAKUG/NIM_004,15,,person,"Krauß, Clemens",erwähnt,
UAKUG/NIM_004,15,,person,"Richter, Gerd",bühnenbildner:in,
UAKUG/NIM_004,15,,person,"Linné, Carl von",erwähnt,
UAKUG/NIM_004,15,,person,"Gielen, Josef",regisseur:in,
UAKUG/NIM_004,15,,person,"Hanka, Erika",choreograph:in,
UAKUG/NIM_004,15,,person,"Wesendonck, Mathilde",erwähnt,
UAKUG/NIM_004,15,,person,"Golther, Wolfgang",erwähnt,
UAKUG/NIM_004,15,,person,"Malaniuk, Ira",sänger:in,
UAKUG/NIM_004,15,,person,"Traute, Elisabeth",sänger:in,
UAKUG/NIM_004,15,,person,"Wächter, Eberhard",sänger:in,
UAKUG/NIM_004,15,,person,"Lustigs, Rudolf",sänger:in,
UAKUG/NIM_004,15,,person,"Weber, Ludwig",sänger:in,
UAKUG/NIM_004,15,,person,"Dermotas, Anton",sänger:in,
UAKUG/NIM_004,15,,person,"Hurshells, Edmund",sänger:in,
UAKUG/NIM_004,15,,person,"Meyer-Welfing, Hugo",sänger:in,
UAKUG/NIM_004,15,,person,"Pantscheff, Ljubomir",sänger:in,
UAKUG/NIM_004,15,,person,"Felberma-Yers, Anny",sänger:in,
UAKUG/NIM_004,15,,person,"Rossmayer, Richard",chorleiter:in,
UAKUG/NIM_004,15,,institution,Wiener Philharmoniker,auftritt,
UAKUG/NIM_004,15,,person,"Wagner, Wolfgang",erwähnt,
UAKUG/NIM_004,15,,person,"Wagner, Wieland",erwähnt,
UAKUG/NIM_004,15,,person,"Roller, Alfred",erwähnt,
UAKUG/NIM_004,15,,person,"Kautsky, Hans",erwähnt,
UAKUG/NIM_004,15,,"ort, datum",1956-11-21,erscheinungsdatum,
UAKUG/NIM_004,15,,institution,Wiener Staatsoper,auffuehrungsort,
UAKUG/NIM_004,15,,werk,Tannhäuser,Aufführung,
UAKUG/NIM_004,15,,institution,Neues Österreich,herausgeber:in,
UAKUG/NIM_004,15,,person,Y. ,verfasser:in,
UAKUG/NIM_004,15,,rolle,Elisabeth,Aufführung,
UAKUG/NIM_004,15,,rolle,Wolfram von Eschenbach,Aufführung,
UAKUG/NIM_004,15,,rolle,Tannhäuser,Aufführung,
UAKUG/NIM_004,15,,rolle,Tristan,Aufführung,
UAKUG/NIM_004,15,,rolle,Landgraf von Thüringen,Aufführung,
UAKUG/NIM_004,15,,rolle,Walther von der Vogelweide,Aufführung,
UAKUG/NIM_004,15,,rolle,Biterolf,Aufführung,
UAKUG/NIM_004,15,,rolle,Hirtenknabe,Aufführung,
UAKUG/NIM_004,15,,rolle,Venus,Aufführung,
,,,,,,
UAKUG/NIM_004,16,,person,"Rysanek, Leonie",sänger:in,
UAKUG/NIM_004,16,,person,"Malaniuk, Ira",sänger:in,
UAKUG/NIM_004,16,,person,"Gostič, Josef",sänger:in,
UAKUG/NIM_004,16,,person,"Guthrie, Frederic",sänger:in,
UAKUG/NIM_004,16,,person,"Kreppel, Walter",sänger:in,
UAKUG/NIM_004,16,,person,"Baylé, Theo",sänger:in,
UAKUG/NIM_004,16,,person,"Klobucar, Boruslav",dirigent:in,
UAKUG/NIM_004,16,,person,Verdi,Komponist:in,
UAKUG/NIM_004,16,,person,Ghislanzoni,librettist:in,
UAKUG/NIM_004,16,,person,Wallerstein,erwähnt,
UAKUG/NIM_004,16,,person,Grillparzer,erwähnt,
UAKUG/NIM_004,16,,person,Y.,verfasser:in,
UAKUG/NIM_004,16,,Datum,1956-05-01,erscheinungsdatum,
UAKUG/NIM_004,16,,Datum,1956-11,erwähnt,Premiere
UAKUG/NIM_004,16,,institution,Neues Österreich,herausgeber:in,
UAKUG/NIM_004,16,,institution,Landestheater Hannover,erwähnt,
UAKUG/NIM_004,16,,werk,Aida,wiederaufnahme,Wiederaufnahme als neue Rolle eingesetzt!
UAKUG/NIM_004,16,,rolle,Amneris,Aufführung,
UAKUG/NIM_004,16,,rolle,Rhadames,Aufführung,
UAKUG/NIM_004,16,,rolle,Pharao,Aufführung,
UAKUG/NIM_004,16,,rolle,Ramphis,Aufführung,
UAKUG/NIM_004,16,,rolle,Amonasro,Aufführung,
UAKUG/NIM_004,16,,rolle,Elsa,erwähnt,
UAKUG/NIM_004,17,,person,"Malaniuk, Ira",sänger:in,
UAKUG/NIM_004,17,,person,"Rysanek, Leonie",sänger:in,
UAKUG/NIM_004,17,,person,"Gostic, Josef",sänger:in,
UAKUG/NIM_004,17,,person,"Baylé, Theo",sänger:in,
UAKUG/NIM_004,17,,person,"Kreppel, Walter",sänger:in,
UAKUG/NIM_004,17,,person,"Guthrie, Frederick",sänger:in,
UAKUG/NIM_004,17,,Datum,1956-05-02,erscheinungsdatum,
UAKUG/NIM_004,17,,institution,Neuer Kurier,herausgeber:in,
UAKUG/NIM_004,17,,institution,Wiener Staatsoper,auffuehrungsort,"im Text: ""Haus am Ring"""
UAKUG/NIM_004,17,,werk,Aida,wiederaufnahme,
UAKUG/NIM_004,17,,rolle,Amneris,Aufführung,
UAKUG/NIM_004,17,,rolle,Aida,Aufführung,
UAKUG/NIM_004,17,,rolle,Radames,Aufführung,
UAKUG/NIM_004,17,,rolle,Amonasro,Aufführung,
UAKUG/NIM_004,17,,rolle,Ramphis,Aufführung,
UAKUG/NIM_004,17,,rolle,König,Aufführung,
UAKUG/NIM_004,17,,rolle,Brangäne,erwähnt,
UAKUG/NIM_004,17,,rolle,Herodias,erwähnt,
UAKUG/NIM_004,18,,person,"Tinel, Paul",verfasser:in,
UAKUG/NIM_004,18,,person,"Wagner, Wieland",regisseur:in,
UAKUG/NIM_004,18,,person,"Wagner, Wolfgang",erwähnt,
UAKUG/NIM_004,18,,person,Königin Elisabeth,erwähnt,"(im Original ""reine Elisabeth"")"
UAKUG/NIM_004,18,,person,"Appia, Adolphe",erwähnt,
UAKUG/NIM_004,18,,person,"Mödl, Martha",sänger:in,
UAKUG/NIM_004,18,,person,"Windgassen, Wolfgang",sänger:in,
UAKUG/NIM_004,18,,person,"Malaniuk, Ira",sänger:in,
UAKUG/NIM_004,18,,person,"Neidlinger, Gustav",sänger:in,
UAKUG/NIM_004,18,,person,"Greindl, Josef",sänger:in,
UAKUG/NIM_004,18,,person,"Blankenheim, Toni",sänger:in,
UAKUG/NIM_004,18,,person,"Kuën, Paul",sänger:in,
UAKUG/NIM_004,18,,person,"Stolze, Gerhard",sänger:in,
UAKUG/NIM_004,18,,person,"Pitz, Wilhelm",chorleiter:in,
UAKUG/NIM_004,18,,person,"Wissner, Otto",ausstatter:in,
UAKUG/NIM_004,18,,person,"Eberhardt, Paul",,Rolle Unsicher: im Original: directeur de l'éclairage - also Leiter:in der Beleuchtung?
UAKUG/NIM_004,18,,person,"Thiel, Fred",Kostümbildner:in,
UAKUG/NIM_004,18,,person,"Crampe, Fernand",Bühnenleiter:in,Rolle Unsicher: im Original: chef du plateau - also Bühnenleiter:in?
UAKUG/NIM_004,18,,person,"Simon, Théo",technische leitung,
UAKUG/NIM_004,18,,person,"Keilberth, Joseph",dirigent:in,
UAKUG/NIM_004,18,,person,"Hirsch, Robert",erwähnt,Name nicht eindeutig auffindbar
UAKUG/NIM_004,18,,person,"Pfeiffer, Mme",erwähnt,Name nicht eindeutig auffindbar
UAKUG/NIM_004,18,,person,"voioumaa, Mme",erwähnt,Name nicht eindeutig auffindbar
UAKUG/NIM_004,18,,person,"Strachwitz, Graf von",erwähnt,Name nicht eindeutig auffindbar
UAKUG/NIM_004,18,,person,"Rogatschewsky, Joseph",erwähnt,Name nicht eindeutig auffindbar
UAKUG/NIM_004,18,,person,"Rogatschewsky, Mme",erwähnt,Name nicht eindeutig auffindbar
UAKUG/NIM_004,18,,person,"Kuborn, M.",erwähnt,Name nicht eindeutig auffindbar
UAKUG/NIM_004,18,,person,"Kuborn - de Gauquier, Mme",erwähnt,Name nicht eindeutig auffindbar
UAKUG/NIM_004,18,,person,"Reding, Jeannine",erwähnt,Name nicht eindeutig auffindbar
UAKUG/NIM_004,18,,ort,Bayreuth,erwähnt,
UAKUG/NIM_004,18,,institution,Théâtre royal de la Monnaie,auffuehrungsort,
UAKUG/NIM_004,18,,institution,Bayreuther Festspiele,erwähnt,
UAKUG/NIM_004,18,,werk,Tristan und Isolde,Aufführung,
UAKUG/NIM_004,18,,rolle,Tristan,Aufführung,
UAKUG/NIM_004,18,,rolle,Marke,Aufführung,
UAKUG/NIM_004,18,,rolle,Isolde,Aufführung,
UAKUG/NIM_004,18,,rolle,Brangäne,Aufführung,
UAKUG/NIM_004,18,,rolle,Kurwenal,Aufführung,
UAKUG/NIM_004,18,,rolle,Melot ,Aufführung,
UAKUG/NIM_004,18,,rolle,Ein Steuermann,Aufführung,
UAKUG/NIM_004,18,,rolle,pâtre,Aufführung,
UAKUG/NIM_004,19,,person,"Suthaus, Ludwig",sänger:in,
UAKUG/NIM_004,19,,person,"Rialland, Louis",sänger:in,
UAKUG/NIM_004,19,,person,"Massard, Robert",sänger:in,
UAKUG/NIM_004,19,,person,"Rouquetty, Camille",sänger:in,
UAKUG/NIM_004,19,,person,"Malaniuk, Ira",sänger:in,
UAKUG/NIM_004,19,,person,"Schöffler, Paul",sänger:in,
UAKUG/NIM_004,19,,person,"Weber, Ludwig",sänger:in,
UAKUG/NIM_004,19,,person,"Varnay, Astrid",sänger:in,
UAKUG/NIM_004,19,,person,"Knappertsbusch, Hans",dirigent:in,
UAKUG/NIM_004,19,,person,René Dumesnil,verfasser:in,
UAKUG/NIM_004,19,,"ort, datum","Paris, 1956",Aufführung,
UAKUG/NIM_004,19,,"ort, datum","Paris, 1955",Aufführung,
UAKUG/NIM_004,19,,Datum,1956-05-13/1956-05-14,erscheinungsdatum,
UAKUG/NIM_004,19,,institution,Académie nationale de musique,erwähnt,
UAKUG/NIM_004,19,,institution,Le Monde,herausgeber:in,
UAKUG/NIM_004,19,,werk,Tristan und Isolde,Aufführung,
UAKUG/NIM_004,19,,werk,Der Ring des Niebelungen,erwähnt,Auch in Werkindex einfügen oder reichen  dort die einzelnen Werke?
UAKUG/NIM_004,19,,rolle,Tristan,Aufführung,
UAKUG/NIM_004,19,,rolle,Marke,Aufführung,
UAKUG/NIM_004,19,,rolle,Isolde,Aufführung,
UAKUG/NIM_004,19,,rolle,Loge,erwähnt,
UAKUG/NIM_004,19,,rolle,Sigmund,erwähnt,
UAKUG/NIM_004,19,,rolle,Fricka,erwähnt,
UAKUG/NIM_004,19,,rolle,Brangäne,Aufführung,
UAKUG/NIM_004,19,,rolle,Kurwenal,Aufführung,
UAKUG/NIM_004,19,,rolle,Melot ,Aufführung,
UAKUG/NIM_004,19,,rolle,Ein Steuermann,Aufführung,im Original: Le Matelot
UAKUG/NIM_004,19,,rolle,Ein Hirte,Aufführung,
UAKUG/NIM_004,22,,person,"Malaniuk, Ira",verfasser:in,
UAKUG/NIM_004,22,,person,"Cox, Warren",adressat:in,
UAKUG/NIM_004,22,,"ort, datum","Wien, 1957-09-07",entstehung,
UAKUG/NIM_004,22,,Datum,1957-08-27,erwähnt,
UAKUG/NIM_004,,,,,,
UAKUG/NIM_004,,,,,,
UAKUG/NIM_004,,,,,,
UAKUG/NIM_004,,,,,,
UAKUG/NIM_004,23,,person,"Malaniuk, Ira",adressat:in,
UAKUG/NIM_004,23,,person,"Warren, Cox",empfänger:in,
UAKUG/NIM_004,23,,"ort, datum","Wien, 1957-11-26",entstehung,
UAKUG/NIM_004,23,,ort,New York,zielort,
UAKUG/NIM_004,23,,institution,National Artists Corporation,empfänger:in,
UAKUG/NIM_004,24,,person,"Malaniuk, Ira",verfasser:in,
UAKUG/NIM_004,24,,person,"Malaniuk, Josef (Osyp)",erwähnt,
UAKUG/NIM_004,24,,person,"Didur, Adam",erwähnt,
UAKUG/NIM_004,24,,person,"Bahr-Mildenburg, Anna",erwähnt,
UAKUG/NIM_004,24,,person,"Baasch, Dr. med. Ernst",erwähnt,
UAKUG/NIM_004,24,,person,"Mozart, Wolfgang Amadeus",erwähnt,
UAKUG/NIM_004,24,,person,"Gluck, Christoph Willibald",erwähnt,
UAKUG/NIM_004,24,,ort,Lemberg,erwähnt,
UAKUG/NIM_004,24,,ort,Wien,erwähnt,
UAKUG/NIM_004,24,,ort,Graz,erwähnt,
UAKUG/NIM_004,24,,ort,Zürich,erwähnt,
UAKUG/NIM_004,24,,ort,München,erwähnt,
UAKUG/NIM_004,24,,ort,Bayreuth,erwähnt,
UAKUG/NIM_004,24,,ort,Salzburg,erwähnt,
UAKUG/NIM_004,24,,ort,London,erwähnt,
UAKUG/NIM_004,24,,ort,Paris,erwähnt,
UAKUG/NIM_004,24,,ort,Mailand,erwähnt,
UAKUG/NIM_004,24,,ort,Rom,erwähnt,
UAKUG/NIM_004,24,,ort,Neapel,erwähnt,
UAKUG/NIM_004,24,,ort,Venedig,erwähnt,
UAKUG/NIM_004,24,,ort,Berlin,erwähnt,
UAKUG/NIM_004,24,,ort,Hamburg,erwähnt,
UAKUG/NIM_004,24,,ort,Frankfurt,erwähnt,
UAKUG/NIM_004,24,,ort,Stuttgart,erwähnt,
UAKUG/NIM_004,24,,ort,Monte Carlo,erwähnt,
UAKUG/NIM_004,24,,ort,Lissabon,erwähnt,
UAKUG/NIM_004,24,,ort,Buenos Aires,erwähnt,
UAKUG/NIM_004,24,,ort,Stanislau,erwähnt,
UAKUG/NIM_004,24,,"ort, datum","Zürich, 1947-1952",Spielzeit,Stadttheater Zürich
UAKUG/NIM_004,24,,"ort, datum","München, 1952-1957",Spielzeit,Staatsoper München
UAKUG/NIM_004,24,,"ort, datum","Wien, ab 1956",Spielzeit,Staatsoper Wien
UAKUG/NIM_004,24,,"ort, datum","Bayreuth, 1951-1953",gastspiel,
UAKUG/NIM_004,24,,"ort, datum","Salzburg, 1956",gastspiel,Festspiel
UAKUG/NIM_004,24,,institution,Philipps,erwähnt,Plattenvertrag
UAKUG/NIM_004,24,,institution,Decca,erwähnt,Plattenvertrag
UAKUG/NIM_004,24,,rolle,Orpheus,erwähnt,
UAKUG/NIM_004,24,,rolle,Brangäne,erwähnt,
UAKUG/NIM_004,24,,rolle,Amneris,erwähnt,
UAKUG/NIM_004,24,,rolle,Carmen,erwähnt,
UAKUG/NIM_004,24,,rolle,Sextus,erwähnt,
UAKUG/NIM_004,24,,institution,Musikakademie in Lemberg,erwähnt,
UAKUG/NIM_004,24,,institution,Volksoper Wien,erwähnt,
UAKUG/NIM_004,24,,institution,Stadttheater Zürich,erwähnt,
UAKUG/NIM_004,24,,institution,Staatsoper München,erwähnt,
UAKUG/NIM_004,24,,institution,Staatsoper Wien,erwähnt,
UAKUG/NIM_004,24,,institution,Salzburger Festspiele,erwähnt,
UAKUG/NIM_004,24,,werk,Orpheus und Eurydike,erwähnt,
UAKUG/NIM_004,24,,werk,Tristan und Isolde,erwähnt,
UAKUG/NIM_004,24,,werk,Aida,erwähnt,
UAKUG/NIM_004,24,,werk,Carmen,erwähnt,
UAKUG/NIM_004,24,,werk,La clemenza di Tito,erwähnt,
UAKUG/NIM_004,25,,person,"Malaniuk, Ira",auftritt,
UAKUG/NIM_004,25,,person,"Beaton, Cecil Walter Hardy",ausstatter:in,
UAKUG/NIM_004,25,,person,"Mitropoulos, Dimitri",dirigent:in,
UAKUG/NIM_004,25,,person,"Menotti, Gian Carlo",librettist:in,
UAKUG/NIM_004,25,,person,"Barber, Samuel",Komponist:in,
UAKUG/NIM_004,25,,Datum,1958-04-09,erscheinungsdatum,
UAKUG/NIM_004,25,,Datum,1958-08-16,auftritt,
UAKUG/NIM_004,25,,ort,Salzburg,auffuehrungsort,
UAKUG/NIM_004,25,,institution,Metropolitan Opera,erwähnt,
UAKUG/NIM_004,25,,werk,Vanessa,Aufführung,
UAKUG/NIM_004,26,,werk,Mozarts Requium ,auftritt,
UAKUG/NIM_004,26,,werk,E-Dur Messe,auftritt,
UAKUG/NIM_004,26,,person,"Mozart, Wolfgang Amadeus ",Komponist:in,
UAKUG/NIM_004,26,,person,"Schubert, Franz",Komponist:in,
UAKUG/NIM_004,26,,werk,Ave Maria,auftritt,
UAKUG/NIM_004,26,,person,"Kupferberg, Herbert",verfasser:in,
UAKUG/NIM_004,26,,person,"Böhm,Karl ",dirigent:in,
UAKUG/NIM_004,26,,institution,Wiener Symphoniker ,Aufführung,
UAKUG/NIM_004,26,,institution,Wiener Staatopernchor,Aufführung,
UAKUG/NIM_004,26,,person,"Malaniuk, Ira",sänger:in,
UAKUG/NIM_004,26,,person,"Kmett, Waldemar",sänger:in,
UAKUG/NIM_004,26,,person,"Böhme, Kurt",sänger:in,
UAKUG/NIM_004,26,,person,"Stich-Randall, Teresa",sänger:in,
UAKUG/NIM_004,26,,person,"Moralt, Rudolf",dirigent:in,
UAKUG/NIM_004,26,,institution,R. C. A. -VIctor,erwähnt,
UAKUG/NIM_004,26,,institution,Epic Records,erwähnt,
UAKUG/NIM_004,27,,person,,vermittler:in,Fotos und Zeitungsausschnitte zu Malaniuk werden an sie zurückgesendet.
UAKUG/NIM_004,27,,person,"Malaniuk, Ira",adressat:in,
UAKUG/NIM_004,27,,person,"Snider, Margaret",unterzeichner:in,
UAKUG/NIM_004,27,,person,"Semon, Mrs.",erwähnt,
UAKUG/NIM_004,27,,"ort, datum","New York, 1959-10-27",entstehung,
UAKUG/NIM_004,27,,ort,"Zürich, Zurichbergstrasse 104",zielort,
UAKUG/NIM_004,27,,institution,National Artists Corporation ,vermittler:in,
UAKUG/NIM_004,28,,person,"Malaniuk, Ira",auftritt,
UAKUG/NIM_004,28,,ort,Wien,Aufführung,
UAKUG/NIM_004,28,,ort,München,Aufführung,
UAKUG/NIM_004,28,,ort,Paris,Aufführung,
UAKUG/NIM_004,28,,institution,Vienna Opera compagny,Aufführung,
UAKUG/NIM_004,28,,institution,Munich Opera compagny,Aufführung,
UAKUG/NIM_004,28,,institution,Paris Opera compagny,Aufführung,
UAKUG/NIM_004,28,,institution,Convent Garden Opera compagny,Aufführung,
UAKUG/NIM_004,28,,ereignis,Salzburg Festival,Aufführung,
UAKUG/NIM_004,28,,ereignis,Bartok Festival,Aufführung,
UAKUG/NIM_004,28,,institution,Opera News,erwähnt,
UAKUG/NIM_004,28,,rolle,Vanessa,Aufführung,
UAKUG/NIM_004,28,,rolle,Arabella,Aufführung,
UAKUG/NIM_004,28,,werk,Bluebarts Castle,Aufführung,
,,,ort,Basel,Aufführung,
,,,,,,
,,,,,,
,,,,,,
,,,,,,
,,,,,,
,,,,,,
UAKUG/NIM_004,29,,person,Levinger. Dr. Henry W.,verfasser:in,
UAKUG/NIM_004,29,,person,"Malaniuk, Ira",protagonist,
UAKUG/NIM_004,29,,person,"Malaniuk, Josef (Osyp)",erwähnt,
UAKUG/NIM_004,29,,person,"Didur, Adam",erwähnt,
UAKUG/NIM_004,29,,person,"Bahr-Mildenburg, Anna",erwähnt,
UAKUG/NIM_004,29,,person,"Baasch, Dr. med. Ernst",erwähnt,
UAKUG/NIM_004,29,,person,"Mozart, Wolfgang Amadeus",erwähnt,
UAKUG/NIM_004,29,,person,"Gluck, Christoph Willibald",erwähnt,
UAKUG/NIM_004,29,,ort,Lemberg,erwähnt,
UAKUG/NIM_004,29,,ort,Wien,erwähnt,
UAKUG/NIM_004,29,,ort,Graz,erwähnt,
UAKUG/NIM_004,29,,ort,Zürich,erwähnt,
UAKUG/NIM_004,29,,ort,München,erwähnt,
UAKUG/NIM_004,29,,ort,Bayreuth,erwähnt,
UAKUG/NIM_004,29,,ort,Salzburg,erwähnt,
UAKUG/NIM_004,29,,ort,London,erwähnt,
UAKUG/NIM_004,29,,ort,Paris,erwähnt,
UAKUG/NIM_004,29,,ort,Mailand,erwähnt,
UAKUG/NIM_004,29,,ort,Rom,erwähnt,
UAKUG/NIM_004,29,,ort,Neapel,erwähnt,
UAKUG/NIM_004,29,,ort,Venedig,erwähnt,
UAKUG/NIM_004,29,,ort,Berlin,erwähnt,
UAKUG/NIM_004,29,,ort,Hamburg,erwähnt,
UAKUG/NIM_004,29,,ort,Frankfurt,erwähnt,
UAKUG/NIM_004,29,,ort,Stuttgart,erwähnt,
UAKUG/NIM_004,29,,ort,Monte Carlo,erwähnt,
UAKUG/NIM_004,29,,ort,Lissabon,erwähnt,
UAKUG/NIM_004,29,,ort,Buenos Aires,erwähnt,
UAKUG/NIM_004,29,,ort,Stanislau,erwähnt,
UAKUG/NIM_004,29,,"ort, datum","Zürich, 1947-1952",Spielzeit,Stadttheater Zürich
UAKUG/NIM_004,29,,"ort, datum","München, 1952-1957",Spielzeit,Staatsoper München
UAKUG/NIM_004,29,,"ort, datum","Wien, ab 1956",Spielzeit,Staatsoper Wien
UAKUG/NIM_004,29,,"ort, datum","Bayreuth, 1951-1953",gastspiel,
UAKUG/NIM_004,29,,"ort, datum","Salzburg, 1956",gastspiel,Festspiel
UAKUG/NIM_004,29,,institution,Philipps,erwähnt,Plattenvertrag
UAKUG/NIM_004,29,,institution,Decca,erwähnt,Plattenvertrag
UAKUG/NIM_004,29,,rolle,Orpheus,erwähnt,
UAKUG/NIM_004,29,,rolle,Brangäne,erwähnt,
UAKUG/NIM_004,29,,rolle,Amneris,erwähnt,
UAKUG/NIM_004,29,,rolle,Carmen,erwähnt,
UAKUG/NIM_004,29,,rolle,Sextus,erwähnt,
UAKUG/NIM_004,29,,rolle,Sextus,erwähnt,
UAKUG/NIM_004,29,,institution,Musikakademie in Lemberg,erwähnt,
UAKUG/NIM_004,29,,institution,Wiener Volksoper,erwähnt,
UAKUG/NIM_004,29,,institution,Stadttheater Graz,erwähnt,
UAKUG/NIM_004,29,,institution,Stadttheater Zürich,erwähnt,
UAKUG/NIM_004,29,,institution,Staatsoper München,erwähnt,
UAKUG/NIM_004,29,,institution,Staatsoper Wien,erwähnt,
UAKUG/NIM_004,29,,institution,Salzburger Festspiele,erwähnt,
UAKUG/NIM_004,29,,werk,Orpheus und Eurydike,erwähnt,
UAKUG/NIM_004,29,,werk,Tristan und Isolde,erwähnt,
UAKUG/NIM_004,29,,werk,Aida,erwähnt,
UAKUG/NIM_004,29,,werk,Carmen,erwähnt,
UAKUG/NIM_004,29,,werk,La clemenza di Tito,erwähnt,
UAKUG/NIM_004,30,,person,"Malaniuk, Ira",erwähnt,
UAKUG/NIM_004,30,,ort,"Zürich, Zürichbergstrasse 104",erwähnt,
UAKUG/NIM_004,30,,person,"Verdi, Giuseppe",Komponist:in,
UAKUG/NIM_004,30,,person,"Puccini, Giacomo",Komponist:in,
UAKUG/NIM_004,30,,person,"Bizet, Georges",Komponist:in,
UAKUG/NIM_004,30,,person,"Mozart, Wolfgang Amadeus",Komponist:in,
UAKUG/NIM_004,30,,person,"Wagner, Richard",Komponist:in,
UAKUG/NIM_004,30,,person,"Kienzl, Wilhelm",Komponist:in,
UAKUG/NIM_004,30,,person,"Musorgskij, Modest Petrovič",Komponist:in,
UAKUG/NIM_004,30,,person,"Čajkovskij, Pëtr Ilʹič",Komponist:in,
UAKUG/NIM_004,30,,person,"Strauss, Richard",Komponist:in,
UAKUG/NIM_004,30,,person,"Bartók, Béla",Komponist:in,
UAKUG/NIM_004,30,,person,"Kodály, Zoltán",Komponist:in,
UAKUG/NIM_004,30,,person,"Janáček, Leoš",Komponist:in,
UAKUG/NIM_004,30,,person,"Honegger, Arthur",Komponist:in,
UAKUG/NIM_004,30,,person,"Stravinsky, Igor",Komponist:in,
UAKUG/NIM_004,30,,werk,Aida,erwähnt,
UAKUG/NIM_004,30,,werk,Troubadour,erwähnt,
UAKUG/NIM_004,30,,werk,Ein Maskenball,erwähnt,
UAKUG/NIM_004,30,,werk,Fallstaff,erwähnt,mit Tippfehler aus der Quelle übernommen
UAKUG/NIM_004,30,,werk,Rigoletto,erwähnt,
UAKUG/NIM_004,30,,werk,Macbeth,erwähnt,
UAKUG/NIM_004,30,,werk,Madame Butterfly,erwähnt,
UAKUG/NIM_004,30,,werk,Carmen,erwähnt,
UAKUG/NIM_004,30,,werk,Figaro,erwähnt,
UAKUG/NIM_004,30,,werk,Cosi fan Tutte,erwähnt,
UAKUG/NIM_004,30,,werk,Zauberflöte,erwähnt,
UAKUG/NIM_004,30,,werk,Titus,erwähnt,
UAKUG/NIM_004,30,,werk,Lohengrin,erwähnt,
UAKUG/NIM_004,30,,werk,Tristan und Isolde,erwähnt,
UAKUG/NIM_004,30,,werk,Tannhäuser,erwähnt,
UAKUG/NIM_004,30,,werk,Meistersinger,erwähnt,
UAKUG/NIM_004,30,,werk,Walküre,erwähnt,
UAKUG/NIM_004,30,,werk,Götterdämmerung,erwähnt,
UAKUG/NIM_004,30,,werk,Der Evangelimann,erwähnt,
UAKUG/NIM_004,30,,werk,Boris Godunow,erwähnt,
UAKUG/NIM_004,30,,werk,Howantschina,erwähnt,
UAKUG/NIM_004,30,,werk,Eugen Onegin,erwähnt,
UAKUG/NIM_004,30,,werk,Pique Dame,erwähnt,
UAKUG/NIM_004,30,,werk,Der Rosenkawalier,erwähnt,Tippfehler übernommen
UAKUG/NIM_004,30,,werk,Daphne,erwähnt,
UAKUG/NIM_004,30,,werk,Herzog Blaubarts Burg,erwähnt,
UAKUG/NIM_004,30,,werk,Die Spinnstube,erwähnt,
UAKUG/NIM_004,30,,werk,Katja Kabanova,erwähnt,
UAKUG/NIM_004,30,,werk,Judith,erwähnt,
UAKUG/NIM_004,30,,werk,Les Noces,erwähnt,
UAKUG/NIM_004,30,,rolle,Amneris,repertoire,
UAKUG/NIM_004,30,,rolle,Azucena,repertoire,
UAKUG/NIM_004,30,,rolle,Ulrika,repertoire,
UAKUG/NIM_004,30,,rolle,Quickly,repertoire,
UAKUG/NIM_004,30,,rolle,Meg,repertoire,
UAKUG/NIM_004,30,,rolle,Maddalena,repertoire,
UAKUG/NIM_004,30,,rolle,Lady Macbeth,repertoire,
UAKUG/NIM_004,30,,rolle,Suzuki,repertoire,
UAKUG/NIM_004,30,,rolle,Carmen,repertoire,
UAKUG/NIM_004,30,,rolle,Cherubin,repertoire,
UAKUG/NIM_004,30,,rolle,Dorabella,repertoire,
UAKUG/NIM_004,30,,rolle,3. Dame,repertoire,
UAKUG/NIM_004,30,,rolle,Sextus,repertoire,
UAKUG/NIM_004,30,,rolle,Ortrud,repertoire,
UAKUG/NIM_004,30,,rolle,Brangäne,repertoire,
UAKUG/NIM_004,30,,rolle,Venus,repertoire,
UAKUG/NIM_004,30,,rolle,Magdalena,repertoire,
UAKUG/NIM_004,30,,rolle,Fricka,repertoire,
UAKUG/NIM_004,30,,rolle,Waltraude,repertoire,Tippfehler übernommen
UAKUG/NIM_004,30,,rolle,Magdalena,repertoire,
UAKUG/NIM_004,30,,rolle,Marina,repertoire,
UAKUG/NIM_004,30,,rolle,Marfa,repertoire,
UAKUG/NIM_004,30,,rolle,Olga,repertoire,
UAKUG/NIM_004,30,,rolle,Filipiewna,repertoire,
UAKUG/NIM_004,30,,rolle,Oktavian,repertoire,Tippfehler übernommen
UAKUG/NIM_004,30,,rolle,Gaea,repertoire,
UAKUG/NIM_004,30,,rolle,Judith,repertoire,bei Kodaly
UAKUG/NIM_004,30,,rolle,Hausfrau,repertoire,
UAKUG/NIM_004,30,,rolle,Kabanicha,repertoire,
UAKUG/NIM_004,30,,rolle,Judith,repertoire,bei Honegger
UAKUG/NIM_004,31,,person,"Savelli, Laurent",verfasser:in,
UAKUG/NIM_004,31,,person,"Strauss, Richard",Komponist:in,
UAKUG/NIM_004,31,,person,"Besnard, Maurice",erwähnt,
UAKUG/NIM_004,31,,person,"Samazeuilh, Gustave",übersetzer:in,
UAKUG/NIM_004,31,,person,"Prêtre, Georges",dirigent:in,
UAKUG/NIM_004,31,,person,"Moralt, Rudolf",dirigent:in,
UAKUG/NIM_004,31,,person,"Reinhard, Georges",ausstatter:in,
UAKUG/NIM_004,31,,person,"Cortis, Marcello",bühnenbildner:in,
UAKUG/NIM_004,31,,person,"Zadek, Hilde",sänger:in,
UAKUG/NIM_004,31,,person,"Loose, Emmy",sänger:in,
UAKUG/NIM_004,31,,person,"Weber, Ludwig",sänger:in,
UAKUG/NIM_004,31,,person,"Rössl-Majdan, Hilde",sänger:in,
UAKUG/NIM_004,31,,person,"Kuën, Paul",sänger:in,
UAKUG/NIM_004,31,,person,"Pandano, Vittorio",sänger:in,
UAKUG/NIM_004,31,,person,"Kunz, Erich",sänger:in,
UAKUG/NIM_004,31,,person,"Autran, Victor",sänger:in,
UAKUG/NIM_004,31,,person,Willy Heyer,sänger:in,
UAKUG/NIM_004,31,,person,"Majkut, Erich",sänger:in,
UAKUG/NIM_004,31,,person,"Carey, Michel",sänger:in,
UAKUG/NIM_004,31,,person,"Malaniuk, Ira",sänger:in,
UAKUG/NIM_004,31,,institution,Opéra de Monte-Carlo,auffuehrungsort,
UAKUG/NIM_004,31,,institution,Opéra de Monte-Carlo. Orchestre national,auftritt,
UAKUG/NIM_004,31,,werk,Capriccio,erwähnt,
UAKUG/NIM_004,31,,werk,Der Rosenkavalier,Aufführung,
UAKUG/NIM_004,31,,institution,Théâtre National de l'Opéra-Comique,erwähnt,
UAKUG/NIM_004,31,,rolle,Octavian,Aufführung,im Original: Chevalier
UAKUG/NIM_004,31,,rolle,Die Feldmarschallin Fürstin Werdenberg,Aufführung,im Original: la maréchale
UAKUG/NIM_004,31,,rolle,Sophie,Aufführung,
UAKUG/NIM_004,31,,rolle,Der Baron Ochs auf Lerchenau,Aufführung,im Original: baron Ochs
UAKUG/NIM_004,31,,rolle,Annina,Aufführung,
UAKUG/NIM_004,31,,rolle,Valzacchi,Aufführung,
UAKUG/NIM_004,31,,rolle,Ein Sänger,Aufführung,im Original: le chanteur
UAKUG/NIM_004,31,,rolle,Faninal,Aufführung,
UAKUG/NIM_004,31,,rolle,Ein Notar,Aufführung,im Original: le Notaire
UAKUG/NIM_004,31,,rolle,Ein Polizeikommissär,Aufführung,im Original: le Commissaire
UAKUG/NIM_004,31,,rolle,Ein Wirt,Aufführung,im Original: l'aubergiste
UAKUG/NIM_004,31,,rolle,Der Haushofmeister bei Faninal,Aufführung,im Original: l'intendant de Faninal
UAKUG/NIM_004,31,,rolle,Der Haushofmeister der Marschallin ,Aufführung,elegant intendant de la Maréchale
UAKUG/NIM_004,32,,person,"Krauss, Clemens",erwähnt,
UAKUG/NIM_004,32,,person,"Strauss, Richard",Komponist:in,
UAKUG/NIM_004,32,,person,"Hartmann, Rudolf",erwähnt,
UAKUG/NIM_004,32,,person,"Della Casa, Lisa",sänger:in,
UAKUG/NIM_004,32,,person,"Chenier, André",sänger:in,
UAKUG/NIM_004,32,,person,"Holm, Richard",sänger:in,
UAKUG/NIM_004,32,,person,"Günter, Horst",sänger:in,
UAKUG/NIM_004,32,,person,"Wieter, Georg",sänger:in,
UAKUG/NIM_004,32,,person,"Kuen, Paul",sänger:in,
UAKUG/NIM_004,32,,person,"Köth, Erika",sänger:in,
UAKUG/NIM_004,32,,person,"Cesare, curzi",sänger:in,
UAKUG/NIM_004,32,,person,"Heger, Robert",sänger:in,
UAKUG/NIM_004,32,,person,"Malaniuk, Ira",sänger:in,
UAKUG/NIM_004,32,,person,Sch. K.,verfasser:in,unklar
UAKUG/NIM_004,32,,person,"Preys, Hermann",sänger:in,
UAKUG/NIM_004,32,,person,"Wiener, Otto",sänger:in,
UAKUG/NIM_004,32,,institution,Cuvilliéstheater,auffuehrungsort,
UAKUG/NIM_004,32,,werk,Capriccio,Aufführung,
UAKUG/NIM_004,32,,rolle,Clairon,auftritt,
UAKUG/NIM_004,32,,rolle,La Roche,auftritt,
UAKUG/NIM_004,32,,ort,München,auffuehrungsort,
UAKUG/NIM_004,32,,rolle,Gräfin Madeleine,erwähnt,
UAKUG/NIM_004,33,,institution,Neue Zeit,herausgeber:in,
UAKUG/NIM_004,33,,person,"Kaufmann, Harald",verfasser:in,
UAKUG/NIM_004,33,,ort,Graz,auffuehrungsort,
UAKUG/NIM_004,33,,ort,München,erwähnt,
UAKUG/NIM_004,33,,ort,Stuttgart,erwähnt,
UAKUG/NIM_004,33,,ort,Linz,erwähnt,
UAKUG/NIM_004,33,,ort,Wien,erwähnt,
UAKUG/NIM_004,33,,person,"Caridis, Militades",dirigent:in,
UAKUG/NIM_004,33,,institution,Musikverein Graz,erwähnt,
UAKUG/NIM_004,33,,institution,Oper Graz,erwähnt,
UAKUG/NIM_004,33,,person,"Beethoven, Ludwig van",Komponist:in,
UAKUG/NIM_004,33,,werk,Die Geschöpfe des Prometheus,Aufführung,
UAKUG/NIM_004,33,,werk,8. Symphonie,Aufführung,Beethoven
UAKUG/NIM_004,33,,person,"Brahms, Johannes",Komponist:in,
UAKUG/NIM_004,33,,werk,3. Symphonie,Aufführung,Brahms
UAKUG/NIM_004,33,,werk,Don Giovanni,erwähnt,
UAKUG/NIM_004,33,,werk,Fidelio,erwähnt,
UAKUG/NIM_004,33,,person,"Rossini, Gioachino",Komponist:in,
UAKUG/NIM_004,33,,werk,Stabat mater,Aufführung,Rossini
UAKUG/NIM_004,33,,person,"Malaniuk, Ira",sänger:in,
UAKUG/NIM_004,33,,person,"Mathels, Elsa",sänger:in,
UAKUG/NIM_004,33,,person,"Wehofschitz, Kurt",sänger:in,
UAKUG/NIM_004,33,,person,"Zimmermann, Wolfram",sänger:in,
UAKUG/NIM_004,33,,rolle,Amneris,erwähnt,handschriftliche Notiz
,,,,,,
UAKUG/NIM_004,34,,person,"Malaniuk, Ira",protagonist,
UAKUG/NIM_004,34,,"ort, datum",06-09,erscheinungsdatum,ohne Jahr
UAKUG/NIM_004,34,,institution,Österreichische neue Tageszeitung,herausgeber:in,
UAKUG/NIM_004,34,,institution,Bayreuther Festspiele,erwähnt,
UAKUG/NIM_004,34,,rolle,Brangäne,erwähnt,
UAKUG/NIM_004,34,,werk,Tristan und Isolde,erwähnt,
UAKUG/NIM_004,34,,rolle,Amneris,erwähnt,
UAKUG/NIM_004,34,,person,"Wagner, Richard",erwähnt,
UAKUG/NIM_004,34,,rolle,Venus,erwähnt,
UAKUG/NIM_005,2,,Datum,1924/1925,erwähnt,
UAKUG/NIM_005,2,,Datum,1929/1939,erwähnt,
UAKUG/NIM_005,2,,institution,volksschule,erwähnt,
UAKUG/NIM_005,2,,ort,Stanislau,erwähnt,
UAKUG/NIM_005,2,,Datum,1929/1930,erwähnt,
UAKUG/NIM_005,2,,Datum,1937/1938,erwähnt,
UAKUG/NIM_005,2,,institution,Gymnasium,erwähnt,
UAKUG/NIM_005,2,,ort,Stanislau,erwähnt,
UAKUG/NIM_005,2,,Datum,1938-06-15,erwähnt,
UAKUG/NIM_005,2,,ereignis,Kursus ,erwähnt,Rest schwer zu entziffern
UAKUG/NIM_005,2,,ort,Stanislau,erwähnt,
UAKUG/NIM_005,2,,Datum,1938,erwähnt,
UAKUG/NIM_005,2,,Datum,1939,erwähnt,
UAKUG/NIM_005,2,,institution,Universität Humanistik,erwähnt,
UAKUG/NIM_005,2,,ort,Lemberg,erwähnt,
UAKUG/NIM_005,2,,Datum,1934/1935,erwähnt,
UAKUG/NIM_005,2,,Datum,1936/1937,erwähnt,
UAKUG/NIM_005,2,,institution,Konversatorium Gesang,erwähnt,
UAKUG/NIM_005,2,,ort,Stanislau,erwähnt,
UAKUG/NIM_005,2,,Datum,1937,erwähnt,
UAKUG/NIM_005,2,,Datum,1939,erwähnt,
UAKUG/NIM_005,2,,institution,Konservatorium Gesang,erwähnt,
UAKUG/NIM_005,2,,ort,Lemberg,erwähnt,
UAKUG/NIM_005,15,,Datum,1939-08-15,erwähnt,
UAKUG/NIM_005,15,,Datum,1940-06-15,erwähnt,
,15,,rolle,Adeptin Solistin,erwähnt,
UAKUG/NIM_005,15,,institution,Große Oper Warschau,erwähnt,
UAKUG/NIM_005,15,,ort,Warschau,erwähnt,
,15,,dokument,Vertrag,erwähnt,
UAKUG/NIM_005,15,,Datum,1940-11-01,erwähnt,
UAKUG/NIM_005,15,,Datum,1941-07-01,erwähnt,
,15,,rolle,Künstl. Solistin,erwähnt,
UAKUG/NIM_005,15,,institution,Staatliche Oper Lemberg,erwähnt,
UAKUG/NIM_005,15,,ort,Lemberg,erwähnt,
UAKUG/NIM_005,15,,dokument,Vertrag,erwähnt,
UAKUG/NIM_005,15,,Datum,1942,erwähnt,
UAKUG/NIM_005,15,,Datum,1944,erwähnt,
UAKUG/NIM_005,15,,rolle,Opernsängerin,erwähnt,
UAKUG/NIM_005,15,,institution,Staatliche Oper Lemberg,erwähnt,
UAKUG/NIM_005,15,,ort,Lemberg,erwähnt,
UAKUG/NIM_005,15,,dokument,Gewerkschaftsausweise,erwähnt,
,15,,dokument,Plakate,erwähnt,
UAKUG/NIM_005,15,,Datum,1942-03-29,erwähnt,
UAKUG/NIM_005,15,,rolle,Solistin,erwähnt,
UAKUG/NIM_005,15,,ereignis,Symphoniekonzert,erwähnt,
UAKUG/NIM_005,15,,ort,Stanislau,erwähnt,
UAKUG/NIM_005,15,,dokument,Kritiken,erwähnt,
UAKUG/NIM_005,15,,Datum,1942-11-23,erwähnt,
UAKUG/NIM_005,15,,rolle,Solistin,erwähnt,
UAKUG/NIM_005,15,,institution,Reichs-Rundfunk-Sender Lemberg,erwähnt,
UAKUG/NIM_005,15,,ort,Lemberg,erwähnt,
UAKUG/NIM_005,15,,dokument,Programme,erwähnt,
UAKUG/NIM_005,15,,dokument,Verträge,erwähnt,
UAKUG/NIM_005,15,,Datum,1942-12-18,erwähnt,
UAKUG/NIM_005,15,,Datum,1943-02-12,erwähnt,
UAKUG/NIM_005,15,,Datum,1943-05-31,erwähnt,
UAKUG/NIM_005,15,,Datum,1943-06-17,erwähnt,
UAKUG/NIM_005,15,,Datum,1943-06-24,erwähnt,
UAKUG/NIM_005,15,,Datum,1944-03,erwähnt,
UAKUG/NIM_005,15,,Datum,1945-05,erwähnt,
UAKUG/NIM_005,15,,rolle,Schülerin Opernklasse,erwähnt,
UAKUG/NIM_005,15,,person,Bahr-Mildenburg,erwähnt,
UAKUG/NIM_005,15,,institution,Musikschule der Stadt Wien,erwähnt,
UAKUG/NIM_005,15,,ort,Wien,erwähnt,
UAKUG/NIM_005,15,,dokument,Bestätigung,erwähnt,
UAKUG/NIM_005,15,,Datum,1944-04-25,erwähnt,
UAKUG/NIM_005,15,,rolle,Solistin,erwähnt,
UAKUG/NIM_005,15,,ereignis,Konzert,erwähnt,
UAKUG/NIM_005,15,,institution,Wiener Hammerling-Gesellschaft,erwähnt,
UAKUG/NIM_005,15,,dokument,Programm,erwähnt,
UAKUG/NIM_005,15,,Datum,1944-08-01,erwähnt,
UAKUG/NIM_005,15,,Datum,1944-08-31,erwähnt,
UAKUG/NIM_005,15,,rolle,Teilnahme am Opernstudio,erwähnt,
UAKUG/NIM_005,15,,institution,Deutsches Musikinstitut für Ausländer Salzburg,erwähnt,
UAKUG/NIM_005,15,,ort,Salzburg,erwähnt,
UAKUG/NIM_005,15,,dokument,Ausweis,erwähnt,
UAKUG/NIM_005,15,,Datum,1945-05,erwähnt,
UAKUG/NIM_005,15,,Datum,1945-09,erwähnt,
UAKUG/NIM_005,15,,rolle,Solistin,erwähnt,
UAKUG/NIM_005,15,,institution,Volksoper Wien,erwähnt,
UAKUG/NIM_005,15,,ort,Wien,erwähnt,
UAKUG/NIM_005,15,,dokument,Gewerkschaftsausweis,erwähnt,
UAKUG/NIM_005,15,,Datum,1945-09-05,erwähnt,
UAKUG/NIM_005,15,,rolle,Solistin,erwähnt,
UAKUG/NIM_005,15,,ereignis,Kammerkonzert,erwähnt,
UAKUG/NIM_005,15,,institution,Gesellschaft für Neue Musik in Wien,erwähnt,
UAKUG/NIM_005,15,,ort,Wien,erwähnt,
UAKUG/NIM_005,15,,dokument,Programm,erwähnt,
UAKUG/NIM_005,15,,Datum,1945-11-01,erwähnt,
UAKUG/NIM_005,15,,Datum,1946-08-31,erwähnt,
UAKUG/NIM_005,15,,rolle,1. Altistin,erwähnt,
UAKUG/NIM_005,15,,institution,Landestheater Linz,erwähnt,
UAKUG/NIM_005,15,,ort,Linz,erwähnt,
UAKUG/NIM_005,15,,dokument,Vertrag,erwähnt,
UAKUG/NIM_005,15,,Datum,1945-09-01,erwähnt,
UAKUG/NIM_005,15,,Datum,1947-08-31,erwähnt,
UAKUG/NIM_005,15,,rolle,1. Dramatische Altistin,erwähnt,
UAKUG/NIM_005,15,,institution,Städtische Bühnen Graz,erwähnt,
UAKUG/NIM_005,15,,ort,Graz,erwähnt,
UAKUG/NIM_005,15,,dokument,Verträge,erwähnt,
UAKUG/NIM_005,15,,Datum,1946/1947,erwähnt,"Erwähnt hier einen Zeitraum: ""5 Monate"""
UAKUG/NIM_005,15,,rolle,Solistin,erwähnt,
UAKUG/NIM_005,15,,institution,Volksoper Wien,erwähnt,
UAKUG/NIM_005,15,,ort,Wien,erwähnt,
UAKUG/NIM_005,15,,dokument,Übereinkommen,erwähnt,
UAKUG/NIM_005,15,,Datum,1947-08-01,erwähnt,
UAKUG/NIM_005,15,,Datum,1948-07-31,erwähnt,
UAKUG/NIM_005,15,,rolle,1. dramatische Altistin und jugendlicher Mezzosopran,erwähnt,
UAKUG/NIM_005,15,,institution,Stadttheater Zürich,erwähnt,
UAKUG/NIM_005,15,,ort,Zürich,erwähnt,
UAKUG/NIM_005,15,,dokument,Dienstvertrag,erwähnt,
UAKUG/NIM_005,15,,Datum,1948-06-11,erwähnt,
UAKUG/NIM_005,15,,rolle,Solistin,erwähnt,
UAKUG/NIM_005,15,,ereignis,Kammerkonzert,erwähnt,
UAKUG/NIM_005,15,,institution,Häusermann'scher Privatchor Zürich,erwähnt,
UAKUG/NIM_005,15,,ort,Zürich,erwähnt,
UAKUG/NIM_005,15,,dokument,Programm,erwähnt,
UAKUG/NIM_005,15,,Datum,1948-08-01,erwähnt,
UAKUG/NIM_005,15,,Datum,1949-07-31,erwähnt,
UAKUG/NIM_005,15,,rolle,1. dramatische Altistin und jugendlicher Mezzosopran,erwähnt,
UAKUG/NIM_005,15,,institution,Stadttheater Zürich,erwähnt,
UAKUG/NIM_005,15,,ort,Zürich,erwähnt,
UAKUG/NIM_005,15,,dokument,Dienstvertrag,erwähnt,
UAKUG/NIM_005,15,,Datum,1948-09-08,erwähnt,
UAKUG/NIM_005,15,,rolle,Solistin,erwähnt,
UAKUG/NIM_005,15,,ereignis,Radiokonzert,erwähnt,
UAKUG/NIM_005,15,,ort,Geneve,erwähnt,
UAKUG/NIM_005,15,,dokument,Vertrag,erwähnt,
UAKUG/NIM_005,15,,Datum,1949-02-20,erwähnt,
UAKUG/NIM_005,15,,rolle,Altsolo,erwähnt,
UAKUG/NIM_005,15,,werk,Elias,erwähnt,
UAKUG/NIM_005,15,,institution,Lehrergesangsverein Zürich,erwähnt,
UAKUG/NIM_005,15,,ort,Zürich,erwähnt,
UAKUG/NIM_005,15,,dokument,Programm,erwähnt,
UAKUG/NIM_005,15,,Datum,1949-05-11,erwähnt,
UAKUG/NIM_005,15,,rolle,Solistin,erwähnt,
UAKUG/NIM_005,15,,ereignis,Radiokonzert,erwähnt,
UAKUG/NIM_005,15,,institution,Schweizerischer Landessender Beromünster,erwähnt,
UAKUG/NIM_005,15,,ort,Beromünster,erwähnt,
UAKUG/NIM_005,15,,dokument,Vertrag,erwähnt,
UAKUG/NIM_005,15,,Datum,1949-08-01,erwähnt,
UAKUG/NIM_005,15,,Datum,1950-07-31,erwähnt,
UAKUG/NIM_005,15,,rolle,1. dramatische Altistin und jugendlicher Mezzosopran,erwähnt,
UAKUG/NIM_005,15,,institution,Stadttheater Zürich,erwähnt,
UAKUG/NIM_005,15,,ort,Zürich,erwähnt,
UAKUG/NIM_005,15,,dokument,Dienstvertrag,erwähnt,
UAKUG/NIM_005,15,,Datum,1949-10-05,erwähnt,
UAKUG/NIM_005,15,,rolle,Solistin,erwähnt,
UAKUG/NIM_005,15,,ereignis,Abonnementkonzert,erwähnt,
UAKUG/NIM_005,15,,institution,Grand Theatre Geneve,erwähnt,
UAKUG/NIM_005,15,,institution,Orchestre de la Suisse Romande,erwähnt,
UAKUG/NIM_005,15,,ort,Geneve,erwähnt,
UAKUG/NIM_005,15,,dokument,Korrespondenz,erwähnt,
UAKUG/NIM_005,15,,dokument,Programm,erwähnt,
UAKUG/NIM_005,16,,Datum,1949-12-03,erwähnt,
UAKUG/NIM_005,16,,rolle,Solistin,erwähnt,
UAKUG/NIM_005,16,,ereignis,Gesellschaftsabend Zürcher Theaterverein,erwähnt,
UAKUG/NIM_005,16,,institution,Zürcher Theaterverein,erwähnt,
UAKUG/NIM_005,16,,,Brief,erwähnt,dokument
UAKUG/NIM_005,16,,Datum,1950-01-02,erwähnt,
UAKUG/NIM_005,16,,Datum,1950-01-22,erwähnt,
UAKUG/NIM_005,16,,rolle,Solistin,erwähnt,
UAKUG/NIM_005,16,,institution,Gran Teatro del Liceu,erwähnt,
UAKUG/NIM_005,16,,ort,Barcelona,erwähnt,
UAKUG/NIM_005,16,,person,Vertrag,erwähnt,dokument
UAKUG/NIM_005,16,,Datum,1950-03-17,erwähnt,
UAKUG/NIM_005,16,,Datum,1950-03-19,erwähnt,
UAKUG/NIM_005,16,,rolle,Altsolo,erwähnt,
UAKUG/NIM_005,16,,rolle,Jephta,erwähnt,
UAKUG/NIM_005,16,,institution,Lehrergesangsverein,erwähnt,
UAKUG/NIM_005,16,,ort,Zürich,erwähnt,
UAKUG/NIM_005,16,,,Programm,erwähnt,
UAKUG/NIM_005,16,,Datum,1950-03-01,erwähnt,
UAKUG/NIM_005,16,,Datum,1950-05-15,erwähnt,
UAKUG/NIM_005,16,,rolle,Solistin,erwähnt,
UAKUG/NIM_005,16,,institution,Städtische Bühnen Graz,erwähnt,
UAKUG/NIM_005,16,,ort,Graz,erwähnt,
UAKUG/NIM_005,16,,,Gastvertrag,erwähnt,
UAKUG/NIM_005,16,,Datum,1950-05-18,erwähnt,
UAKUG/NIM_005,16,,rolle,Solistin,erwähnt,
UAKUG/NIM_005,16,,institution,Steir. Landesfürsorge u. Wohlfahrtsverein Graz,erwähnt,
UAKUG/NIM_005,16,,ort,Graz,erwähnt,
UAKUG/NIM_005,16,,person,Korrespondenz,erwähnt,
UAKUG/NIM_005,16,,Datum,1950-08-01,erwähnt,
UAKUG/NIM_005,16,,Datum,1950-07-31,erwähnt,
UAKUG/NIM_005,16,,rolle,1. Dramatische Altistin,erwähnt,
UAKUG/NIM_005,16,,rolle,Jugendlicher Mezzosopran,erwähnt,
UAKUG/NIM_005,16,,institution,Stadttheater Zürich,erwähnt,
UAKUG/NIM_005,16,,ort,Zürich,erwähnt,
UAKUG/NIM_005,16,,person,Dienstvertrag,erwähnt,
UAKUG/NIM_005,16,,Datum,1950-10-24,erwähnt,
UAKUG/NIM_005,16,,rolle,Amneris,erwähnt,
UAKUG/NIM_005,16,,werk,Aida,erwähnt,
UAKUG/NIM_005,16,,institution,Bayerische Staatsoper,erwähnt,
UAKUG/NIM_005,16,,ort,München,erwähnt,
UAKUG/NIM_005,16,,person,Programm,erwähnt,
UAKUG/NIM_005,16,,person,Kritiken,erwähnt,
UAKUG/NIM_005,16,,Datum,1950-11-28,erwähnt,
UAKUG/NIM_005,16,,Datum,1950-12-04,erwähnt,
UAKUG/NIM_005,16,,rolle,Ortrud,erwähnt,
UAKUG/NIM_005,16,,werk,Lohengrin,erwähnt,
UAKUG/NIM_005,16,,institution,Theatre Royal de la Monnaie,erwähnt,
UAKUG/NIM_005,16,,ort,Brüssel,erwähnt,
UAKUG/NIM_005,16,,person,Vertrag,erwähnt,
UAKUG/NIM_005,16,,Datum,1951-02-29,erwähnt,
UAKUG/NIM_005,16,,rolle,Solistin,erwähnt,
UAKUG/NIM_005,16,,institution,Schweiz. Landessender,erwähnt,
UAKUG/NIM_005,16,,ort,Beromünster,erwähnt,
UAKUG/NIM_005,16,,person,Vertrag,erwähnt,
UAKUG/NIM_005,16,,Datum,1951-02-23,erwähnt,
UAKUG/NIM_005,16,,rolle,Solistin,erwähnt,
UAKUG/NIM_005,16,,ereignis,Mittagskonzert,erwähnt,
UAKUG/NIM_005,16,,institution,Studio Zürich,erwähnt,
UAKUG/NIM_005,16,,ort,Zürich,erwähnt,
UAKUG/NIM_005,16,,person,Vertrag,erwähnt,
UAKUG/NIM_005,16,,Datum,1951-02-23,erwähnt,
UAKUG/NIM_005,16,,Datum,1951-02-25,erwähnt,
UAKUG/NIM_005,16,,rolle,Solistin,erwähnt,
UAKUG/NIM_005,16,,ereignis,Konzert,erwähnt,
UAKUG/NIM_005,16,,institution,Männerchor Schwanden,erwähnt,
UAKUG/NIM_005,16,,ort,Schwanden,erwähnt,
UAKUG/NIM_005,16,,person,Programm,erwähnt,
UAKUG/NIM_005,16,,Datum,1951-03-09,erwähnt,
UAKUG/NIM_005,16,,Datum,1951-03-11,erwähnt,
UAKUG/NIM_005,16,,rolle,Solistin,erwähnt,
UAKUG/NIM_005,16,,werk,Messias,erwähnt,
UAKUG/NIM_005,16,,institution,Gesangsverein Olten,erwähnt,
UAKUG/NIM_005,16,,ort,Olten,erwähnt,
UAKUG/NIM_005,16,,person,Korrespondenz,erwähnt,
UAKUG/NIM_005,16,,Datum,1951-03-13,erwähnt,
UAKUG/NIM_005,16,,Datum,1951-03-15,erwähnt,
UAKUG/NIM_005,16,,rolle,Solistin,erwähnt,
UAKUG/NIM_005,16,,werk,Golgotha,erwähnt,
UAKUG/NIM_005,16,,person,F. Martin,erwähnt,
UAKUG/NIM_005,16,,institution,Sendegruppe Alpenland Graz,erwähnt,
UAKUG/NIM_005,16,,institution,Stephaniensaal,erwähnt,
UAKUG/NIM_005,16,,ort,Graz,erwähnt,
UAKUG/NIM_005,16,,person,Programm,erwähnt,
UAKUG/NIM_005,16,,person,Kritiken,erwähnt,
UAKUG/NIM_005,16,,Datum,1951-03-17,erwähnt,
UAKUG/NIM_005,16,,Datum,1951-04-03,erwähnt,
UAKUG/NIM_005,16,,rolle,Venus,erwähnt,
UAKUG/NIM_005,16,,werk,Tannhäuser,erwähnt,
UAKUG/NIM_005,16,,institution,Teatro Dell Opera,erwähnt,
UAKUG/NIM_005,16,,ort,Rom,erwähnt,
UAKUG/NIM_005,16,,person,Vertrag,erwähnt,
UAKUG/NIM_005,16,,Datum,1951-08-01,erwähnt,
UAKUG/NIM_005,16,,Datum,1952-07-31,erwähnt,
UAKUG/NIM_005,16,,rolle,1. dramat. Altistin,erwähnt,
UAKUG/NIM_005,16,,rolle,Jugendlicher Mezzosopran,erwähnt,
UAKUG/NIM_005,16,,institution,Stadttheater Zürich,erwähnt,
UAKUG/NIM_005,16,,ort,Zürich,erwähnt,
UAKUG/NIM_005,16,,person,Dienstvertrag,erwähnt,
UAKUG/NIM_005,16,,Datum,1951-04-07,erwähnt,
UAKUG/NIM_005,16,,Datum,1951-04-22,erwähnt,
UAKUG/NIM_005,16,,rolle,Judith,erwähnt,
UAKUG/NIM_005,16,,werk,Herzog Blaubarts Burg,erwähnt,
UAKUG/NIM_005,16,,institution,Teatro di San Carlo,erwähnt,
UAKUG/NIM_005,16,,ort,Napoli,erwähnt,
UAKUG/NIM_005,16,,person,Vertrag,erwähnt,
UAKUG/NIM_005,16,,Datum,1951-05-31,erwähnt,
UAKUG/NIM_005,16,,Datum,1951-06-01,erwähnt,
UAKUG/NIM_005,16,,rolle,Solistin,erwähnt,
UAKUG/NIM_005,16,,ereignis,Konzert,erwähnt,
UAKUG/NIM_005,16,,person,Bela Bartok,erwähnt,
UAKUG/NIM_005,16,,institution,Kammerorchester Basel,erwähnt,
UAKUG/NIM_005,16,,ort,Basel,erwähnt,
UAKUG/NIM_005,16,,person,Programm,erwähnt,
UAKUG/NIM_005,16,,person,Korrespondenz,erwähnt,
UAKUG/NIM_005,16,,person,Kritiken,erwähnt,
UAKUG/NIM_005,16,,Datum,1951-07-26,erwähnt,
UAKUG/NIM_005,16,,Datum,1951-08-26,erwähnt,
UAKUG/NIM_005,16,,rolle,Solistin,erwähnt,
UAKUG/NIM_005,16,,institution,Bayreuther Festspiele,erwähnt,
UAKUG/NIM_005,16,,ort,Bayreuth,erwähnt,
UAKUG/NIM_005,16,,person,Vertrag,erwähnt,
UAKUG/NIM_005,16,,Datum,1951-08-19,erwähnt,
UAKUG/NIM_005,16,,rolle,Altsolo,erwähnt,
UAKUG/NIM_005,16,,werk,Krönungsmesse,erwähnt,
UAKUG/NIM_005,16,,institution,Pfarramt Bayreuth,erwähnt,
UAKUG/NIM_005,16,,ort,Bayreuth,erwähnt,
UAKUG/NIM_005,16,,person,Brief,erwähnt,
UAKUG/NIM_005,16,,Datum,1952-02-29,erwähnt,
UAKUG/NIM_005,16,,Datum,1952-03-02,erwähnt,
UAKUG/NIM_005,16,,rolle,Altsolo,erwähnt,
UAKUG/NIM_005,16,,werk,IX. Beethoven,erwähnt,
UAKUG/NIM_005,16,,institution,Teatro Communale,erwähnt,
UAKUG/NIM_005,16,,ort,Firenze,erwähnt,
UAKUG/NIM_005,16,,,Vertrag,erwähnt,
UAKUG/NIM_005,16,,Datum,1952-03-04,erwähnt,
UAKUG/NIM_005,16,,Datum,1952-04-02,erwähnt,
UAKUG/NIM_005,16,,rolle,Solistin,erwähnt,
UAKUG/NIM_005,16,,ereignis,Bayreuther Gastspiel,erwähnt,
UAKUG/NIM_005,16,,institution,Teatro di San Carlo,erwähnt,
UAKUG/NIM_005,16,,ort,Napoli,erwähnt,
UAKUG/NIM_005,16,,,Vertrag,erwähnt,
UAKUG/NIM_005,16,,Datum,1952-07-22,erwähnt,
UAKUG/NIM_005,16,,Datum,1952-08-25,erwähnt,
UAKUG/NIM_005,16,,rolle,Solistin,erwähnt,
UAKUG/NIM_005,16,,person,Bayreuther Festspiele,erwähnt,
UAKUG/NIM_005,16,,ort,Bayreuth,erwähnt,
UAKUG/NIM_005,16,,,Vertrag,erwähnt,
UAKUG/NIM_005,17,,Datum,1952-08-30,erwähnt,
UAKUG/NIM_005,17,,Datum,1952-10-01,erwähnt,
UAKUG/NIM_005,17,,rolle,Solistin,erwähnt,
UAKUG/NIM_005,17,,werk,Salome,erwähnt,
UAKUG/NIM_005,17,,werk,Cosi Fan Tutte,erwähnt,
UAKUG/NIM_005,17,,institution,Teatro Colon,erwähnt,
UAKUG/NIM_005,17,,ort,Buenos Aires,erwähnt,
UAKUG/NIM_005,17,,,Bestätigung,erwähnt,
UAKUG/NIM_005,17,,Datum,1952-09-01,erwähnt,
UAKUG/NIM_005,17,,Datum,1953-08-31,erwähnt,
UAKUG/NIM_005,17,,rolle,1. Altistin,erwähnt,
UAKUG/NIM_005,17,,institution,Bayerische Staatsoper,erwähnt,
UAKUG/NIM_005,17,,ort,München,erwähnt,
UAKUG/NIM_005,17,,,Jahresvertrag,erwähnt,
UAKUG/NIM_005,17,,Datum,1953-03-25,erwähnt,
UAKUG/NIM_005,17,,Datum,1953-04-09,erwähnt,
UAKUG/NIM_005,17,,rolle,Solistin,erwähnt,
UAKUG/NIM_005,17,,werk,Götterdämmerung,erwähnt,
UAKUG/NIM_005,17,,institution,Teatro di San Carlo,erwähnt,
UAKUG/NIM_005,17,,ort,Napoli,erwähnt,
UAKUG/NIM_005,17,,,Vertrag,erwähnt,
UAKUG/NIM_005,17,,Datum,1953-04-03,erwähnt,
UAKUG/NIM_005,17,,Datum,1953-04-04,erwähnt,
UAKUG/NIM_005,17,,rolle,Altsolo,erwähnt,
UAKUG/NIM_005,17,,werk,Lied von der Erde,erwähnt,
UAKUG/NIM_005,17,,institution,Chrogemeinschaft Wuppertal,erwähnt,
UAKUG/NIM_005,17,,institution,Volksbühne Wuppertal,erwähnt,
UAKUG/NIM_005,17,,ort,Wuppertal,erwähnt,
UAKUG/NIM_005,17,,,Abschlusssschein A,erwähnt,
UAKUG/NIM_005,17,,Datum,1953-07-02,erwähnt,
UAKUG/NIM_005,17,,Datum,1953-07-03,erwähnt,
UAKUG/NIM_005,17,,rolle,Altsolo,erwähnt,
UAKUG/NIM_005,17,,werk,Les Noces,erwähnt,
UAKUG/NIM_005,17,,person,Strawinski,erwähnt,
UAKUG/NIM_005,17,,ereignis,Musica Viva,erwähnt,
UAKUG/NIM_005,17,,institution,Aula der Universität München,erwähnt,
UAKUG/NIM_005,17,,ort,München,erwähnt,
UAKUG/NIM_005,17,,,Abschlussschein A,erwähnt,
UAKUG/NIM_005,17,,Datum,1953-07-02,erwähnt,
UAKUG/NIM_005,17,,Datum,1953-07-03,erwähnt,
UAKUG/NIM_005,17,,rolle,Altsolo,erwähnt,
UAKUG/NIM_005,17,,werk,Les Noces,erwähnt,
UAKUG/NIM_005,17,,institution,Bayer. Rundfunk,erwähnt,
UAKUG/NIM_005,17,,ort,München,erwähnt,
UAKUG/NIM_005,17,,,Verpflichtungsschein,erwähnt,
UAKUG/NIM_005,17,,Datum,1953-01-20,erwähnt,
UAKUG/NIM_005,17,,Datum,1953-01-25,erwähnt,
UAKUG/NIM_005,17,,rolle,Dorabella,erwähnt,
UAKUG/NIM_005,17,,werk,Cosi Fan Tutte,erwähnt,
UAKUG/NIM_005,17,,institution,Nordwestdeutscher Rundfunk,erwähnt,
UAKUG/NIM_005,17,,ort,Hamburg,erwähnt,
UAKUG/NIM_005,17,,,Verpflichtungsschein,erwähnt,
UAKUG/NIM_005,17,,Datum,1953-03-19,erwähnt,
UAKUG/NIM_005,17,,Datum,1953-03-24,erwähnt,
UAKUG/NIM_005,17,,rolle,Azucena,erwähnt,
UAKUG/NIM_005,17,,werk,Troubadour,erwähnt,
UAKUG/NIM_005,17,,institution,Nordwestdeutscher Rundfunk,erwähnt,
UAKUG/NIM_005,17,,ort,Köln,erwähnt,
UAKUG/NIM_005,17,,,Verpflichtungsschein,erwähnt,
UAKUG/NIM_005,17,,Datum,1953-05-20,erwähnt,
UAKUG/NIM_005,17,,Datum,1953-05-22,erwähnt,
UAKUG/NIM_005,17,,rolle,Azucena,erwähnt,
UAKUG/NIM_005,17,,werk,Troubadour,erwähnt,
UAKUG/NIM_005,17,,institution,Nordwestdeutscher Rundfunk,erwähnt,"Anmerkung: ""Nachaufnahme"""
UAKUG/NIM_005,17,,,Verpflichtungsschein,erwähnt,
UAKUG/NIM_005,17,,Datum,1953-05-17,erwähnt,
UAKUG/NIM_005,17,,Datum,1953-05-21,erwähnt,
UAKUG/NIM_005,17,,rolle,Brangäne,erwähnt,
UAKUG/NIM_005,17,,werk,Tristan und Isolde,erwähnt,
UAKUG/NIM_005,17,,institution,Theatre Municipal de Lausanne,erwähnt,
UAKUG/NIM_005,17,,ort,Lausanne,erwähnt,
UAKUG/NIM_005,17,,,Vertrag,erwähnt,
UAKUG/NIM_005,17,,Datum,1953-06-24,erwähnt,
UAKUG/NIM_005,17,,Datum,1953-08-25,erwähnt,
UAKUG/NIM_005,17,,rolle,Solistin,erwähnt,
UAKUG/NIM_005,17,,institution,Bayreuther Festspiele,erwähnt,
UAKUG/NIM_005,17,,ort,Bayreuth,erwähnt,
UAKUG/NIM_005,17,,,Vertrag,erwähnt,
UAKUG/NIM_005,17,,rolle,Altsolo,erwähnt,
UAKUG/NIM_005,17,,werk,IX. Beethoven,erwähnt,
UAKUG/NIM_005,17,,ereignis,Symphoniekonzert,erwähnt,
UAKUG/NIM_005,17,,institution,Festspielhaus Bayreuth,erwähnt,
UAKUG/NIM_005,17,,ort,Bayreuth,erwähnt,
UAKUG/NIM_005,17,,,Bestätigung,erwähnt,
UAKUG/NIM_005,17,,Datum,1953-09-01,erwähnt,
UAKUG/NIM_005,17,,Datum,1954-08-31,erwähnt,
UAKUG/NIM_005,17,,rolle,Opernsängerin,erwähnt,
UAKUG/NIM_005,17,,institution,Bayerische Staatsoper,erwähnt,
UAKUG/NIM_005,17,,ort,München,erwähnt,
UAKUG/NIM_005,17,,,Dienstvertrag,erwähnt,
UAKUG/NIM_005,17,,Datum,1953-10-21,erwähnt,
UAKUG/NIM_005,17,,Datum,1953-11-06,erwähnt,
UAKUG/NIM_005,17,,rolle,Fricka,erwähnt,
UAKUG/NIM_005,17,,werk,Rheingold,erwähnt,
UAKUG/NIM_005,17,,rolle,Rossweise,erwähnt,sic!
UAKUG/NIM_005,17,,werk,Walküre,erwähnt,
UAKUG/NIM_005,17,,institution,RAI-Radio Italiana,erwähnt,
UAKUG/NIM_005,17,,ort,Roma,erwähnt,
UAKUG/NIM_005,17,,,Vertrag,erwähnt,
UAKUG/NIM_005,17,,Datum,1953-12-25,erwähnt,
UAKUG/NIM_005,17,,Datum,1954-01-12,erwähnt,
UAKUG/NIM_005,17,,rolle,Brangäne,erwähnt,
UAKUG/NIM_005,17,,werk,Tristan,erwähnt,sic!
UAKUG/NIM_005,17,,institution,Teatro di San Carlo,erwähnt,
UAKUG/NIM_005,17,,ort,Napoli,erwähnt,
UAKUG/NIM_005,17,,,Vertrag,erwähnt,
UAKUG/NIM_005,17,,Datum,1954-02-04,erwähnt,
UAKUG/NIM_005,17,,Datum,1954-02-13,erwähnt,
UAKUG/NIM_005,17,,rolle,Magdalena,erwähnt,
UAKUG/NIM_005,17,,werk,Meistersinger,erwähnt,sic!
UAKUG/NIM_005,17,,institution,RAI-Radio Italiana,erwähnt,
UAKUG/NIM_005,17,,ort,Roma,erwähnt,
UAKUG/NIM_005,17,,,Vertrag,erwähnt,
UAKUG/NIM_005,17,,Datum,1954-02-23,erwähnt,
UAKUG/NIM_005,17,,Datum,1954-03-23,erwähnt,
UAKUG/NIM_005,17,,rolle,Solistin,erwähnt,
UAKUG/NIM_005,17,,werk,Götterdämmerung,erwähnt,
UAKUG/NIM_005,17,,institution,Teatro Alla Scala,erwähnt,
UAKUG/NIM_005,17,,ort,Milano,erwähnt,
UAKUG/NIM_005,17,,,Vertrag,erwähnt,
UAKUG/NIM_005,17,,Datum,1954-04-07,erwähnt,
UAKUG/NIM_005,17,,Datum,1954-04-09,erwähnt,
UAKUG/NIM_005,17,,rolle,Altsolo,erwähnt,
UAKUG/NIM_005,17,,werk,Les Noces,erwähnt,
UAKUG/NIM_005,17,,werk,Persephone,erwähnt,
UAKUG/NIM_005,17,,ereignis,Musica Viva,erwähnt,
UAKUG/NIM_005,17,,institution,Bayer. Rundfunk,erwähnt,
UAKUG/NIM_005,17,,,Verpflichtungsschein,erwähnt,
UAKUG/NIM_005,17,,Datum,1954-03-27,erwähnt,
UAKUG/NIM_005,17,,Datum,1954-03-29,erwähnt,
UAKUG/NIM_005,17,,rolle,Solistin,erwähnt,
UAKUG/NIM_005,17,,ereignis,Konzert: Musik der Zeit,erwähnt,
UAKUG/NIM_005,17,,institution,Nordwestdeutscher Rundfunk,erwähnt,
UAKUG/NIM_005,17,,ort,Köln,erwähnt,
UAKUG/NIM_005,17,,,Verpflichtungsschein,erwähnt,
UAKUG/NIM_005,18,,Datum,1954-01-14,erwähnt,
UAKUG/NIM_005,18,,Datum,1954-01-19,erwähnt,
UAKUG/NIM_005,18,,rolle,Judith,erwähnt,
UAKUG/NIM_005,18,,werk,Herzog Blaubarts Burg,erwähnt,
UAKUG/NIM_005,18,,institution,Südwestfunk,erwähnt,
UAKUG/NIM_005,18,,ort,Baden-Baden,erwähnt,
UAKUG/NIM_005,18,,,Verpflichtungsschein,erwähnt,
UAKUG/NIM_005,18,,Datum,1954-04-15,erwähnt,
UAKUG/NIM_005,18,,Datum,1954-05-23,erwähnt,
UAKUG/NIM_005,18,,rolle,Olga,erwähnt,
UAKUG/NIM_005,18,,werk,Eugen Onegin,erwähnt,
UAKUG/NIM_005,18,,institution,Teatro Alla Scala,erwähnt,
UAKUG/NIM_005,18,,ort,Milano,erwähnt,
UAKUG/NIM_005,18,,,Vertrag,erwähnt,
UAKUG/NIM_005,18,,Datum,1954-06-15,erwähnt,
UAKUG/NIM_005,18,,Datum,1954-06-16,erwähnt,
UAKUG/NIM_005,18,,rolle,Brangäne,erwähnt,
UAKUG/NIM_005,18,,werk,Tristan,erwähnt,
UAKUG/NIM_005,18,,institution,Staatsoper Hamburg,erwähnt,
UAKUG/NIM_005,18,,ort,Hamburg,erwähnt,
UAKUG/NIM_005,18,,,Bestätigung,erwähnt,
UAKUG/NIM_005,18,,Datum,1954-07-29,erwähnt,
UAKUG/NIM_005,18,,Datum,1954-07-30,erwähnt,
UAKUG/NIM_005,18,,ereignis,Liederaufnahmen,erwähnt,
UAKUG/NIM_005,18,,person,Marx,erwähnt,
UAKUG/NIM_005,18,,person,Reger,erwähnt,
UAKUG/NIM_005,18,,institution,Nordwestdeutscher Rundfunk,erwähnt,
UAKUG/NIM_005,18,,ort,Köln,erwähnt,
UAKUG/NIM_005,18,,,Verpflichtungsschein,erwähnt,
UAKUG/NIM_005,18,,Datum,1954-07-29,erwähnt,
UAKUG/NIM_005,18,,Datum,1954-07-31,erwähnt,
UAKUG/NIM_005,18,,rolle,Altsolo,erwähnt,
UAKUG/NIM_005,18,,werk,Allmacht,erwähnt,
UAKUG/NIM_005,18,,person,Schubert,erwähnt,
UAKUG/NIM_005,18,,institution,Nordwestdeutscher Rundfunk,erwähnt,
UAKUG/NIM_005,18,,ort,Köln,erwähnt,
UAKUG/NIM_005,18,,,Verpflichtungsschein,erwähnt,
UAKUG/NIM_005,18,,Datum,1954-09-29,erwähnt,
UAKUG/NIM_005,18,,ereignis,Liederaufnahmen,erwähnt,
UAKUG/NIM_005,18,,institution,Bayerischer Rundfunk,erwähnt,
UAKUG/NIM_005,18,,ort,München,erwähnt,
UAKUG/NIM_005,18,,,Verpflichtungsschein,erwähnt,
UAKUG/NIM_005,18,,Datum,1954-08-12,erwähnt,
UAKUG/NIM_005,18,,Datum,1954-09-09,erwähnt,
UAKUG/NIM_005,18,,rolle,Solistin,erwähnt,
UAKUG/NIM_005,18,,institution,Münchner Sommerfestspiele,erwähnt,
UAKUG/NIM_005,18,,institution,Bayerische Staatsoper,erwähnt,
UAKUG/NIM_005,18,,ort,München,erwähnt,
UAKUG/NIM_005,18,,,Gastvertrag,erwähnt,
UAKUG/NIM_005,18,,rolle,Altsolo,erwähnt,
UAKUG/NIM_005,18,,werk,IX. Beethoven,erwähnt,
UAKUG/NIM_005,18,,ereignis,Symphoniekonzert,erwähnt,
UAKUG/NIM_005,18,,institution,Festspielhaus Bayreuth,erwähnt,
UAKUG/NIM_005,18,,ort,Beayreuth,erwähnt,
UAKUG/NIM_005,18,,,Bestätigung,erwähnt,
UAKUG/NIM_005,18,,Datum,1954-09-01,erwähnt,
UAKUG/NIM_005,18,,Datum,1955-08-31,erwähnt,
UAKUG/NIM_005,18,,rolle,Opernsängerin,erwähnt,
UAKUG/NIM_005,18,,institution,Bayerische Staatsoper,erwähnt,
UAKUG/NIM_005,18,,ort,München,erwähnt,
UAKUG/NIM_005,18,,,Dienstvertrag,erwähnt,
UAKUG/NIM_005,18,,Datum,1954-10-25,erwähnt,
UAKUG/NIM_005,18,,Datum,1954-10-27,erwähnt,
UAKUG/NIM_005,18,,rolle,Altsolo,erwähnt,
UAKUG/NIM_005,18,,werk,Lied von der Erde,erwähnt,
UAKUG/NIM_005,18,,institution,Palais des Fetes,erwähnt,
UAKUG/NIM_005,18,,ort,Strasbourg,erwähnt,
UAKUG/NIM_005,18,,,Vertrag,erwähnt,
UAKUG/NIM_005,18,,Datum,1954-10-27,erwähnt,
UAKUG/NIM_005,18,,Datum,1954-11-06,erwähnt,
UAKUG/NIM_005,18,,rolle,Brangäne,erwähnt,
UAKUG/NIM_005,18,,werk,Tristan,erwähnt,
UAKUG/NIM_005,18,,institution,Theatre Municipal de Strasbourg,erwähnt,
UAKUG/NIM_005,18,,ort,Strasbourg,erwähnt,
UAKUG/NIM_005,18,,Datum,1954-11-8,erwähnt,
UAKUG/NIM_005,18,,Datum,1954-12-06,erwähnt,
UAKUG/NIM_005,18,,rolle,Brangäne,erwähnt,
UAKUG/NIM_005,18,,werk,Tristan,erwähnt,
UAKUG/NIM_005,18,,institution,Theatre Royal de la Monnaie,erwähnt,
UAKUG/NIM_005,18,,ort,Brüssel,erwähnt,
UAKUG/NIM_005,18,,,Vertrag,erwähnt,
UAKUG/NIM_005,18,,Datum,1955-01-09,erwähnt,
UAKUG/NIM_005,18,,Datum,1955-01-12,erwähnt,
UAKUG/NIM_005,18,,rolle,Solistin,erwähnt,
UAKUG/NIM_005,18,,ereignis,Hindemith-Konzert,erwähnt,
UAKUG/NIM_005,18,,institution,Accademia Nazionale di Santa Cecilia,erwähnt,
UAKUG/NIM_005,18,,ort,Roma,erwähnt,
UAKUG/NIM_005,18,,,Vertrag,erwähnt,
UAKUG/NIM_005,18,,Datum,1955-02-04,erwähnt,
UAKUG/NIM_005,18,,Datum,1955-02-14,erwähnt,
UAKUG/NIM_005,18,,rolle,Magdalena,erwähnt,
UAKUG/NIM_005,18,,werk,Meistersinger,erwähnt,
UAKUG/NIM_005,18,,institution,RAI-Radio Televisione Italiana,erwähnt,
UAKUG/NIM_005,18,,ort,Milano,erwähnt,
UAKUG/NIM_005,18,,,Vertrag,erwähnt,
UAKUG/NIM_005,18,,Datum,1955-02-23,erwähnt,
UAKUG/NIM_005,18,,Datum,1955-03-02,erwähnt,
UAKUG/NIM_005,18,,rolle,Marina,erwähnt,
UAKUG/NIM_005,18,,werk,Boris Godunow,erwähnt,
UAKUG/NIM_005,18,,institution,Opera de Monte Carlo,erwähnt,
UAKUG/NIM_005,18,,ort,Monte Carlo,erwähnt,
UAKUG/NIM_005,18,,,Vertrag,erwähnt,
UAKUG/NIM_005,18,,Datum,1955-03-21,erwähnt,
UAKUG/NIM_005,18,,Datum,1955-03-30,erwähnt,
UAKUG/NIM_005,18,,rolle,Brangäne,erwähnt,
UAKUG/NIM_005,18,,werk,Tristan,erwähnt,
UAKUG/NIM_005,18,,institution,Opera de Monte Carlo,erwähnt,
UAKUG/NIM_005,18,,ort,Monte Carlo,erwähnt,
UAKUG/NIM_005,18,,,Vertrag,erwähnt,
UAKUG/NIM_005,18,,Datum,1955-04-16,erwähnt,
UAKUG/NIM_005,18,,Datum,1955-04-18,erwähnt,
UAKUG/NIM_005,18,,rolle,Altsolo,erwähnt,
UAKUG/NIM_005,18,,werk,Lied von der Erde,erwähnt,
UAKUG/NIM_005,18,,institution,Konzertgesellschaft Lübeck,erwähnt,
UAKUG/NIM_005,18,,ort,Lübeck,erwähnt,
UAKUG/NIM_005,18,,,Vertrag,erwähnt,
UAKUG/NIM_005,18,,Datum,1955-04-28,erwähnt,
UAKUG/NIM_005,18,,Datum,1955-05-27,erwähnt,
UAKUG/NIM_005,18,,rolle,Fricka,erwähnt,
UAKUG/NIM_005,18,,werk,Rheingold,erwähnt,
UAKUG/NIM_005,18,,werk,Walküre,erwähnt,
UAKUG/NIM_005,18,,rolle,Waltraute,erwähnt,
UAKUG/NIM_005,18,,werk,Götterdämmerung,erwähnt,
UAKUG/NIM_005,18,,institution,Reunion des Theatres Lyriques Nationaux Paris,erwähnt,
UAKUG/NIM_005,18,,ort,Paris,erwähnt,
UAKUG/NIM_005,18,,,Vertrag,erwähnt,
UAKUG/NIM_005,18,,Datum,1955-04-08,erwähnt,
UAKUG/NIM_005,18,,Datum,1955-04-12,erwähnt,
UAKUG/NIM_005,18,,rolle,Altsolo,erwähnt,
UAKUG/NIM_005,18,,ereignis,Kirchenkonzerte,erwähnt,
UAKUG/NIM_005,18,,ort,Strasbourg,erwähnt,
UAKUG/NIM_005,18,,,Verträge,erwähnt,
UAKUG/NIM_005,18,,Datum,1955-08-05,erwähnt,
UAKUG/NIM_005,18,,Datum,1955-09-11,erwähnt,
UAKUG/NIM_005,18,,rolle,Solistin,erwähnt,
UAKUG/NIM_005,18,,institution,Münchner Sommerfestspiele,erwähnt,
UAKUG/NIM_005,18,,institution,Bayerische Staatsoper,erwähnt,
UAKUG/NIM_005,18,,ort,München,erwähnt,
UAKUG/NIM_005,18,,,Gastvertrag,erwähnt,
UAKUG/NIM_005,18,,Datum,1955-09-01,erwähnt,
UAKUG/NIM_005,18,,Datum,1956-08-31,erwähnt,
UAKUG/NIM_005,18,,rolle,Opernsängerin,erwähnt,
UAKUG/NIM_005,18,,institution,Bayerische Staatsoper,erwähnt,
UAKUG/NIM_005,18,,ort,München,erwähnt,
UAKUG/NIM_005,18,,,Dienstvertrag,erwähnt,
UAKUG/NIM_005,19,,Datum,1955-09-11,erwähnt,
UAKUG/NIM_005,19,,Datum,1955-09-20,erwähnt,
UAKUG/NIM_005,19,,rolle,Dorabella,erwähnt,
UAKUG/NIM_005,19,,werk,Cosi Fan Tutte,erwähnt,
UAKUG/NIM_005,19,,institution,Deutsche Oper Berlin,erwähnt,
UAKUG/NIM_005,19,,ort,Berlin,erwähnt,
UAKUG/NIM_005,19,,,Bestätigung,erwähnt,
UAKUG/NIM_005,19,,Datum,1955-09-22,erwähnt,
UAKUG/NIM_005,19,,Datum,1955-09-23,erwähnt,
UAKUG/NIM_005,19,,rolle,Altsolo,erwähnt,
UAKUG/NIM_005,19,,person,Hindemith,erwähnt,
UAKUG/NIM_005,19,,institution,Süddetuscher Rundfunk,erwähnt,
UAKUG/NIM_005,19,,ort,Stuttgart,erwähnt,
UAKUG/NIM_005,19,,,Korrespondenz,erwähnt,
UAKUG/NIM_005,19,,Datum,1955-10-15,erwähnt,
UAKUG/NIM_005,19,,Datum,1955-10-16,erwähnt,
UAKUG/NIM_005,19,,rolle,Venus,erwähnt,
UAKUG/NIM_005,19,,werk,Tannhäuser,erwähnt,
UAKUG/NIM_005,19,,institution,Staatsoper Stuttgart,erwähnt,
UAKUG/NIM_005,19,,,Bestätigung,erwähnt,
UAKUG/NIM_005,19,,Datum,1955-10-19,erwähnt,
UAKUG/NIM_005,19,,Datum,1955-10-20,erwähnt,
UAKUG/NIM_005,19,,rolle,Brangäne,erwähnt,
UAKUG/NIM_005,19,,werk,Tristan,erwähnt,
UAKUG/NIM_005,19,,institution,Deutsche Oper Berlin,erwähnt,
UAKUG/NIM_005,19,,ort,Berlin,erwähnt,
UAKUG/NIM_005,19,,,Bestätigung,erwähnt,
UAKUG/NIM_005,19,,Datum,1955-10-26,erwähnt,
UAKUG/NIM_005,19,,Datum,1955-11-02,erwähnt,
UAKUG/NIM_005,19,,rolle,Eboli,erwähnt,
UAKUG/NIM_005,19,,werk,Don Carlos,erwähnt,
UAKUG/NIM_005,19,,institution,Staatsoper Hamburg,erwähnt,
UAKUG/NIM_005,19,,ort,Hamburg,erwähnt,
UAKUG/NIM_005,19,,,Bestätigung,erwähnt,
UAKUG/NIM_005,19,,Datum,1955-11-03,erwähnt,
UAKUG/NIM_005,19,,Datum,1955-11-04,erwähnt,
UAKUG/NIM_005,19,,rolle,Fricka,erwähnt,
UAKUG/NIM_005,19,,werk,Walküre,erwähnt,
UAKUG/NIM_005,19,,institution,Deutsche Oper Berlin,erwähnt,
UAKUG/NIM_005,19,,,Bestätigung,erwähnt,
UAKUG/NIM_005,19,,Datum,1955-11-09,erwähnt,
UAKUG/NIM_005,19,,Datum,1955-11-10,erwähnt,
UAKUG/NIM_005,19,,rolle,Venus,erwähnt,
UAKUG/NIM_005,19,,werk,Tannhäuser,erwähnt,
UAKUG/NIM_005,19,,institution,Staatstheater Stuttgart,erwähnt,
UAKUG/NIM_005,19,,ort,Stuttgart,erwähnt,
UAKUG/NIM_005,19,,,Bestätigung,erwähnt,
UAKUG/NIM_005,19,,Datum,1955-11-12,erwähnt,
UAKUG/NIM_005,19,,Datum,1955-11-16,erwähnt,
UAKUG/NIM_005,19,,rolle,Fricka,erwähnt,
UAKUG/NIM_005,19,,werk,Walküre,erwähnt,
UAKUG/NIM_005,19,,rolle,Brangäne,erwähnt,
UAKUG/NIM_005,19,,werk,Tristan,erwähnt,
UAKUG/NIM_005,19,,institution,Deutsche Oper Berlin,erwähnt,
UAKUG/NIM_005,19,,ort,Berlin,erwähnt,
UAKUG/NIM_005,19,,,Bestätigung,erwähnt,
UAKUG/NIM_005,19,,Datum,1955-11-23,erwähnt,
UAKUG/NIM_005,19,,Datum,1955-11-26,erwähnt,
UAKUG/NIM_005,19,,rolle,Orpheus,erwähnt,
UAKUG/NIM_005,19,,ereignis,Aufnahmen,erwähnt,
UAKUG/NIM_005,19,,institution,Hessischer Rundfunk,erwähnt,
UAKUG/NIM_005,19,,ort,Frankfurt,erwähnt,
UAKUG/NIM_005,19,,,Verpflichtungsschein,erwähnt,
UAKUG/NIM_005,19,,Datum,1955-12-09,erwähnt,
UAKUG/NIM_005,19,,Datum,1955-12-18,erwähnt,
UAKUG/NIM_005,19,,rolle,Solistin,erwähnt,
UAKUG/NIM_005,19,,ereignis,2 Konzerte,erwähnt,
UAKUG/NIM_005,19,,institution,Zürich Tonhallegesellschaft,erwähnt,
UAKUG/NIM_005,19,,ort,Zürich,erwähnt,
UAKUG/NIM_005,19,,Datum,1955-12-25,erwähnt,
UAKUG/NIM_005,19,,Datum,1955-12-26,erwähnt,
UAKUG/NIM_005,19,,rolle,Carmen,erwähnt,
UAKUG/NIM_005,19,,institution,Staatstheater Stuttgart,erwähnt,
UAKUG/NIM_005,19,,,Bestätigung,erwähnt,
UAKUG/NIM_005,19,,Datum,1955-12-27,erwähnt,
UAKUG/NIM_005,19,,Datum,1955-12-31,erwähnt,
UAKUG/NIM_005,19,,werk,Titus,erwähnt,
UAKUG/NIM_005,19,,ereignis,Aufnahmen,erwähnt,
UAKUG/NIM_005,19,,rolle,Sextus,erwähnt,
UAKUG/NIM_005,19,,institution,Nodwestdeutscher Rundfunk,erwähnt,
UAKUG/NIM_005,19,,ort,Köln,erwähnt,
UAKUG/NIM_005,19,,,Verpflichtungsschein,erwähnt,
UAKUG/NIM_005,19,,Datum,1956-08-01,erwähnt,
UAKUG/NIM_005,19,,Datum,1956-01-09,erwähnt,
UAKUG/NIM_005,19,,werk,Carmen,erwähnt,
UAKUG/NIM_005,19,,institution,Staatstheater Stuttgart,erwähnt,
UAKUG/NIM_005,19,,ort,Stuttgart,erwähnt,
UAKUG/NIM_005,19,,,Bestätigung,erwähnt,
UAKUG/NIM_005,19,,Datum,1956-01-12,erwähnt,
UAKUG/NIM_005,19,,Datum,1956-01-20,erwähnt,
UAKUG/NIM_005,19,,rolle,Brangäne,erwähnt,
UAKUG/NIM_005,19,,werk,Tristan,erwähnt,
UAKUG/NIM_005,19,,ereignis,Aufnahmen,erwähnt,
UAKUG/NIM_005,19,,institution,RAI-Radio Televisione Italiana,erwähnt,
UAKUG/NIM_005,19,,ort,Torino,erwähnt,
UAKUG/NIM_005,19,,,Vertrag,erwähnt,
UAKUG/NIM_005,19,,Datum,1956-01-21,erwähnt,
UAKUG/NIM_005,19,,Datum,1956-01-30,erwähnt,
UAKUG/NIM_005,19,,werk,Krönungsmesse,erwähnt,
UAKUG/NIM_005,19,,rolle,Altsolo,erwähnt,
UAKUG/NIM_005,19,,ort,Madrid,erwähnt,
UAKUG/NIM_005,19,,institution,Konzertsaal,erwähnt,
UAKUG/NIM_005,19,,Datum,1956-01-31,erwähnt,
UAKUG/NIM_005,19,,Datum,1956-02-03,erwähnt,
UAKUG/NIM_005,19,,rolle,Altsolo,erwähnt,
UAKUG/NIM_005,19,,werk,IX. Beethoven,erwähnt,
UAKUG/NIM_005,19,,institution,RAI-Radio Televisione Italiana,erwähnt,
UAKUG/NIM_005,19,,ort,Torino,erwähnt,
UAKUG/NIM_005,19,,,Vertrag,erwähnt,
UAKUG/NIM_005,19,,Datum,1956-02-17,erwähnt,
UAKUG/NIM_005,19,,Datum,1956-02-24,erwähnt,
UAKUG/NIM_005,19,,rolle,Brangäne,erwähnt,
UAKUG/NIM_005,19,,werk,Tristan,erwähnt,
UAKUG/NIM_005,19,,rolle,Herodias,erwähnt,
UAKUG/NIM_005,19,,werk,Salome,erwähnt,
UAKUG/NIM_005,19,,institution,Staatsoper Wien,erwähnt,
UAKUG/NIM_005,19,,ort,Wien,erwähnt,
UAKUG/NIM_005,19,,Datum,1956-03-04,erwähnt,
UAKUG/NIM_005,19,,Datum,1956-03-10,erwähnt,
UAKUG/NIM_005,19,,rolle,Idamante,erwähnt,
UAKUG/NIM_005,19,,werk,Idomeneo,erwähnt,
UAKUG/NIM_005,19,,institution,RAI-Radio Televisione Italiana,erwähnt,
UAKUG/NIM_005,19,,ort,Milano,erwähnt,
UAKUG/NIM_005,19,,,Vertrag,erwähnt,
UAKUG/NIM_005,19,,Datum,1956-03-18,erwähnt,
UAKUG/NIM_005,19,,Datum,1956-03-23,erwähnt,
UAKUG/NIM_005,19,,rolle,Eboli,erwähnt,
UAKUG/NIM_005,19,,werk,Don Carlos,erwähnt,
UAKUG/NIM_005,19,,rolle,Fricka,erwähnt,
UAKUG/NIM_005,19,,werk,Rheingold,erwähnt,
UAKUG/NIM_005,19,,institution,Deutsche Oper Berlin,erwähnt,
UAKUG/NIM_005,19,,ort,Berlin,erwähnt,
UAKUG/NIM_005,19,,,Bestätigung,erwähnt,
UAKUG/NIM_005,19,,Datum,1956-03-29,erwähnt,
UAKUG/NIM_005,19,,Datum,1956-03-30,erwähnt,
UAKUG/NIM_005,19,,rolle,Ortrud,erwähnt,
UAKUG/NIM_005,19,,werk,Lohengrin,erwähnt,
UAKUG/NIM_005,19,,institution,Städtische Bühnen Frankfurt/Main,erwähnt,
UAKUG/NIM_005,19,,ort,Frankfurt/Main,erwähnt,
UAKUG/NIM_005,19,,,Bestätigung,erwähnt,
UAKUG/NIM_005,19,,Datum,1956-04-16,erwähnt,
UAKUG/NIM_005,19,,Datum,1956-04-22,erwähnt,
UAKUG/NIM_005,19,,rolle,Marzelline,erwähnt,
UAKUG/NIM_005,19,,werk,Figaro,erwähnt,
UAKUG/NIM_005,19,,ereignis,Plattenaufnahmen,erwähnt,
UAKUG/NIM_005,19,,institution,Philips,erwähnt,
UAKUG/NIM_005,19,,ort,Wien,erwähnt,
UAKUG/NIM_005,19,,,Bestätigung,erwähnt,
UAKUG/NIM_005,19,,Datum,1956-04-23,erwähnt,
UAKUG/NIM_005,19,,Datum,1956-03-24,erwähnt,
UAKUG/NIM_005,19,,rolle,Eboli,erwähnt,
UAKUG/NIM_005,19,,werk,Don Carlos,erwähnt,
UAKUG/NIM_005,19,,institution,Staatsoper Hamburg,erwähnt,
UAKUG/NIM_005,19,,ort,Hamburg,erwähnt,
UAKUG/NIM_005,19,,,Bestätigung,erwähnt,
UAKUG/NIM_005,19,,Datum,1956-04-27,erwähnt,
UAKUG/NIM_005,19,,Datum,1956-04-28,erwähnt,
UAKUG/NIM_005,19,,rolle,Amneris,erwähnt,
UAKUG/NIM_005,19,,werk,Aida,erwähnt,
UAKUG/NIM_005,19,,institution,Staatsoper Wien,erwähnt,
UAKUG/NIM_005,19,,ort,Wien,erwähnt,
UAKUG/NIM_005,19,,Datum,1956-05-07,erwähnt,
UAKUG/NIM_005,19,,Datum,1956-05-16,erwähnt,
UAKUG/NIM_005,19,,rolle,Brangäne,erwähnt,
UAKUG/NIM_005,19,,werk,Tristan,erwähnt,
UAKUG/NIM_005,19,,institution,Reunion des Theatres Liriques Nationaux Paris,erwähnt,
UAKUG/NIM_005,19,,ort,Paris,erwähnt,
UAKUG/NIM_005,19,,,Vertrag,erwähnt,
UAKUG/NIM_005,19,,Datum,1956-07-02,erwähnt,
UAKUG/NIM_005,19,,Datum,1956-07-04,erwähnt,
UAKUG/NIM_005,19,,rolle,Magdalena,erwähnt,
UAKUG/NIM_005,19,,werk,Rigoletto,erwähnt,
UAKUG/NIM_005,19,,ereignis,Aufnahmen,erwähnt,
UAKUG/NIM_005,19,,institution,Westdeutscher Rundfunk,erwähnt,
UAKUG/NIM_005,19,,ort,Köln,erwähnt,
UAKUG/NIM_005,19,,,Verpflichtungsschein,erwähnt,
UAKUG/NIM_005,20,,Datum,1956-07-20,erwähnt,
UAKUG/NIM_005,20,,Datum,1956-07-27,erwähnt,
UAKUG/NIM_005,20,,rolle,Altsolo,erwähnt,
UAKUG/NIM_005,20,,person,Mozart,erwähnt,
UAKUG/NIM_005,20,,werk,Requiem,erwähnt,
UAKUG/NIM_005,20,,institution,Salzburger Festspiele,erwähnt,
UAKUG/NIM_005,20,,ort,Salzburg,erwähnt,
UAKUG/NIM_005,20,,,Vertrag,erwähnt,
UAKUG/NIM_005,20,,Datum,1956-06-12,erwähnt,
UAKUG/NIM_005,20,,Datum,1956-06-16,erwähnt,
UAKUG/NIM_005,20,,Datum,1956-06-26,erwähnt,
UAKUG/NIM_005,20,,Datum,1956-07-07,erwähnt,
UAKUG/NIM_005,20,,Datum,1956-08-03,erwähnt,
UAKUG/NIM_005,20,,Datum,1956-08-09,erwähnt,
UAKUG/NIM_005,20,,ereignis,Proben,erwähnt,
UAKUG/NIM_005,20,,werk,Ägyptische Helena,erwähnt,
UAKUG/NIM_005,20,,rolle,Muschel,erwähnt,
UAKUG/NIM_005,20,,institution,Münchner Festspiele,erwähnt,
UAKUG/NIM_005,20,,,Gastvertrag,erwähnt,
UAKUG/NIM_005,20,,Datum,1956-08-10,erwähnt,
UAKUG/NIM_005,20,,Datum,1956-09-09,erwähnt,
UAKUG/NIM_005,20,,rolle,Solistin,erwähnt,
UAKUG/NIM_005,20,,institution,Münchner Festspiele,erwähnt,
UAKUG/NIM_005,20,,ort,München,erwähnt,
UAKUG/NIM_005,20,,,Gastvertrag,erwähnt,
UAKUG/NIM_005,20,,Datum,1956-09-01,erwähnt,
UAKUG/NIM_005,20,,Datum,1957-08-31,erwähnt,
UAKUG/NIM_005,20,,rolle,Opernsängerin,erwähnt,
UAKUG/NIM_005,20,,institution,Bayerische Staatsoper,erwähnt,
UAKUG/NIM_005,20,,ort,München,erwähnt,
UAKUG/NIM_005,20,,,Dienstvertrag,erwähnt,
UAKUG/NIM_005,20,,Datum,1956-09-10,erwähnt,
UAKUG/NIM_005,20,,Datum,1956-09-22,erwähnt,
UAKUG/NIM_005,20,,rolle,Eboli,erwähnt,
UAKUG/NIM_005,20,,werk,Don Carlos,erwähnt,
UAKUG/NIM_005,20,,institution,Staatsoper Wien,erwähnt,
UAKUG/NIM_005,20,,ort,Wien,erwähnt,
UAKUG/NIM_005,20,,Datum,1956-09-20,erwähnt,
UAKUG/NIM_005,20,,Datum,1957-08-31,erwähnt,
UAKUG/NIM_005,20,,rolle,Solosängerin,erwähnt,
UAKUG/NIM_005,20,,institution,Staatsoper Wien,erwähnt,
UAKUG/NIM_005,20,,,Vertrag,erwähnt,
UAKUG/NIM_005,20,,Datum,1956-11-01,erwähnt,
UAKUG/NIM_005,20,,Datum,1956-11-06,erwähnt,
UAKUG/NIM_005,20,,rolle,Altsolo,erwähnt,
UAKUG/NIM_005,20,,person,Mozart,erwähnt,
UAKUG/NIM_005,20,,werk,Requiem,erwähnt,
UAKUG/NIM_005,20,,ereignis,Aufnahmen,erwähnt,
UAKUG/NIM_005,20,,institution,Philips,erwähnt,
UAKUG/NIM_005,20,,ort,Wien,erwähnt,
UAKUG/NIM_005,20,,,Bestätigung,erwähnt,
UAKUG/NIM_005,20,,Datum,1956-11-10,erwähnt,
UAKUG/NIM_005,20,,Datum,1956-11-11,erwähnt,
UAKUG/NIM_005,20,,ereignis,Konzert,erwähnt,
UAKUG/NIM_005,20,,werk,Kindertotenlieder,erwähnt,
UAKUG/NIM_005,20,,institution,Österreichischer Rundfunk,erwähnt,
UAKUG/NIM_005,20,,ort,Wien,erwähnt,
UAKUG/NIM_005,20,,,Bestätigung,erwähnt,
UAKUG/NIM_005,20,,Datum,1956-11-17,erwähnt,
UAKUG/NIM_005,20,,Datum,1956-11-19,erwähnt,
UAKUG/NIM_005,20,,rolle,Altsolo,erwähnt,
UAKUG/NIM_005,20,,werk,Stabat Mater,erwähnt,
UAKUG/NIM_005,20,,person,Rossini,erwähnt,
UAKUG/NIM_005,20,,institution,Musikverein Steiermark,erwähnt,
UAKUG/NIM_005,20,,ort,Graz,erwähnt,
UAKUG/NIM_005,20,,Datum,1956-11-19,erwähnt,
UAKUG/NIM_005,20,,Datum,1956-11-22,erwähnt,
UAKUG/NIM_005,20,,rolle,Amneris,erwähnt,
UAKUG/NIM_005,20,,werk,Aida,erwähnt,
UAKUG/NIM_005,20,,institution,Opernhaus Graz,erwähnt,
UAKUG/NIM_005,20,,ort,Graz,erwähnt,
UAKUG/NIM_005,20,,Datum,1956-11-23,erwähnt,
UAKUG/NIM_005,20,,Datum,1956-11-30,erwähnt,
UAKUG/NIM_005,20,,rolle,Dorabella,erwähnt,
UAKUG/NIM_005,20,,werk,Cosi Fan Tutte,erwähnt,
UAKUG/NIM_005,20,,ereignis,Aufnahmen,erwähnt,
UAKUG/NIM_005,20,,institution,Philips,erwähnt,
UAKUG/NIM_005,20,,ort,Wien,erwähnt,
UAKUG/NIM_005,20,,,Bestätigung,erwähnt,
UAKUG/NIM_005,20,,Datum,1956-12-02,erwähnt,
UAKUG/NIM_005,20,,Datum,1956-12-03,erwähnt,
UAKUG/NIM_005,20,,ereignis,Konzert,erwähnt,
UAKUG/NIM_005,20,,rolle,Solistin,erwähnt,
UAKUG/NIM_005,20,,ort,Straßburg,erwähnt,
UAKUG/NIM_005,20,,Datum,1956-12-09,erwähnt,
UAKUG/NIM_005,20,,Datum,1956-12-14,erwähnt,
UAKUG/NIM_005,20,,rolle,Dorabella,erwähnt,
UAKUG/NIM_005,20,,werk,Cosi Fan Tutte,erwähnt,
UAKUG/NIM_005,20,,institution,Societé Romande de Spectacles à Geneve,erwähnt,
UAKUG/NIM_005,20,,ort,Geneve,erwähnt,
UAKUG/NIM_005,20,,,Vertrag,erwähnt,
UAKUG/NIM_005,20,,Datum,1956-12-26,erwähnt,
UAKUG/NIM_005,20,,Datum,1956-12-30,erwähnt,
UAKUG/NIM_005,20,,rolle,Orpheus,erwähnt,
UAKUG/NIM_005,20,,ereignis,Aufnahmen,erwähnt,
UAKUG/NIM_005,20,,institution,Norddeutscher Rundfunk,erwähnt,
UAKUG/NIM_005,20,,ort,Hamburg,erwähnt,
UAKUG/NIM_005,20,,,Verpflichtungsschein,erwähnt,
UAKUG/NIM_005,20,,Datum,1957-01-01,erwähnt,
UAKUG/NIM_005,20,,Datum,1957-01-02,erwähnt,
UAKUG/NIM_005,20,,rolle,Eboli,erwähnt,
UAKUG/NIM_005,20,,werk,Don Carlos,erwähnt,
UAKUG/NIM_005,20,,institution,Staatstheater Stuttgart,erwähnt,
UAKUG/NIM_005,20,,ort,Stuttgart,erwähnt,
UAKUG/NIM_005,20,,,Bestätigung,erwähnt,
UAKUG/NIM_005,20,,Datum,1957-01-10,erwähnt,
UAKUG/NIM_005,20,,Datum,1957-01-11,erwähnt,
UAKUG/NIM_005,20,,rolle,Eboli,erwähnt,
UAKUG/NIM_005,20,,werk,Don Carlos,erwähnt,
UAKUG/NIM_005,20,,institution,Staatsoper Hamburg,erwähnt,
UAKUG/NIM_005,20,,ort,Hamburg,erwähnt,
UAKUG/NIM_005,20,,,Bestätigung,erwähnt,
UAKUG/NIM_005,20,,Datum,1957-01-23,erwähnt,
UAKUG/NIM_005,20,,Datum,1957-02-04,erwähnt,
UAKUG/NIM_005,20,,rolle,Fricka,erwähnt,
UAKUG/NIM_005,20,,werk,Walküre,erwähnt,
UAKUG/NIM_005,20,,institution,Teatro dell Opera,erwähnt,
UAKUG/NIM_005,20,,ort,Roma,erwähnt,
UAKUG/NIM_005,20,,,Vertrag,erwähnt,
UAKUG/NIM_005,20,,Datum,1957-02-26,erwähnt,
UAKUG/NIM_005,20,,Datum,1957-03-13,erwähnt,
UAKUG/NIM_005,20,,werk,Rosenkavalier,erwähnt,
UAKUG/NIM_005,20,,rolle,Cherubin,erwähnt,
UAKUG/NIM_005,20,,werk,Figaro,erwähnt,
UAKUG/NIM_005,20,,institution,Opera de Monte Carlo,erwähnt,
UAKUG/NIM_005,20,,ort,Monte Carlo,erwähnt,
UAKUG/NIM_005,20,,,Vertrag,erwähnt,
UAKUG/NIM_005,20,,Datum,1957-03-15,erwähnt,
UAKUG/NIM_005,20,,Datum,1957-04-07,erwähnt,
UAKUG/NIM_005,20,,rolle,Brangäne,erwähnt,
UAKUG/NIM_005,20,,werk,Tristan,erwähnt,
UAKUG/NIM_005,20,,institution,Teatro Alla Scala,erwähnt,
UAKUG/NIM_005,20,,ort,Milano,erwähnt,
UAKUG/NIM_005,20,,,Vertrag,erwähnt,
UAKUG/NIM_005,20,,Datum,1957-04-26,erwähnt,
UAKUG/NIM_005,20,,Datum,1957-04-28,erwähnt,
UAKUG/NIM_005,20,,rolle,Solistin,erwähnt,
UAKUG/NIM_005,20,,ereignis,Tage Zeitgenössischer Musik,erwähnt,
UAKUG/NIM_005,20,,institution,Süddeutscher Rundfunk,erwähnt,
UAKUG/NIM_005,20,,ort,Stuttgart,erwähnt,
UAKUG/NIM_005,20,,,Verpflichtungsschein,erwähnt,
UAKUG/NIM_005,20,,Datum,1957-05-07,erwähnt,
UAKUG/NIM_005,20,,Datum,1957-05-27,erwähnt,
UAKUG/NIM_005,20,,werk,Ring des Nibelungen,erwähnt,
UAKUG/NIM_005,20,,rolle,Fricka,erwähnt,
UAKUG/NIM_005,20,,rolle,Waltraute,erwähnt,
UAKUG/NIM_005,20,,institution,Reunion des Theatres Lyriques Nationaux Paris,erwähnt,
UAKUG/NIM_005,20,,ort,Paris,erwähnt,
UAKUG/NIM_005,20,,,Qittung der bezogenen Gage,erwähnt,
UAKUG/NIM_005,20,,Datum,1957-06-06,erwähnt,
UAKUG/NIM_005,20,,Datum,1957-06-07,erwähnt,
UAKUG/NIM_005,20,,werk,Carmen,erwähnt,
UAKUG/NIM_005,20,,institution,Staatstheater Stuttgart,erwähnt,
UAKUG/NIM_005,20,,ort,Stuttgart,erwähnt,
UAKUG/NIM_005,20,,,Bestätigung,erwähnt,
UAKUG/NIM_005,20,,Datum,1957-06-13,erwähnt,
UAKUG/NIM_005,20,,Datum,1957-06-15,erwähnt,
UAKUG/NIM_005,20,,rolle,Brangäne,erwähnt,
UAKUG/NIM_005,20,,werk,Tristan,erwähnt,
UAKUG/NIM_005,20,,institution,Städtisches Theater Mainz,erwähnt,
UAKUG/NIM_005,20,,ort,Mainz,erwähnt,
UAKUG/NIM_005,20,,,Bestätigung,erwähnt,
UAKUG/NIM_005,20,,Datum,1957-08-11,erwähnt,
UAKUG/NIM_005,20,,Datum,1957-09-10,erwähnt,
UAKUG/NIM_005,20,,rolle,Solistin,erwähnt,
UAKUG/NIM_005,20,,institution,Münchner Festspiele,erwähnt,
UAKUG/NIM_005,20,,,Gastvertrag,erwähnt,
UAKUG/NIM_005,20,,Datum,1957-09-01,erwähnt,
UAKUG/NIM_005,20,,Datum,1958-08-31,erwähnt,
UAKUG/NIM_005,20,,rolle,Opernsängerin,erwähnt,
UAKUG/NIM_005,20,,institution,Bayerische Staatsoper,erwähnt,
UAKUG/NIM_005,20,,ort,München,erwähnt,
UAKUG/NIM_005,20,,,Dienstvertrag,erwähnt,
UAKUG/NIM_005,20,,Datum,1957-09-01,erwähnt,
UAKUG/NIM_005,20,,Datum,1957-10-31,erwähnt,
UAKUG/NIM_005,20,,rolle,Nancy,erwähnt,
UAKUG/NIM_005,20,,werk,Martha,erwähnt,
UAKUG/NIM_005,20,,institution,Volksoper Wien,erwähnt,
UAKUG/NIM_005,20,,ort,Wien,erwähnt,
UAKUG/NIM_005,20,,,Vertrag,erwähnt,
UAKUG/NIM_005,21,,Datum,1957-11-08,erwähnt,
UAKUG/NIM_005,21,,Datum,1957-11-11,erwähnt,
UAKUG/NIM_005,21,,person,Hindemith,erwähnt,
UAKUG/NIM_005,21,,werk,Requiem,erwähnt,
UAKUG/NIM_005,21,,rolle,Altsolo,erwähnt,
UAKUG/NIM_005,21,,institution,Radio-Symphonie-Orchester Berlin,erwähnt,
UAKUG/NIM_005,21,,,Abschlussschein,erwähnt,
UAKUG/NIM_005,21,,Datum,1957-11-15,erwähnt,
UAKUG/NIM_005,21,,Datum,1957-11-18,erwähnt,
UAKUG/NIM_005,21,,werk,Requiem,erwähnt,
UAKUG/NIM_005,21,,person,Verdi,erwähnt,
UAKUG/NIM_005,21,,rolle,Altsolo,erwähnt,
UAKUG/NIM_005,21,,institution,Musikverein Steiermark,erwähnt,
UAKUG/NIM_005,21,,ort,Graz,erwähnt,
UAKUG/NIM_005,21,,,Bestätigung,erwähnt,
UAKUG/NIM_005,21,,Datum,1957-11-20,erwähnt,
UAKUG/NIM_005,21,,Datum,1957-11-22,erwähnt,
UAKUG/NIM_005,21,,werk,Pulcinella,erwähnt,
UAKUG/NIM_005,21,,person,Strawinsky,erwähnt,
UAKUG/NIM_005,21,,rolle,Solistin,erwähnt,
UAKUG/NIM_005,21,,institution,Wiener Konzerthausgesellschaft,erwähnt,
UAKUG/NIM_005,21,,ort,Wien,erwähnt,
UAKUG/NIM_005,21,,,Vertrag,erwähnt,
UAKUG/NIM_005,21,,Datum,1957-11-27,erwähnt,
UAKUG/NIM_005,21,,werk,Hymnus,erwähnt,
UAKUG/NIM_005,21,,person,von Einem,erwähnt,
UAKUG/NIM_005,21,,institution,Österreichischer Rundfunk,erwähnt,
UAKUG/NIM_005,21,,ort,Wien,erwähnt,
UAKUG/NIM_005,21,,,Bestätigung,erwähnt,
UAKUG/NIM_005,21,,Datum,1958-01-02,erwähnt,
UAKUG/NIM_005,21,,Datum,1958-01-26,erwähnt,
UAKUG/NIM_005,21,,werk,Rosenkavalier,erwähnt,
UAKUG/NIM_005,21,,rolle,Dorabella,erwähnt,
UAKUG/NIM_005,21,,werk,Cosi Fan Tutte,erwähnt,
UAKUG/NIM_005,21,,institution,Gran Teatro del Liceu,erwähnt,
UAKUG/NIM_005,21,,ort,Barcelona,erwähnt,
UAKUG/NIM_005,21,,,Kontrakt,erwähnt,
UAKUG/NIM_005,21,,Datum,1958-02-12,erwähnt,
UAKUG/NIM_005,21,,Datum,1958-02-13,erwähnt,
UAKUG/NIM_005,21,,rolle,Brangäne,erwähnt,
UAKUG/NIM_005,21,,werk,Tristan,erwähnt,
UAKUG/NIM_005,21,,institution,Deutsche Oper Berlin,erwähnt,
UAKUG/NIM_005,21,,ort,Berlin,erwähnt,
UAKUG/NIM_005,21,,,Bestätigung,erwähnt,
UAKUG/NIM_005,21,,Datum,1958-02-25,erwähnt,
UAKUG/NIM_005,21,,Datum,1958-03-05,erwähnt,
UAKUG/NIM_005,21,,werk,Carmen,erwähnt,
UAKUG/NIM_005,21,,ereignis,Aufnahmen,erwähnt,
UAKUG/NIM_005,21,,institution,Westdeutscher Rundfunk,erwähnt,
UAKUG/NIM_005,21,,ort,Köln,erwähnt,
UAKUG/NIM_005,21,,,Verpflichtungsschein,erwähnt,
UAKUG/NIM_005,21,,Datum,1958-03-07,erwähnt,
UAKUG/NIM_005,21,,Datum,1958-03-08,erwähnt,
UAKUG/NIM_005,21,,rolle,Acuzena,erwähnt,
UAKUG/NIM_005,21,,werk,Troubadour,erwähnt,
UAKUG/NIM_005,21,,institution,Opernhaus Köln,erwähnt,
UAKUG/NIM_005,21,,ort,Köln,erwähnt,
UAKUG/NIM_005,21,,,Bestätigung,erwähnt,
UAKUG/NIM_005,21,,Datum,1958-03-28,erwähnt,
UAKUG/NIM_005,21,,Datum,1958-04-06,erwähnt,
UAKUG/NIM_005,21,,werk,Carmen,erwähnt,
UAKUG/NIM_005,21,,ereignis,Fernsehproduktion,erwähnt,
UAKUG/NIM_005,21,,institution,Nord- u. Westdeutscher Rundfunkverband,erwähnt,
UAKUG/NIM_005,21,,ort,Hamburg,erwähnt,
UAKUG/NIM_005,21,,,Vertrag,erwähnt,
UAKUG/NIM_005,21,,Datum,1958-04-09,erwähnt,
UAKUG/NIM_005,21,,Datum,1958-04-11,erwähnt,
UAKUG/NIM_005,21,,rolle,Altsolo,erwähnt,
UAKUG/NIM_005,21,,werk,Lied von der Erde,erwähnt,
UAKUG/NIM_005,21,,institution,Hessischer Rundfunk,erwähnt,
UAKUG/NIM_005,21,,ort,Frankfurt,erwähnt,
UAKUG/NIM_005,21,,,Mitteilung der Sendung,erwähnt,
UAKUG/NIM_005,21,,Datum,1958-04-26,erwähnt,
UAKUG/NIM_005,21,,Datum,1958-04-27,erwähnt,
UAKUG/NIM_005,21,,rolle,Waltraute,erwähnt,
UAKUG/NIM_005,21,,werk,Götterdämmerung,erwähnt,
UAKUG/NIM_005,21,,institution,Staatstheater Stuttgart,erwähnt,
UAKUG/NIM_005,21,,ort,Stuttgart,erwähnt,
UAKUG/NIM_005,21,,,Bestätigung,erwähnt,
UAKUG/NIM_005,21,,Datum,1958-05-17,erwähnt,
UAKUG/NIM_005,21,,Datum,1958-06-13,erwähnt,
UAKUG/NIM_005,21,,rolle,Judith,erwähnt,
UAKUG/NIM_005,21,,werk,Herzog Blaubarts Burg,erwähnt,
UAKUG/NIM_005,21,,institution,Staatstheater Basel,erwähnt,
UAKUG/NIM_005,21,,ort,Basel,erwähnt,
UAKUG/NIM_005,21,,Datum,1958-06-01,erwähnt,
UAKUG/NIM_005,21,,ereignis,Bartok-Lieder,erwähnt,
UAKUG/NIM_005,21,,ereignis,Bartok Tage,erwähnt,
UAKUG/NIM_005,21,,ort,Basel,erwähnt,
UAKUG/NIM_005,21,,Datum,1958-06-04,erwähnt,
UAKUG/NIM_005,21,,Datum,1958-06-08,erwähnt,
UAKUG/NIM_005,21,,ereignis,Aufnahmen Arienplatte,erwähnt,
UAKUG/NIM_005,21,,Datum,1958-06-21,erwähnt,
UAKUG/NIM_005,21,,Datum,1958-06-22,erwähnt,
UAKUG/NIM_005,21,,rolle,Solistin,erwähnt,
UAKUG/NIM_005,21,,ereignis,Kirchenkonzert,erwähnt,
UAKUG/NIM_005,21,,institution,Marktgemeinde Ottobeuern,erwähnt,
UAKUG/NIM_005,21,,ort,Ottobeuern,erwähnt,
UAKUG/NIM_005,21,,,Vertrag,erwähnt,
UAKUG/NIM_005,21,,Datum,1958-07-12,erwähnt,
UAKUG/NIM_005,21,,Datum,1958-08-31,erwähnt,
UAKUG/NIM_005,21,,rolle,Solistin,erwähnt,
UAKUG/NIM_005,21,,werk,Arabella,erwähnt,
UAKUG/NIM_005,21,,rolle,Vanessa,erwähnt,
UAKUG/NIM_005,21,,institution,Salzburger Festspiele,erwähnt,
UAKUG/NIM_005,21,,ort,Salzburg,erwähnt,
UAKUG/NIM_005,21,,,Vertrag,erwähnt,
UAKUG/NIM_005,21,,Datum,1958-08-09,erwähnt,
UAKUG/NIM_005,21,,Datum,1958-09-09,erwähnt,
UAKUG/NIM_005,21,,rolle,Solistin,erwähnt,
UAKUG/NIM_005,21,,institution,Münchner Festspiele,erwähnt,
UAKUG/NIM_005,21,,ort,München,erwähnt,
UAKUG/NIM_005,21,,,Gastvertrag,erwähnt,
UAKUG/NIM_005,21,,Datum,1958-09-01,erwähnt,
UAKUG/NIM_005,21,,Datum,1959-31-08,erwähnt,
UAKUG/NIM_005,21,,rolle,Opernsängerin,erwähnt,
UAKUG/NIM_005,21,,institution,Bayerische Staatsoper,erwähnt,
UAKUG/NIM_005,21,,ort,München,erwähnt,
UAKUG/NIM_005,21,,,Dienstvertrag,erwähnt,
UAKUG/NIM_005,21,,Datum,1958-09-03,erwähnt,
UAKUG/NIM_005,21,,Datum,1958-09-05,erwähnt,
UAKUG/NIM_005,21,,rolle,Solistin,erwähnt,
UAKUG/NIM_005,21,,ereignis,Extrakonzert,erwähnt,
UAKUG/NIM_005,21,,institution,Tonhallegesellschaft Zürich,erwähnt,
UAKUG/NIM_005,21,,ort,Zürich,erwähnt,
UAKUG/NIM_005,21,,,Vertrag,erwähnt,
UAKUG/NIM_005,21,,Datum,1958-09-21,erwähnt,
UAKUG/NIM_005,21,,Datum,1958-09-27,erwähnt,
UAKUG/NIM_005,21,,rolle,Amneris,erwähnt,
UAKUG/NIM_005,21,,werk,Aida,erwähnt,
UAKUG/NIM_005,21,,ereignis,Plattenaufnahmen,erwähnt,
UAKUG/NIM_005,21,,institution,Tono-Aktiengesellschaft,erwähnt,
UAKUG/NIM_005,21,,ort,Zürich,erwähnt,
UAKUG/NIM_005,21,,,Bestätigung,erwähnt,
UAKUG/NIM_005,21,,Datum,1958-10-07,erwähnt,
UAKUG/NIM_005,21,,Datum,1958-10-09,erwähnt,
UAKUG/NIM_005,21,,rolle,Fricka,erwähnt,
UAKUG/NIM_005,21,,werk,Rheingold,erwähnt,
UAKUG/NIM_005,21,,ereignis,Plattenaufnahmen,erwähnt,
UAKUG/NIM_005,21,,institution,Decca-Recordings,erwähnt,
UAKUG/NIM_005,21,,ort,Zürich,erwähnt,
UAKUG/NIM_005,21,,,Vertrag,erwähnt,
UAKUG/NIM_005,21,,Datum,1958-11-08,erwähnt,
UAKUG/NIM_005,21,,Datum,1958-11-16,erwähnt,
UAKUG/NIM_005,21,,rolle,Herodias,erwähnt,
UAKUG/NIM_005,21,,werk,Salome,erwähnt,
UAKUG/NIM_005,21,,ereignis,Aufnahmen,erwähnt,
UAKUG/NIM_005,21,,institution,RAI-Radio Televisione Italiana,erwähnt,
UAKUG/NIM_005,21,,ort,Roma,erwähnt,
UAKUG/NIM_005,21,,,Vertrag,erwähnt,
UAKUG/NIM_005,21,,Datum,1958-11-18,erwähnt,
UAKUG/NIM_005,21,,Datum,1958-11-19,erwähnt,
UAKUG/NIM_005,21,,rolle,Brangäne,erwähnt,
UAKUG/NIM_005,21,,werk,Tristan,erwähnt,
UAKUG/NIM_005,21,,institution,Staatstheater Stuttgart,erwähnt,
UAKUG/NIM_005,21,,ort,Stuttgart,erwähnt,
UAKUG/NIM_005,21,,,Bestätigung,erwähnt,
UAKUG/NIM_005,21,,Datum,1958-11-21,erwähnt,
UAKUG/NIM_005,21,,Datum,1958-11-23,erwähnt,
UAKUG/NIM_005,21,,person,Verdi,erwähnt,
UAKUG/NIM_005,21,,werk,Requiem,erwähnt,
UAKUG/NIM_005,21,,rolle,Altsolo,erwähnt,
UAKUG/NIM_005,21,,institution,Hessisches Landestheater,erwähnt,
UAKUG/NIM_005,21,,ort,Darmstadt,erwähnt,
UAKUG/NIM_005,21,,,Abschlussschein,erwähnt,
UAKUG/NIM_005,22,,Datum,1958-11-25,erwähnt,
UAKUG/NIM_005,22,,Datum,1958-11-26,erwähnt,
UAKUG/NIM_005,22,,rolle,Solistin,erwähnt,
UAKUG/NIM_005,22,,werk,Lied von der Erde,erwähnt,
UAKUG/NIM_005,22,,ort,Straßburg,erwähnt,
UAKUG/NIM_005,22,,Datum,1958-11-29,erwähnt,
UAKUG/NIM_005,22,,Datum,1958-11-30,erwähnt,
UAKUG/NIM_005,22,,rolle,Waltraute,erwähnt,
UAKUG/NIM_005,22,,werk,Götterdämmerung,erwähnt,
UAKUG/NIM_005,22,,institution,Staatstheater Stuttgart,erwähnt,
UAKUG/NIM_005,22,,ort,Stuttgart,erwähnt,
UAKUG/NIM_005,22,,,Bestätigung,erwähnt,
UAKUG/NIM_005,22,,Datum,1958-12-04,erwähnt,
UAKUG/NIM_005,22,,Datum,1958-12-07,erwähnt,
UAKUG/NIM_005,22,,rolle,Solistin,erwähnt,
UAKUG/NIM_005,22,,ereignis,Aufnahme,erwähnt,
UAKUG/NIM_005,22,,institution,Bayerischer Rundfunk,erwähnt,
UAKUG/NIM_005,22,,ort,München,erwähnt,
UAKUG/NIM_005,22,,,Verpflichtungsschein,erwähnt,
UAKUG/NIM_005,22,,Datum,1959-01-20,erwähnt,
UAKUG/NIM_005,22,,Datum,1959-01-21,erwähnt,
UAKUG/NIM_005,22,,ereignis,Liederabend,erwähnt,
UAKUG/NIM_005,22,,institution,Internationale Stiftung Mozarteum,erwähnt,
UAKUG/NIM_005,22,,ort,Salzburg,erwähnt,
UAKUG/NIM_005,22,,,Abschlusssschein,erwähnt,
UAKUG/NIM_005,22,,Datum,1959-01-28,erwähnt,
UAKUG/NIM_005,22,,Datum,1959-02-30,erwähnt,
UAKUG/NIM_005,22,,ereignis,2 Liederabende,erwähnt,
UAKUG/NIM_005,22,,institution,Österreichischer Rundfunk Studio Graz,erwähnt,
UAKUG/NIM_005,22,,institution,Musikverein Steiermark,erwähnt,
UAKUG/NIM_005,22,,ort,Graz,erwähnt,
UAKUG/NIM_005,22,,,Programm,erwähnt,
UAKUG/NIM_005,22,,,Bestätigung,erwähnt,
UAKUG/NIM_005,22,,Datum,1959-02-27,erwähnt,
UAKUG/NIM_005,22,,Datum,1959-02-28,erwähnt,
UAKUG/NIM_005,22,,werk,Carmen,erwähnt,
UAKUG/NIM_005,22,,institution,Opernhaus Graz,erwähnt,
UAKUG/NIM_005,22,,ort,Graz,erwähnt,
UAKUG/NIM_005,22,,Datum,1959-03-18,erwähnt,
UAKUG/NIM_005,22,,Datum,1959-03-20,erwähnt,
UAKUG/NIM_005,22,,rolle,Altsolo,erwähnt,
UAKUG/NIM_005,22,,werk,Messias,erwähnt,
UAKUG/NIM_005,22,,institution,Hessischer Rundfunk,erwähnt,
UAKUG/NIM_005,22,,ort,Frankfurt/Main,erwähnt,
UAKUG/NIM_005,22,,,Abschlussschein,erwähnt,
UAKUG/NIM_005,22,,Datum,1959-05-09,erwähnt,
UAKUG/NIM_005,22,,Datum,1959-05-10,erwähnt,
UAKUG/NIM_005,22,,ereignis,Solistenkonzert,erwähnt,
UAKUG/NIM_005,22,,ort,Schaffhausern,erwähnt,
UAKUG/NIM_005,22,,Datum,1959-05-15,erwähnt,
UAKUG/NIM_005,22,,Datum,1959-05-31,erwähnt,
UAKUG/NIM_005,22,,rolle,Fricka,erwähnt,
UAKUG/NIM_005,22,,werk,Walküre,erwähnt,
UAKUG/NIM_005,22,,institution,Teatro di San Carlo,erwähnt,
UAKUG/NIM_005,22,,ort,Napoli,erwähnt,
UAKUG/NIM_005,22,,,Vertrag,erwähnt,
UAKUG/NIM_005,22,,Datum,1959-06-01,erwähnt,
UAKUG/NIM_005,22,,Datum,1959-06-26,erwähnt,
UAKUG/NIM_005,22,,rolle,Brangäne,erwähnt,
UAKUG/NIM_005,22,,werk,Tristan,erwähnt,
UAKUG/NIM_005,22,,institution,Holland Festival,erwähnt,
UAKUG/NIM_005,22,,,Vertrag,erwähnt,
UAKUG/NIM_005,22,,Datum,1959-06-12,erwähnt,
UAKUG/NIM_005,22,,Datum,1959-06-14,erwähnt,
UAKUG/NIM_005,22,,werk,Cäcilienmesse,erwähnt,
UAKUG/NIM_005,22,,rolle,Altsolo,erwähnt,
UAKUG/NIM_005,22,,institution,Wiener Konzerthausgesellschaft,erwähnt,
UAKUG/NIM_005,22,,ort,Wien,erwähnt,
UAKUG/NIM_005,22,,,Vertrag,erwähnt,
UAKUG/NIM_005,22,,Datum,1959-07-03,erwähnt,
UAKUG/NIM_005,22,,Datum,1959-07-07,erwähnt,
UAKUG/NIM_005,22,,rolle,Engel,erwähnt,
UAKUG/NIM_005,22,,werk,Paradies und Peri,erwähnt,
UAKUG/NIM_005,22,,institution,Nord- und Westdeutscher Rundfunk,erwähnt,
UAKUG/NIM_005,22,,ort,Köln,erwähnt,
UAKUG/NIM_005,22,,,Vertrag,erwähnt,
UAKUG/NIM_005,22,,Datum,1959-07-23,erwähnt,
UAKUG/NIM_005,22,,Datum,1959-07-26,erwähnt,
UAKUG/NIM_005,22,,rolle,Solistin,erwähnt,
UAKUG/NIM_005,22,,ereignis,Domkonzert,erwähnt,
UAKUG/NIM_005,22,,ort,Salzburg,erwähnt,
UAKUG/NIM_005,22,,Datum,1959-07-27,erwähnt,
UAKUG/NIM_005,22,,Datum,1959-07-28,erwähnt,
UAKUG/NIM_005,22,,rolle,Altsolo,erwähnt,
UAKUG/NIM_005,22,,werk,Missa Solemnis,erwähnt,
UAKUG/NIM_005,22,,ereignis,Europäische Wochen,erwähnt,
UAKUG/NIM_005,22,,ort,Passau,erwähnt,
UAKUG/NIM_005,22,,,Abschlussschein,erwähnt,
UAKUG/NIM_005,22,,Datum,1959-08-08,erwähnt,
UAKUG/NIM_005,22,,Datum,1959-09-09,erwähnt,
UAKUG/NIM_005,22,,rolle,Solistin,erwähnt,
UAKUG/NIM_005,22,,institution,Münchner Festspiele,erwähnt,
UAKUG/NIM_005,22,,ort,München,erwähnt,
UAKUG/NIM_005,22,,,Gastvertrag,erwähnt,
UAKUG/NIM_005,22,,Datum,1959-09-01,erwähnt,
UAKUG/NIM_005,22,,Datum,1960-08-31,erwähnt,
UAKUG/NIM_005,22,,rolle,Opernsängerin,erwähnt,
UAKUG/NIM_005,22,,institution,Bayerische Staatsoper,erwähnt,
UAKUG/NIM_005,22,,ort,München,erwähnt,
UAKUG/NIM_005,22,,,Dienstvertrag,erwähnt,
UAKUG/NIM_005,22,,Datum,1959-08-28,erwähnt,
UAKUG/NIM_005,22,,Datum,1959-08-29,erwähnt,
UAKUG/NIM_005,22,,ereignis,Liederabend,erwähnt,
UAKUG/NIM_005,22,,,in Arolsen,erwähnt,???
UAKUG/NIM_005,22,,institution,Herder-Gesellschaft,erwähnt,
UAKUG/NIM_005,22,,ort,München,erwähnt,
UAKUG/NIM_005,22,,,Abschlussschein A,erwähnt,
UAKUG/NIM_005,22,,Datum,1959-11-25,erwähnt,
UAKUG/NIM_005,22,,Datum,1959-11-29,erwähnt,
UAKUG/NIM_005,22,,ereignis,Solistenkonzert,erwähnt,
UAKUG/NIM_005,22,,ort,Olten,erwähnt,
UAKUG/NIM_005,22,,Datum,1959-12-16,erwähnt,
UAKUG/NIM_005,22,,ereignis,Liederabend,erwähnt,
UAKUG/NIM_005,22,,institution,Wiener Konzerthausgesellschaft,erwähnt,
UAKUG/NIM_005,22,,ort,Wien,erwähnt,
UAKUG/NIM_005,22,,,Übereinkommen,erwähnt,
UAKUG/NIM_005,22,,Datum,1960-01-02,erwähnt,
UAKUG/NIM_005,22,,Datum,1960-01-05,erwähnt,
UAKUG/NIM_005,22,,werk,Traum des Gerontius,erwähnt,???
UAKUG/NIM_005,22,,rolle,Elgar,erwähnt,???
UAKUG/NIM_005,22,,institution,Österreichischer Rundfunk,erwähnt,
UAKUG/NIM_005,22,,ort,Wien,erwähnt,
UAKUG/NIM_005,22,,,Bestätigung,erwähnt,
UAKUG/NIM_005,22,,Datum,1960-01-08,erwähnt,
UAKUG/NIM_005,22,,ereignis,Liederabend,erwähnt,
UAKUG/NIM_005,22,,institution,Wiener Konzerthausgesellschaft,erwähnt,
UAKUG/NIM_005,22,,ort,Wien,erwähnt,
UAKUG/NIM_005,22,,,Programm,erwähnt,
UAKUG/NIM_005,22,,Datum,1960-01-25,erwähnt,
UAKUG/NIM_005,22,,Datum,1960-01-28,erwähnt,
UAKUG/NIM_005,22,,ereignis,Aufnahmen,erwähnt,
UAKUG/NIM_005,22,,institution,Süddeutscher Rundfunk,erwähnt,
UAKUG/NIM_005,22,,ort,Stuttgart,erwähnt,
UAKUG/NIM_005,22,,,Bestätigung,erwähnt,
UAKUG/NIM_005,22,,Datum,1960-02-13,erwähnt,
UAKUG/NIM_005,22,,Datum,1960-03-05,erwähnt,
UAKUG/NIM_005,22,,rolle,Magdalena,erwähnt,
UAKUG/NIM_005,22,,werk,Meistersinger,erwähnt,
UAKUG/NIM_005,22,,institution,Theatre Municipal de Strasbourg,erwähnt,
UAKUG/NIM_005,22,,ort,Strabourg,erwähnt,
UAKUG/NIM_005,22,,,Vertrag,erwähnt,
UAKUG/NIM_005,22,,Datum,1960-03-03,erwähnt,
UAKUG/NIM_005,22,,Datum,1960-03-04,erwähnt,
UAKUG/NIM_005,22,,ereignis,Liederabend,erwähnt,
UAKUG/NIM_005,22,,institution,Freunde der Musik,erwähnt,
UAKUG/NIM_005,22,,ort,Landshut,erwähnt,
UAKUG/NIM_005,22,,,Programm,erwähnt,
UAKUG/NIM_005,22,,Datum,1960-03-09,erwähnt,
UAKUG/NIM_005,22,,Datum,1960-03-10,erwähnt,
UAKUG/NIM_005,22,,ereignis,Konzert,erwähnt,
UAKUG/NIM_005,22,,rolle,Judith,erwähnt,
UAKUG/NIM_005,22,,werk,Herzog Blaubarts Burg,erwähnt,
UAKUG/NIM_005,22,,ort,St. Gallen,erwähnt,
UAKUG/NIM_005,23,,,1960-03-17,erwähnt,
UAKUG/NIM_005,23,,,1960-03-19,erwähnt,
UAKUG/NIM_005,23,,,Brangäne,erwähnt,
UAKUG/NIM_005,23,,,Tristan,erwähnt,
UAKUG/NIM_005,23,,,Theater Metz,erwähnt,
UAKUG/NIM_005,23,,,Metz,erwähnt,
UAKUG/NIM_005,23,,,1960-04-13,erwähnt,
UAKUG/NIM_005,23,,,1960-04-15,erwähnt,
UAKUG/NIM_005,23,,,Matthäuspassion,erwähnt,
UAKUG/NIM_005,23,,,Altsolo,erwähnt,
UAKUG/NIM_005,23,,,Wilhelmerkirche Strassburg,erwähnt,
UAKUG/NIM_005,23,,,Strassburg,erwähnt,
UAKUG/NIM_005,,,,1960-05-02,erwähnt,
UAKUG/NIM_005,,,,1960-05-06,erwähnt,
UAKUG/NIM_005,,,,Altsolo,erwähnt,
UAKUG/NIM_005,,,,Elias,erwähnt,
UAKUG/NIM_005,,,,RAI-Radio Televisione Italiana,erwähnt,
UAKUG/NIM_005,,,,Milano,erwähnt,
UAKUG/NIM_005,,,,1960-05-10,erwähnt,
UAKUG/NIM_005,,,,1960-05-15,erwähnt,
UAKUG/NIM_005,,,,Serenade aus Wien,erwähnt,
UAKUG/NIM_005,,,,Dorabella,erwähnt,
UAKUG/NIM_005,,,,Bayerischer Rundfunk,erwähnt,
UAKUG/NIM_005,,,,Vertrag,erwähnt,
UAKUG/NIM_005,,,,1960-06-23,erwähnt,
UAKUG/NIM_005,,,,Missa Solemnis,erwähnt,
UAKUG/NIM_005,,,,Altsolo,erwähnt,
UAKUG/NIM_005,,,,Strassburg,erwähnt,
UAKUG/NIM_005,,,,1960-06-30,erwähnt,
UAKUG/NIM_005,,,,1960-07-03,erwähnt,
UAKUG/NIM_005,,,,Carmen,erwähnt,
UAKUG/NIM_005,,,,Plattenaufnahme,erwähnt,
UAKUG/NIM_005,,,,Deutsche Grammophongesellschaft-Polydor,erwähnt,
UAKUG/NIM_005,,,,Köln,erwähnt,
UAKUG/NIM_005,,,,1960-07-04,erwähnt,
UAKUG/NIM_005,,,,1960-07-08,erwähnt,
UAKUG/NIM_005,,,,Altsolo,erwähnt,
UAKUG/NIM_005,,,,VIII. Mahler,erwähnt,
UAKUG/NIM_005,,,,Tonhallegesellschaft Zürich,erwähnt,
UAKUG/NIM_005,,,,Zürich,erwähnt,
UAKUG/NIM_005,,,,1960-07-31,erwähnt,
UAKUG/NIM_005,,,,Solistenkonzert,erwähnt,
UAKUG/NIM_005,,,,Passau,erwähnt,
UAKUG/NIM_005,,,,1960-08-03,erwähnt,
UAKUG/NIM_005,,,,1960-09-09,erwähnt,
UAKUG/NIM_005,,,,Solistin,erwähnt,
UAKUG/NIM_005,,,,Münchner Festspiele,erwähnt,
UAKUG/NIM_005,,,,München,erwähnt,
UAKUG/NIM_005,,,,Gastvertrag,erwähnt,
UAKUG/NIM_005,,,,1960-08-12,erwähnt,
UAKUG/NIM_005,,,,1960-08-14,erwähnt,
UAKUG/NIM_005,,,,Altsolo,erwähnt,
UAKUG/NIM_005,,,,Pergolesi,erwähnt,
UAKUG/NIM_005,,,,Konzert,erwähnt,
UAKUG/NIM_005,,,,Salzburg,erwähnt,
UAKUG/NIM_005,,,,1960-08-22,erwähnt,
UAKUG/NIM_005,,,,1960-08-23,erwähnt,
UAKUG/NIM_005,,,,Adelaide,erwähnt,
UAKUG/NIM_005,,,,Arabella,erwähnt,
UAKUG/NIM_005,,,,Bayerischer Rundfunk,erwähnt,
UAKUG/NIM_005,,,,Vertrag,erwähnt,
UAKUG/NIM_005,,,,1960-08-21,erwähnt,
UAKUG/NIM_005,,,,1960-08-29,erwähnt,
UAKUG/NIM_005,,,,Altsolo,erwähnt,
UAKUG/NIM_005,,,,VIII. Mahler,erwähnt,
UAKUG/NIM_005,,,,Salzburger Festspiele,erwähnt,
UAKUG/NIM_005,,,,Bestätigung,erwähnt,
UAKUG/NIM_005,,,,1960-09-01,erwähnt,
UAKUG/NIM_005,,,,1961-08-31,erwähnt,
UAKUG/NIM_005,,,,Opernsängerin,erwähnt,
UAKUG/NIM_005,,,,Bayerische Staatsoper,erwähnt,
UAKUG/NIM_005,,,,München,erwähnt,
UAKUG/NIM_005,,,,Dienstvertrag,erwähnt,
UAKUG/NIM_005,,,,,erwähnt,
UAKUG/NIM_005,,,,,erwähnt,
UAKUG/NIM_005,,,,,erwähnt,
UAKUG/NIM_005,,,,,erwähnt,
UAKUG/NIM_005,,,,,erwähnt,
UAKUG/NIM_005,,,,,erwähnt,
UAKUG/NIM_005,,,,,erwähnt,
UAKUG/NIM_005,,,,,erwähnt,
UAKUG/NIM_005,,,,,erwähnt,
UAKUG/NIM_005,,,,,erwähnt,
UAKUG/NIM_005,,,,,erwähnt,
UAKUG/NIM_005,,,,,erwähnt,
UAKUG/NIM_005,,,,,erwähnt,
UAKUG/NIM_005,,,,,erwähnt,
UAKUG/NIM_005,,,,,erwähnt,
UAKUG/NIM_005,,,,,erwähnt,
UAKUG/NIM_005,,,,,erwähnt,
UAKUG/NIM_005,,,,,erwähnt,
UAKUG/NIM_005,,,,,erwähnt,
UAKUG/NIM_005,,,,,erwähnt,
UAKUG/NIM_005,,,,,erwähnt,
UAKUG/NIM_005,,,,,erwähnt,
UAKUG/NIM_005,,,,,erwähnt,
UAKUG/NIM_005,,,,,erwähnt,
UAKUG/NIM_005,,,,,erwähnt,
UAKUG/NIM_005,,,,,erwähnt,
UAKUG/NIM_005,,,,,erwähnt,
UAKUG/NIM_005,,,,,erwähnt,
UAKUG/NIM_005,,,,,erwähnt,
UAKUG/NIM_005,,,,,erwähnt,
UAKUG/NIM_005,,,,,erwähnt,
UAKUG/NIM_005,,,,,erwähnt,
UAKUG/NIM_005,,,,,erwähnt,
UAKUG/NIM_005,,,,,erwähnt,
UAKUG/NIM_005,,,,,erwähnt,
UAKUG/NIM_005,,,,,erwähnt,
UAKUG/NIM_005,,,,,erwähnt,
UAKUG/NIM_005,,,,,erwähnt,
UAKUG/NIM_005,,,,,erwähnt,
UAKUG/NIM_005,,,,,erwähnt,
UAKUG/NIM_005,,,,,erwähnt,
UAKUG/NIM_005,,,,,erwähnt,
UAKUG/NIM_005,,,,,erwähnt,
UAKUG/NIM_005,,,,,erwähnt,
UAKUG/NIM_005,,,,,erwähnt,
UAKUG/NIM_005,,,,,erwähnt,
UAKUG/NIM_005,,,,,erwähnt,
UAKUG/NIM_005,,,,,erwähnt,
UAKUG/NIM_005,,,,,erwähnt,
UAKUG/NIM_005,,,,,erwähnt,
UAKUG/NIM_005,,,,,erwähnt,
UAKUG/NIM_005,,,,,erwähnt,
UAKUG/NIM_005,,,,,erwähnt,
UAKUG/NIM_005,,,,,erwähnt,
UAKUG/NIM_005,,,,,erwähnt,
UAKUG/NIM_005,,,,,erwähnt,
UAKUG/NIM_005,,,,,erwähnt,
UAKUG/NIM_005,,,,,erwähnt,
UAKUG/NIM_005,,,,,erwähnt,
UAKUG/NIM_005,,,,,erwähnt,
UAKUG/NIM_005,,,,,erwähnt,
UAKUG/NIM_005,,,,,erwähnt,
UAKUG/NIM_005,,,,,erwähnt,
UAKUG/NIM_005,,,,,erwähnt,
UAKUG/NIM_005,,,,,erwähnt,
UAKUG/NIM_005,,,,,erwähnt,
UAKUG/NIM_005,,,,,erwähnt,
UAKUG/NIM_005,,,,,erwähnt,
UAKUG/NIM_005,,,,,erwähnt,
UAKUG/NIM_005,,,,,erwähnt,
UAKUG/NIM_005,,,,,erwähnt,
UAKUG/NIM_005,,,,,erwähnt,
UAKUG/NIM_005,,,,,erwähnt,
UAKUG/NIM_005,,,,,erwähnt,
UAKUG/NIM_005,,,,,erwähnt,
UAKUG/NIM_005,,,,,erwähnt,
UAKUG/NIM_005,,,,,erwähnt,
UAKUG/NIM_005,,,,,erwähnt,
UAKUG/NIM_005,,,,,erwähnt,
UAKUG/NIM_005,,,,,erwähnt,
UAKUG/NIM_005,,,,,erwähnt,
UAKUG/NIM_005,,,,,erwähnt,
UAKUG/NIM_005,,,,,erwähnt,
UAKUG/NIM_005,,,,,erwähnt,
UAKUG/NIM_005,,,,,erwähnt,
UAKUG/NIM_005,,,,,erwähnt,
UAKUG/NIM_005,,,,,erwähnt,
UAKUG/NIM_005,,,,,erwähnt,
UAKUG/NIM_005,,,,,erwähnt,
UAKUG/NIM_005,,,,,erwähnt,
UAKUG/NIM_005,,,,,erwähnt,
UAKUG/NIM_005,,,,,erwähnt,
UAKUG/NIM_005,,,,,erwähnt,
UAKUG/NIM_005,,,,,erwähnt,
UAKUG/NIM_005,,,,,erwähnt,
UAKUG/NIM_005,,,,,erwähnt,
UAKUG/NIM_005,,,,,erwähnt,
UAKUG/NIM_005,,,,,erwähnt,
UAKUG/NIM_005,,,,,erwähnt,
UAKUG/NIM_005,,,,,erwähnt,
UAKUG/NIM_005,,,,,erwähnt,
UAKUG/NIM_005,,,,,erwähnt,
UAKUG/NIM_005,,,,,erwähnt,
UAKUG/NIM_005,,,,,erwähnt,
UAKUG/NIM_005,,,,,erwähnt,
UAKUG/NIM_005,,,,,erwähnt,
UAKUG/NIM_005,,,,,erwähnt,
UAKUG/NIM_005,,,,,erwähnt,
UAKUG/NIM_005,,,,,erwähnt,
UAKUG/NIM_005,,,,,erwähnt,
UAKUG/NIM_005,,,,,erwähnt,
UAKUG/NIM_005,,,,,erwähnt,
UAKUG/NIM_005,,,,,erwähnt,
UAKUG/NIM_005,,,,,erwähnt,
UAKUG/NIM_005,,,,,erwähnt,
UAKUG/NIM_005,,,,,erwähnt,
UAKUG/NIM_005,,,,,erwähnt,
UAKUG/NIM_005,,,,,erwähnt,
UAKUG/NIM_005,,,,,erwähnt,
UAKUG/NIM_005,,,,,erwähnt,
UAKUG/NIM_005,,,,,erwähnt,
UAKUG/NIM_005,,,,,erwähnt,
UAKUG/NIM_005,,,,,erwähnt,
UAKUG/NIM_005,,,,,erwähnt,
UAKUG/NIM_005,,,,,,
,,,,,,
UAKUG/NIM_006,,,,,,
UAKUG/NIM_007,1,,Datum,1952-03-18,absendedatum,
UAKUG/NIM_007,1,,ort,"Zürich, Geibelstrasse 1/1",zielort,
UAKUG/NIM_007,1,,ort,"München, Martiusstrasse 3",entstehungsort,
UAKUG/NIM_007,1,,ort,Bayerische Staatsoper,erwähnt,
UAKUG/NIM_007,1,,person,"Ballhausen, Felix",verfasser:in,
UAKUG/NIM_007,1,,person,"Ballhausen, Felix",agent:in,
UAKUG/NIM_007,1,,person,"Malaniuk, Ira",adressat:in,
UAKUG/NIM_007,2,,Datum,1952-05-27,absendedatum,
UAKUG/NIM_007,2,,Datum,1952-05-21,empfangsdatum,
UAKUG/NIM_007,2,,Datum,1952-08-27/1952-08-28,Abreisedatum,
UAKUG/NIM_007,2,,Datum,1952-09-05,auftritt,
UAKUG/NIM_007,2,,Datum,1952-12-01,auftritt,geplanter Auftritt Salomé
UAKUG/NIM_007,2,,Datum,1952-05-26,Gespräch,
UAKUG/NIM_007,2,,institution,Teatro Colon,auffuehrungsort,
UAKUG/NIM_007,2,,ort,"Zürich, Geibelstrasse 1/1",zielort,
UAKUG/NIM_007,2,,ort,München,erwähnt,
UAKUG/NIM_007,2,,ort,Buenos Aires,erwähnt,
UAKUG/NIM_007,2,,ort,Neapel,erwähnt,
UAKUG/NIM_007,2,,ort,Wien,erwähnt,
UAKUG/NIM_007,2,,"ort, datum","Bayreuth, 1952-08-26",erwähnt,
UAKUG/NIM_007,2,,person,"Taubmann, Martin Hugo",verfasser:in,
UAKUG/NIM_007,2,,person,"Malaniuk, Ira",adressat:in,
UAKUG/NIM_007,2,,person,Szemere,erwähnt,Vorname fehlt
UAKUG/NIM_007,2,,person,Dermota,erwähnt,Vorname fehlt
UAKUG/NIM_007,2,,person,"Hartmann, Prof. ",erwähnt,Vorname fehlt
UAKUG/NIM_007,2,,person,"Di Costanzo, Pasquale",erwähnt,
UAKUG/NIM_007,2,,person,"Höngen, Elisabeth",erwähnt,
UAKUG/NIM_007,2,,person,Horwitz,erwähnt,Vorname fehlt
UAKUG/NIM_007,2,,person,Schnyder,erwähnt,Vorname fehlt
UAKUG/NIM_007,2,,person,"Taubmann, Frau",erwähnt,Frau von Martin H. Taubmann
UAKUG/NIM_007,2,,rolle,Lady Macbeth,erwähnt,
UAKUG/NIM_007,2,,rolle,Herodias,erwähnt,Höngen übernimmt die Rolle Herodias
UAKUG/NIM_007,2,,werk,Salome,premiere,
UAKUG/NIM_007,2,,werk,Salome,erwähnt,
UAKUG/NIM_007,2,,werk,Herzog Blaubarts Burg,erwähnt,
UAKUG/NIM_007,3,,ereignis,Bayreuther Festspiele,rahmenveranstaltung,
UAKUG/NIM_007,3,,institution,Bayreuther Festspiele,rahmenveranstaltung,Ausweisnummer: 052
UAKUG/NIM_007,3,,"ort, datum","Bayreuth, 1953-07-06",ausstellungsdatum,
UAKUG/NIM_007,3,,person,"Wagner, Wolfgang",inhaber:in,"im Original: ""Ira Malaniuk-Baasch So."" [Solistin?]"
UAKUG/NIM_007,3,,person,,unterzeichner:in,
UAKUG/NIM_007,4,,Datum,1953-09-29,absendedatum,
UAKUG/NIM_007,4,,Datum,1954-01-23,erwähnt,avisierte Ankunft Lissabon
UAKUG/NIM_007,4,,Datum,1954-01-19,erwähnt,idealer Abreisetag
UAKUG/NIM_007,4,01.01,einnahmen_währung,"4000, Esc",abendgage,Meistersinger
UAKUG/NIM_007,4,01.02,einnahmen_währung,"2500, Esc",abendgage,Zauberflöte
UAKUG/NIM_007,4,01.03,einnahmen_währung,"1500, Esc",abendgage,Elektra
UAKUG/NIM_007,4,01.04,einnahmen_währung,"6000, Esc",abendgage,Tristan und Isolde
UAKUG/NIM_007,4,,institution,SAS Scandinavian Airlines,fluggesellschaft,
UAKUG/NIM_007,4,,institution,Ernst Kühnly Bühnenvermittlung Inland und Ausland,vermittler:in,
UAKUG/NIM_007,4,,ort,Stuttgart,entstehungsort,
UAKUG/NIM_007,4,,ort,Wien,zielort,
UAKUG/NIM_007,4,,ort,Lissabon,auffuehrungsort,
UAKUG/NIM_007,4,,ort,Lissabon,zielort,
UAKUG/NIM_007,4,,ort,München,abreiseort,
UAKUG/NIM_007,4,,ort,Frankfurt,erwähnt,
UAKUG/NIM_007,4,,ort,Stuttgart,erwähnt,"Möglichkeit, dass Stuttgart angeflogen wird, will Kühnly prüfen"
UAKUG/NIM_007,4,,"ort, datum","Lissabon, 1954",gastspiel,"@ Pollin: Hier war der Wunsch, Gastspiel + Ort + Zeit zusammenzubringen."
UAKUG/NIM_007,4,,person,"Kühnly, Ernst",verfasser:in,
UAKUG/NIM_007,4,,person,"Kühnly, Ernst",agent:in,
UAKUG/NIM_007,4,,person,"Taubman, Martin Hugo",adressat:in,
UAKUG/NIM_007,4,,person,"Taubman, Martin Hugo",agent:in,
UAKUG/NIM_007,4,,person,"Malaniuk, Ira",erwähnt,
UAKUG/NIM_007,4,01.01,rolle,Magdalene,erwähnt,Meistersinger
UAKUG/NIM_007,4,01.02,rolle,Zweite Dame,erwähnt,Zauberflöte
UAKUG/NIM_007,4,01.03,rolle,Aufseherin,erwähnt,Elektra
UAKUG/NIM_007,4,01.04,rolle,Brangäne,erwähnt,Tristan und Isolde
UAKUG/NIM_007,4,01.01,werk,Die Meistersinger von Nürnberg,erwähnt,
UAKUG/NIM_007,4,01.02,werk,Die Zauberflöte,erwähnt,
UAKUG/NIM_007,4,01.03,werk,Elektra,erwähnt,
UAKUG/NIM_007,4,01.04,werk,Tristan und Isolde,erwähnt,
UAKUG/NIM_007,6,,Datum,1959-11-18,Ausstrahlung,"Autobiographie: ""Verfilmung"" (S. 197)"
UAKUG/NIM_007,6,,Datum,1959-08-31,überweisung,
UAKUG/NIM_007,6,,"einnahmen, währung","1360, DM",erwähnt,
UAKUG/NIM_007,6,,institution,Nord- und Westdeutscher Rundfunkverband,verfasser:in,
UAKUG/NIM_007,6,,"ort, datum","Köln, 1959-05-09",erwähnt,
UAKUG/NIM_007,6,,person,"Malaniuk, Ira",adressat:in,
UAKUG/NIM_007,6,,rolle,"""Engel""",erwähnt,
UAKUG/NIM_007,6,,werk,Paradies und Peri,erwähnt,
UAKUG/NIM_007,7,,Datum,1961/1962,Spielzeit,
UAKUG/NIM_007,7,,institution,Bayerische Staatsoper,verfasser:in,
UAKUG/NIM_007,7,,"ort, datum","München, 1961-11-21",entstehung,
UAKUG/NIM_007,7,,person,"Malaniuk, Ira",adressat:in,
UAKUG/NIM_007,7,,person,Schwab,verfasser:in,ohne Vornamen
UAKUG/NIM_007,8,,Datum,1963-08-28,auftritt,
UAKUG/NIM_007,8,,Datum,1963-08-29,erwähnt,
UAKUG/NIM_007,8,,Datum,1963-07-01/1963-08-29,erwähnt,
UAKUG/NIM_007,8,,ereignis,Abendkonzerte in Wiener Palais,veranstalter:in,
UAKUG/NIM_007,8,,ort,Palais Pallavicini,auffuehrungsort,
UAKUG/NIM_007,8,,ort,Palais Schwarzenberg,erwähnt,
UAKUG/NIM_007,8,,ort,Palais Auersberg,erwähnt,
UAKUG/NIM_007,8,,ort,Palais Palffy,erwähnt,
UAKUG/NIM_007,8,,ort,Palais Lobkowitz,erwähnt,
UAKUG/NIM_007,8,,ort,Hofburg,erwähnt,
UAKUG/NIM_007,8,,ort,Palais Rasumofsky,erwähnt,
UAKUG/NIM_007,8,,person,"Malaniuk, Ira",interpret:in,
UAKUG/NIM_007,8,,person,"Werba, Erik",interpret:in,Pianist
UAKUG/NIM_007,8,,person,"Ott, Elfriede",erwähnt,anderes Konzert angekündigt
UAKUG/NIM_007,8,,person,"Patzak, Julian",erwähnt,anderes Konzert angekündigt
UAKUG/NIM_007,8,,person,"Durante, Francesco",Komponist:in,
UAKUG/NIM_007,8,,person,"Busatti, Cherubino",Komponist:in,
UAKUG/NIM_007,8,,person,"Monteverdi, Claudio",Komponist:in,
UAKUG/NIM_007,8,,person,"Haydn, Joseph",Komponist:in,
UAKUG/NIM_007,8,,person,"Beethoven, Ludwig van",Komponist:in,
UAKUG/NIM_007,8,,person,"Schubert, Franz",Komponist:in,
UAKUG/NIM_007,8,,person,"Brahms, Johannes",Komponist:in,
UAKUG/NIM_007,8,,person,"Barwinsky, Wolodymyr",Komponist:in,
UAKUG/NIM_007,8,,person,"Woloszyn, Wolodymyr",Komponist:in,
UAKUG/NIM_007,8,,person,"Strauss, Richard",Komponist:in,
UAKUG/NIM_007,8,,person,Müller,erwähnt,ohne Vornamen
UAKUG/NIM_007,8,,person,Kreutzer,erwähnt,ohne Vornamen
UAKUG/NIM_007,8,,person,Suppé,erwähnt,ohne Vornamen
UAKUG/NIM_007,8,,person,Drechsler,erwähnt,ohne Vornamen
UAKUG/NIM_007,8,,werk,Vergin tutt' amor,Aufführung,
UAKUG/NIM_007,8,,werk,Pupillette,Aufführung,
UAKUG/NIM_007,8,,werk,Lamento d'Arianna,Aufführung,
UAKUG/NIM_007,8,,werk,Stets barg die Liebe sie,Aufführung,
UAKUG/NIM_007,8,,werk,Ein kleines Haus,Aufführung,
UAKUG/NIM_007,8,,werk,Ich liebe dich,Aufführung,
UAKUG/NIM_007,8,,werk,Lied der Mignon,Aufführung,
UAKUG/NIM_007,8,,werk,Ganymed,Aufführung,
UAKUG/NIM_007,8,,werk,Nachtstück,Aufführung,
UAKUG/NIM_007,8,,werk,Er liebt mich nicht,Aufführung,
UAKUG/NIM_007,8,,werk,Rastlose Liebe,Aufführung,
UAKUG/NIM_007,8,,werk,Der Gang zum Liebchen,Aufführung,
UAKUG/NIM_007,8,,werk,Es träumte mir,Aufführung,
UAKUG/NIM_007,8,,werk,Von ewiger Liebe,Aufführung,
UAKUG/NIM_007,8,,werk,Traurigkeit,Aufführung,
UAKUG/NIM_007,8,,werk,O ihr Felder,Aufführung,
UAKUG/NIM_007,8,,werk,Wenn ich in die Weite,Aufführung,
UAKUG/NIM_007,8,,werk,Glücks genug,Aufführung,
UAKUG/NIM_007,8,,werk,Mein Herz ist stumm,Aufführung,
UAKUG/NIM_007,8,,werk,Befreit,Aufführung,
UAKUG/NIM_007,9,,Datum,1963-05-23,Aufführung,
UAKUG/NIM_007,9,,Datum,1963-06-06,Aufführung,
UAKUG/NIM_007,9,,Datum,1963-05-11,Probenbeginn,
UAKUG/NIM_007,9,,"einnahmen, währung","1200, Fr",abendgage,
UAKUG/NIM_007,9,,ort,"Zürich, Zürichbergstrasse 104",zielort,
UAKUG/NIM_007,9,,"ort, datum","Zürich, 1963-03-08",entstehung,
UAKUG/NIM_007,9,,person,"Malaniuk, Ira",adressat:in,
UAKUG/NIM_007,9,,person,"Jucker, Emil",verfasser:in,
UAKUG/NIM_007,9,,person,"Jucker, Emil",unterzeichner:in,
UAKUG/NIM_007,9,,person,"Meyer, Werner",erwähnt,
UAKUG/NIM_007,9,,person,"Wehrli., Dr.",erwähnt,
UAKUG/NIM_007,9,,rolle,Brangäne,Aufführung,
UAKUG/NIM_007,9,,werk,Tristan und Isolde,Aufführung,
UAKUG/NIM_007,10,,Datum,1964,auftritt,
UAKUG/NIM_007,10,,ereignis,Festspiele 1964,erwähnt,Intendanz der Bayerischen Staatsoper
UAKUG/NIM_007,10,,institution,Bayerische Staatsoper,verfasser:in,
UAKUG/NIM_007,10,,ort,"Zürich, Zürichbergstrasse 104",zielort,
UAKUG/NIM_007,10,,"ort, datum","München, 1964-08-18",absendedatum,
UAKUG/NIM_007,10,,person,"Malaniuk, Ira",adressat:in,
UAKUG/NIM_007,10,,person,Meiner,unterzeichner:in,ohne Vorname
UAKUG/NIM_007,11,,Datum,1968-11-12,erwähnt,
UAKUG/NIM_007,11,,Datum,1955,erwähnt,kein solistischer Auftritt seitens Malaniuk
UAKUG/NIM_007,11,,Datum,1961,erwähnt,kein solistischer Auftritt seitens Malaniuk
UAKUG/NIM_007,11,,Datum,1959-09-05,auftritt,
UAKUG/NIM_007,11,,Datum,1960-07-07,auftritt,
UAKUG/NIM_007,11,,Datum,1960-07-08,auftritt,
UAKUG/NIM_007,11,,Datum,1963-04-30,auftritt,
UAKUG/NIM_007,11,,Datum,1967-06-29,auftritt,
UAKUG/NIM_007,11,,Datum,1959-09-04,probe,abends
UAKUG/NIM_007,11,,Datum,1959-09-05,probe,11 Uhr
UAKUG/NIM_007,11,,Datum,1960-07-04,probe,vormittags und abends
UAKUG/NIM_007,11,,Datum,1960-07-05,probe,vormittags und abends
UAKUG/NIM_007,11,,Datum,1960-07-06,probe,vormittags und abends
UAKUG/NIM_007,11,,Datum,1963-04-29,probe,abends
UAKUG/NIM_007,11,,Datum,1967-06-29,probe,Klavierprobe am Konzertvormittag
UAKUG/NIM_007,11,,institution,Sekretär der Tonhalle-Gesellschaft Zürich,verfasser:in,Konzertgesellschaft
UAKUG/NIM_007,11,,ort,Wien,erwähnt,
UAKUG/NIM_007,11,,"ort, datum","Zürich, 1968-11-18",absendedatum,
UAKUG/NIM_007,11,,person,"Malaniuk, Ira",adressat:in,
UAKUG/NIM_007,11,,person,"Schulthess, Walter",erwähnt,
UAKUG/NIM_007,12,,Datum,1968-09-25,erscheinungsdatum,
UAKUG/NIM_007,12,,institution,Wiener Staatsoper,erwähnt,Wiener Staatsoper
UAKUG/NIM_007,12,,institution,Volksoper Wien,auffuehrungsort,Volksoper
UAKUG/NIM_007,12,,institution,Arbeiter Zeitung,herausgeber:in,
UAKUG/NIM_007,12,,ort,Wien,auffuehrungsort,
UAKUG/NIM_007,12,,person,"Lortzing, Albert",Komponist:in,
UAKUG/NIM_007,12,,person,"Rott, Adolf",regisseur:in,
UAKUG/NIM_007,12,,person,"Klein, Peter",sänger:in,
UAKUG/NIM_007,12,,person,"Dönch, Carl",sänger:in,
UAKUG/NIM_007,12,,person,"Witte, Wolfgang",sänger:in,
UAKUG/NIM_007,12,,person,"Serafin, Harald",sänger:in,
UAKUG/NIM_007,12,,person,"Lorenz, Gerlinde",sänger:in,
UAKUG/NIM_007,12,,person,"Malaniuk, Ira",sänger:in,
UAKUG/NIM_007,12,,person,"Lobasa, Monique",sänger:in,
UAKUG/NIM_007,12,,person,"Bauer-Theussl, Franz",dirigent:in,
UAKUG/NIM_007,12,,person,"Bauer, Gerhard",verfasser:in,
UAKUG/NIM_007,12,,person,"Raimund, Ferdinand",erwähnt,
UAKUG/NIM_007,12,,person,"Nestroy, Johann Nepomuk",erwähnt,
UAKUG/NIM_007,12,,rolle,Graf von Eberbach,Aufführung,Graf von Eberbach
UAKUG/NIM_007,12,,rolle,Gräfin,Aufführung,
UAKUG/NIM_007,12,,rolle,Baron Kronthal,Aufführung,
UAKUG/NIM_007,12,,rolle,Baronin Freimann,Aufführung,
UAKUG/NIM_007,12,,rolle,Pancratius,Aufführung,
UAKUG/NIM_007,12,,rolle,Gretchen,Aufführung,
UAKUG/NIM_007,12,,werk,Der Wildschütz,premiere,Der Wildschütz oder Die Stimme der Natur
UAKUG/NIM_007,13,,Datum,1960,erwähnt,
UAKUG/NIM_007,13,,institution,Wiener Staatsoper,erwähnt,
UAKUG/NIM_007,13,,institution,Volksoper Wien,auffuehrungsort,
UAKUG/NIM_007,13,,ort,Wien,auffuehrungsort,
UAKUG/NIM_007,13,,person,"Lortzing, Albert",Komponist:in,
UAKUG/NIM_007,13,,person,"Rott, Adolf",regisseur:in,
UAKUG/NIM_007,13,,person,"Kautsky, Robert",bühnenbildner:in,
UAKUG/NIM_007,13,,person,"Urbancic, Elisabeth",bühnenbildner:in,
UAKUG/NIM_007,13,,person,"Bauer-Theussl, Franz",dirigent:in,
UAKUG/NIM_007,13,,person,"Serafin, Harald",sänger:in,
UAKUG/NIM_007,13,,person,"Malaniuk, Ira",sänger:in,
UAKUG/NIM_007,13,,person,"Witte, Wolfgang",sänger:in,
UAKUG/NIM_007,13,,person,"Lorenz, Gerlinde",sänger:in,
UAKUG/NIM_007,13,,person,"Klein, Peter",sänger:in,
UAKUG/NIM_007,13,,person,"Lobasa, Monique",sänger:in,
UAKUG/NIM_007,13,,person,"Dönch, Karl",sänger:in,
UAKUG/NIM_007,13,,person,"Löbl, Karl",verfasser:in,
UAKUG/NIM_007,13,,rolle,Graf von Eberbach,Aufführung,"wie kriegt man zusammen, dass Harald Serafin den Grafen spielt? Serafin ist in Zeile 272 als Person definiert mit Rolle Sänger definiert. Soweit, so gut, doch wir brauche auch die Verbindung, dass er die Opernrolle (Partie) des Grafen sang. "
UAKUG/NIM_007,13,,rolle,Gräfin,Aufführung,"und ist ""erwähnt"" eine aussagekräftige Rolle/Attribut für die Opernrolle, die rezensiert wird?"
UAKUG/NIM_007,13,,rolle,Baron Kronthal,Aufführung,
UAKUG/NIM_007,13,,rolle,Baronin Freimann,Aufführung,
UAKUG/NIM_007,13,,rolle,Pancratius,Aufführung,
UAKUG/NIM_007,13,,rolle,Gretchen,Aufführung,
UAKUG/NIM_007,13,,rolle,Baculus,Aufführung,
UAKUG/NIM_007,13,,werk,Der Wildschütz,premiere,
UAKUG/NIM_007,14,,Datum,1968-09-25,erscheinungsdatum,
UAKUG/NIM_007,14,,institution,Mozart-Sängerknaben,Aufführung,
UAKUG/NIM_007,14,,institution,Wiener Zeitung,herausgeber:in,
UAKUG/NIM_007,14,,person,"Lortzing, Albert",Komponist:in,G. A. Lortzing
UAKUG/NIM_007,14,,person,"Rott, Adolf",regisseur:in,
UAKUG/NIM_007,14,,person,"Kautsky, Robert",bühnenbildner:in,
UAKUG/NIM_007,14,,person,"Bauer-Theussl, Franz",dirigent:in,
UAKUG/NIM_007,14,,person,"Serafin, Harald",sänger:in,
UAKUG/NIM_007,14,,person,"Malaniuk, Ira",sänger:in,
UAKUG/NIM_007,14,,person,"Witte, Wolfgang",sänger:in,
UAKUG/NIM_007,14,,person,"Lorenz, Gerlinde",sänger:in,
UAKUG/NIM_007,14,,person,"Klein, Peter",sänger:in,
UAKUG/NIM_007,14,,person,"Lobasa, Monique",sänger:in,
UAKUG/NIM_007,14,,person,"Dönch, Carl",sänger:in,
UAKUG/NIM_007,14,,person,"Sobota, Elisabeth",sänger:in,
UAKUG/NIM_007,14,,person,"Schwarzbauer, Erich",chorleiter:in,
UAKUG/NIM_007,14,,rolle,Graf von Eberbach,Aufführung,
UAKUG/NIM_007,14,,rolle,Gräfin,Aufführung,
UAKUG/NIM_007,14,,rolle,Baron Kronthal,Aufführung,
UAKUG/NIM_007,14,,rolle,Baronin Freimann,Aufführung,
UAKUG/NIM_007,14,,rolle,Pancratius,Aufführung,
UAKUG/NIM_007,14,,rolle,Gretchen,Aufführung,
UAKUG/NIM_007,14,,rolle,Baculus,Aufführung,
UAKUG/NIM_007,14,,rolle,Kammermädchen Nanette,Aufführung,
UAKUG/NIM_007,14,,werk,Der Wildschütz,premiere,
UAKUG/NIM_007,15,,institution,Wiener Staatsoper,auffuehrungsort,
UAKUG/NIM_007,15,,institution,Volksoper Wien,auffuehrungsort,
UAKUG/NIM_007,15,,person,"Lortzing, Albert",Komponist:in,
UAKUG/NIM_007,15,,person,"Rott, Adolf",regisseur:in,
UAKUG/NIM_007,15,,person,"Kautsky, Robert",bühnenbildner:in,
UAKUG/NIM_007,15,,person,"Bauer-Theussl, Franz",dirigent:in,
UAKUG/NIM_007,15,,person,"Serafin, Harald",sänger:in,
UAKUG/NIM_007,15,,person,"Malaniuk, Ira",sänger:in,
UAKUG/NIM_007,15,,person,"Witte, Wolfgang",sänger:in,
UAKUG/NIM_007,15,,person,"Lorenz, Gerlinde",sänger:in,
UAKUG/NIM_007,15,,person,"Klein, Peter",sänger:in,
UAKUG/NIM_007,15,,person,"Lobasa, Monique",sänger:in,
UAKUG/NIM_007,15,,person,"Dönch, Karl",sänger:in,
UAKUG/NIM_007,15,,person,"Sobota, Elisabeth",sänger:in,
UAKUG/NIM_007,15,,person,"Weishappel, Rudolf",verfasser:in,
UAKUG/NIM_007,15,,person,Sophokles,erwähnt,
UAKUG/NIM_007,15,,rolle,Graf von Eberbach,Aufführung,
UAKUG/NIM_007,15,,rolle,Gräfin,Aufführung,
UAKUG/NIM_007,15,,rolle,Baron Kronthal,Aufführung,
UAKUG/NIM_007,15,,rolle,Baronin Freimann,Aufführung,
UAKUG/NIM_007,15,,rolle,Pancratius,Aufführung,
UAKUG/NIM_007,15,,rolle,Gretchen,Aufführung,
UAKUG/NIM_007,15,,rolle,Baculus,Aufführung,
UAKUG/NIM_007,15,,rolle,Kammermädchen Nanette,Aufführung,
UAKUG/NIM_007,15,,werk,Der Wildschütz,premiere,
UAKUG/NIM_007,16,,institution,Wiener Staatsoper,auffuehrungsort,
UAKUG/NIM_007,16,,institution,Volksoper Wien,auffuehrungsort,
UAKUG/NIM_007,16,,person,"Lortzing, Albert",Komponist:in,
UAKUG/NIM_007,16,,person,"Rott, Adolf",regisseur:in,
UAKUG/NIM_007,16,,person,"Kautsky, Robert",bühnenbildner:in,
UAKUG/NIM_007,16,,person,"Bauer-Theussl, Franz",dirigent:in,
UAKUG/NIM_007,16,,person,"Serafin, Harald",sänger:in,
UAKUG/NIM_007,16,,person,"Malaniuk, Ira",sänger:in,
UAKUG/NIM_007,16,,person,"Witte, Wolfgang",sänger:in,
UAKUG/NIM_007,16,,person,"Lorenz, Gerlinde",sänger:in,
UAKUG/NIM_007,16,,person,"Klein, Peter",sänger:in,
UAKUG/NIM_007,16,,person,"Lobasa, Monique",sänger:in,
UAKUG/NIM_007,16,,person,"Dönch, Carl",sänger:in,
UAKUG/NIM_007,16,,person,"Sobota, Elisabeth",sänger:in,
UAKUG/NIM_007,16,,person,"Weishappel, Rudolf",verfasser:in,
UAKUG/NIM_007,16,,person,Sophokles,Aufführung,
UAKUG/NIM_007,16,,rolle,Graf von Eberbach,Aufführung,
UAKUG/NIM_007,16,,rolle,Gräfin,Aufführung,
UAKUG/NIM_007,16,,rolle,Baron Kronthal,Aufführung,
UAKUG/NIM_007,16,,rolle,Baronin Freimann,Aufführung,
UAKUG/NIM_007,16,,rolle,Pancratius,Aufführung,
UAKUG/NIM_007,16,,rolle,Gretchen,Aufführung,
UAKUG/NIM_007,16,,rolle,Baculus,Aufführung,
UAKUG/NIM_007,16,,rolle,Kammermädchen Nanette,Aufführung,
UAKUG/NIM_007,16,,werk,Der Wildschütz,premiere,
UAKUG/NIM_007,17,,Datum,1968-09-23,premiere,erschlossen
UAKUG/NIM_007,17,,institution,Volksblatt,herausgeber:in,
UAKUG/NIM_007,17,,institution,Wiener Staatsoper,auffuehrungsort,
UAKUG/NIM_007,17,,institution,Volksoper Wien,auffuehrungsort,
UAKUG/NIM_007,17,,"ort, datum","Wien, 1968-09-25",erscheinungsdatum,
UAKUG/NIM_007,17,,person,"Lortzing, Albert",Komponist:in,
UAKUG/NIM_007,17,,person,"Wagner, Richard",Komponist:in,
UAKUG/NIM_007,17,,person,"Strauss, Richard",Komponist:in,
UAKUG/NIM_007,17,,person,"Nestroy, Johann Nepomuk",erwähnt,
UAKUG/NIM_007,17,,person,"Kautsky, Robert",bühnenbildner:in,
UAKUG/NIM_007,17,,person,"Dönch, Karl",sänger:in,
UAKUG/NIM_007,17,,person,"Kotzebue, August von",erwähnt,
UAKUG/NIM_007,17,,rolle,Baculus,Aufführung,
UAKUG/NIM_007,17,,rolle,Graf von Eberbach,erwähnt,
UAKUG/NIM_007,17,,rolle,Doktor,erwähnt,gemeint ist die Rolle des Doktors in Wozzeck
UAKUG/NIM_007,17,,rolle,Beckmesser,erwähnt,
UAKUG/NIM_007,17,,werk,Der Wildschütz,premiere,
UAKUG/NIM_007,17,,werk,La Traviata,erwähnt,
UAKUG/NIM_007,17,,werk,Wozzeck,erwähnt,
UAKUG/NIM_007,17,,werk,Die Meistersinger von Nürnberg,erwähnt,
UAKUG/NIM_007,18,,ensemble,Philharmoniaquartett,interpret:in,
UAKUG/NIM_007,18,,ereignis,Serenade,rahmenveranstaltung,Hugo-Wolf-Gedenkstätte
UAKUG/NIM_007,18,,person,"Wolf, Hugo",Komponist:in,
UAKUG/NIM_007,18,,person,"Schmidt, Franz",Komponist:in,
UAKUG/NIM_007,18,,person,"Hübner, Wilhelm",interpret:in,
UAKUG/NIM_007,18,,person,"Fürst, Paul",interpret:in,
UAKUG/NIM_007,18,,person,"Welt, Alfred",interpret:in,
UAKUG/NIM_007,18,,person,"Scheinwein, Robert",interpret:in,
UAKUG/NIM_007,18,,person,"Hübner-Langenbruck, Prof.",interpret:in,
UAKUG/NIM_007,18,,person,"Malaniuk, Ira",sänger:in,
UAKUG/NIM_007,18,,person,"Braun, Hans",sänger:in,
UAKUG/NIM_007,18,,"summe, währung","2, S",erwähnt,Schilling
UAKUG/NIM_007,18,,werk,"Führ mich, Kind, nach Bethlehem",Aufführung,"Braun, Hans"
UAKUG/NIM_007,18,,werk,"Ach, des Knaben Augen",Aufführung,Malaniuk 
UAKUG/NIM_007,18,,werk,"Nun wandre, Maria",Aufführung,Braun
UAKUG/NIM_007,18,,werk,Die ihr schwebet um diese Palmen,Aufführung,Malaniuk 
UAKUG/NIM_007,18,,werk,"Herr, was trägt der Boden hier",Aufführung,Braun
UAKUG/NIM_007,18,,werk,Mühvoll komm' ich und beladen,Aufführung,Malaniuk 
UAKUG/NIM_007,18,,werk,"Sagt, seid Ihr es, feiner Herr",Aufführung,Malaniuk 
UAKUG/NIM_007,18,,werk,Auf dem grünen Balkon mein Mädchen schaut,Aufführung,Braun
UAKUG/NIM_007,18,,werk,In dem Schatten meiner Locken,Aufführung,Malaniuk 
UAKUG/NIM_007,18,,werk,Wenn du zu den Blumen gehst,Aufführung,Braun
UAKUG/NIM_007,18,,werk,Bedeckt mich mit Blumen,Aufführung,Malaniuk 
UAKUG/NIM_007,18,,werk,"Alle gingen, Herz, zur Ruh",Aufführung,Braun
UAKUG/NIM_007,18,,werk,"Geh', Geliebter, geh' jetzt",Aufführung,Malaniuk 
UAKUG/NIM_007,18,,werk,"Quintett für Klavier und Schteichquartett, G-Dur",Aufführung,
UAKUG/NIM_007,18,,werk,Spanisches Liederbuch,erwähnt,
UAKUG/NIM_007,19,,institution,Konzertgesellschaft Zürich,erwähnt,
UAKUG/NIM_007,19,,ort,Zürich,erwähnt,
UAKUG/NIM_007,20,,institution,Deutsche Oper Berlin,empfänger:in,
UAKUG/NIM_007,20,,ort,Zürich,zielort,
UAKUG/NIM_007,20,,ort,Wien,absendeort,
UAKUG/NIM_007,20,,person,"Malaniuk, Ira",verfasser:in,
UAKUG/NIM_007,21,,institution,Deutsche Oper Berlin,empfänger:in,
UAKUG/NIM_007,21,,ort,Berlin,zielort,
UAKUG/NIM_007,21,,ort,Wien,absendeort,
UAKUG/NIM_007,21,,person,"Malaniuk, Ira",verfasser:in,
UAKUG/NIM_007,5_1,,"ausgaben, währung",36.000,erwähnt,10% an [Organi]
UAKUG/NIM_007,5_1,,"ausgaben, währung",18.000,erwähnt,5% an Taubman
UAKUG/NIM_007,5_1,,Datum,1957-[05-27?],erwähnt,
UAKUG/NIM_007,5_1,,"einnahmen, währung",90.000,erwähnt,2 x Walküre (90.000 pro Aufführung)
UAKUG/NIM_007,5_1,,"einnahmen, währung",90.000,erwähnt,2 x Götterdämmerung (90.000 pro Aufführung)
UAKUG/NIM_007,5_1,,ort,Paris,erwähnt,
UAKUG/NIM_007,5_1,,person,"Taubman, Martin Hugo",erwähnt,
UAKUG/NIM_007,5_1,,person,[Organi],erwähnt,unleserlich
UAKUG/NIM_007,5_1,,"summe, währung",180.000,erwähnt,Dépôt für Transfer
UAKUG/NIM_007,5_1,,werk,Walküre,erwähnt,
UAKUG/NIM_007,5_1,,werk,Götterdämmerung,erwähnt,
UAKUG/NIM_007,5_2,,"ausgaben, währung","2600, S",provision,Provision 10%
UAKUG/NIM_007,5_2,,Datum,1957-05-01,ausstellungsdatum,
UAKUG/NIM_007,5_2,,institution,Konzertdirektion,erwähnt,
UAKUG/NIM_007,5_2,,ort,Wien,entstehungsort,
UAKUG/NIM_007,5_2,,"ort, datum","Wien, 1957-01-04",gastspiel,
UAKUG/NIM_007,5_2,,"ort, datum","Wien, 1957-04-20",gastspiel,
UAKUG/NIM_007,5_2,,"ort, datum","Wien, 1957-04-25",gastspiel,
UAKUG/NIM_007,5_2,,"ort, datum","Wien, 1957-05-01",gastspiel,
UAKUG/NIM_007,5_2,,"ort, datum","Stuttgart, 1957-04-28",gastspiel,
UAKUG/NIM_007,5_2,,person,"Malaniuk, Ira",auftraggeber:in,
UAKUG/NIM_007,5_2,,person,"Altmann, Olga",unterzeichner:in,
UAKUG/NIM_007,5_3,,"ausgaben, währung","360, S",provision,Provision 10%
UAKUG/NIM_007,5_3,,Datum,1957-06-24,ausstellungsdatum,
UAKUG/NIM_007,5_3,,institution,Konzertdirektion,erwähnt,
UAKUG/NIM_007,5_3,,ort,Wien,entstehungsort,
UAKUG/NIM_007,5_3,,"ort, datum","Stuttgart, 1957-06-07",gastspiel,
UAKUG/NIM_007,5_3,,person,"Malaniuk, Ira",auftraggeber:in,
UAKUG/NIM_007,5_3,,person,"Altmann, Olga",unterzeichner:in,
UAKUG/NIM_007,5_4,,"ausgaben, währung","2500, S",provision,Provision 10%
UAKUG/NIM_007,5_4,,Datum,1957-06-30,ausstellungsdatum,
UAKUG/NIM_007,5_4,,institution,Konzertdirektion,erwähnt,
UAKUG/NIM_007,5_4,,ort,Wien,entstehungsort,
UAKUG/NIM_007,5_4,,"ort, datum","Wien, 1957-06-04",gastspiel,
UAKUG/NIM_007,5_4,,"ort, datum","Wien, 1957-06-12",gastspiel,
UAKUG/NIM_007,5_4,,"ort, datum","Wien, 1957-06-21",gastspiel,
UAKUG/NIM_007,5_4,,"ort, datum","Wien, 1957-06-23",gastspiel,
UAKUG/NIM_007,5_4,,"ort, datum","Wien, 1957-06-30",gastspiel,
UAKUG/NIM_007,5_4,,person,"Malaniuk, Ira",auftraggeber:in,
UAKUG/NIM_007,5_4,,person,"Altmann, Olga",unterzeichner:in,
UAKUG/NIM_007,5_5,,"ausgaben, währung","4000, S",provision,Provision 10%
UAKUG/NIM_007,5_5,,Datum,1957-10-31,ausstellungsdatum,
UAKUG/NIM_007,5_5,,institution,Wiener Staatsoper,erwähnt,
UAKUG/NIM_007,5_5,,institution,Konzertdirektion,erwähnt,
UAKUG/NIM_007,5_5,,ort,Wien,entstehungsort,
UAKUG/NIM_007,5_5,,"ort, datum","Wien, 1957-09",gastspiel,
UAKUG/NIM_007,5_5,,"ort, datum","Wien, 1957-10",gastspiel,
UAKUG/NIM_007,5_5,,person,"Malaniuk, Ira",auftraggeber:in,
UAKUG/NIM_007,5_5,,person,"Altmann, Olga",unterzeichner:in,
UAKUG/NIM_007,5_6,,"ausgaben, währung","510, S",provision,Provision 5%
UAKUG/NIM_007,5_6,,Datum,1957-12-05,ausstellungsdatum,
UAKUG/NIM_007,5_6,,institution,Konzertdirektion,erwähnt,
UAKUG/NIM_007,5_6,,ort,Wien,entstehungsort,
UAKUG/NIM_007,5_6,,ort,Berlin,erwähnt,
UAKUG/NIM_007,5_6,,"ort, datum","Berlin, 1957-11-10",gastspiel,
UAKUG/NIM_007,5_6,,"ort, datum","Berlin, 1957-11-11",gastspiel,
UAKUG/NIM_007,5_6,,person,"Malaniuk, Ira",auftraggeber:in,
UAKUG/NIM_007,5_6,,person,"Altmann, Olga",unterzeichner:in,
UAKUG/NIM_007,5_7,,"ausgaben, währung","5500, S",provision,Provision 10%
UAKUG/NIM_007,5_7,,Datum,1958-03-13,ausstellungsdatum,
UAKUG/NIM_007,5_7,,institution,Konzertdirektion,erwähnt,
UAKUG/NIM_007,5_7,,ort,Wien,entstehungsort,
UAKUG/NIM_007,5_7,,"ort, datum","Wien, 1957-11",gastspiel,
UAKUG/NIM_007,5_7,,"ort, datum","Wien, 1957-12",gastspiel,
UAKUG/NIM_007,5_7,,person,"Malaniuk, Ira",auftraggeber:in,
UAKUG/NIM_007,5_7,,person,"Altmann, Olga",unterzeichner:in,
UAKUG/NIM_007,5_8,,"ausgaben, währung","631,50, Fr.",erwähnt,von Baasch
UAKUG/NIM_007,5_8,,institution,Aktiengesellschaft Leu & Co.,erwähnt,
UAKUG/NIM_007,5_8,,"ort, datum","Zürich, 1957-05-15",entstehung,
UAKUG/NIM_007,5_8,,"ort, datum","Zürich, 1957-05-14",auftrag,
UAKUG/NIM_007,5_8,,person,"Baasch, Dr. med. Ernst",auftraggeber:in,
UAKUG/NIM_007,5_8,,person,"Taubman, Martin Hugo",empfänger:in,
UAKUG/NIM_11,1,,person,"Gruder-Guntram, ",verfasser:in,
UAKUG/NIM_11,1,,person,"Malaniuk, Ira",adressat:in,
UAKUG/NIM_11,1,,Datum,1956-08-16,ausstellungsdatum,
UAKUG/NIM_11,1,,Datum,1956-12-12,Aufführung,
UAKUG/NIM_11,1,,Datum,1956-12-14,Aufführung,
UAKUG/NIM_11,1,,Datum,1956-12-09,Probenbeginn,
UAKUG/NIM_11,1,,ort,Wien,absendeort,
UAKUG/NIM_11,1,,ort,Genf,Aufführung,
UAKUG/NIM_11,1,,ort,Wien,empfangsort,
UAKUG/NIM_11,1,,institution,Staatsoper Wien,empfangsort,
UAKUG/NIM_11,1,,werk,Così fan tutte,Aufführung,
UAKUG/NIM_11,1,,werk,Così fan tutte,probe,
UAKUG/NIM_11,2,,person,"Wagner, Wieland",verfasser:in,
UAKUG/NIM_11,2,,person,"Malaniuk, Ira",adressat:in,
UAKUG/NIM_11,2,,Datum,1955-03-22,Erstelldatum,
UAKUG/NIM_11,2,,Datum,1956-04-08,Aufführung,
UAKUG/NIM_11,2,,Datum,1956-04-10,Aufführung,
UAKUG/NIM_11,2,,Datum,1956-04-13,Aufführung,
UAKUG/NIM_11,2,,ort,Bayreuth,absendeort,
UAKUG/NIM_11,2,,ort,Paris,auffuehrungsort,
UAKUG/NIM_11,2,,institution,Bayreuther Festspiele,gastspiel,
UAKUG/NIM_11,2,,institution,Opéra national de Paris,gastspiel,
UAKUG/NIM_11,2,,ensemble,Bayreuther Ensemble,gastspiel,
UAKUG/NIM_11,2,,werk,Tristan und Isolde,gastspiel,
UAKUG/NIM_11,3,,person,"Klebe, Carl-Heinz",verfasser:in,
UAKUG/NIM_11,3,,person,"Malaniuk, Ira",adressat:in,
UAKUG/NIM_11,3,,Datum,1954-06-16,Erstelldatum,
UAKUG/NIM_11,3,,ort,Bayreuth,absendeort,
UAKUG/NIM_11,3,,ort,München,empfangsort,
UAKUG/NIM_11,3,,ort,Brüssel,auffuehrungsort,
UAKUG/NIM_11,3,,institution,Bayreuther Festspiele,arbeitgeber:in,
UAKUG/NIM_11,3,,werk,Tristan und Isolde,gastspiel,
UAKUG/NIM_11,4,,person,"Barth, Herbert",verfasser:in,
UAKUG/NIM_11,4,,person,"Malaniuk, Ira",adressat:in,
UAKUG/NIM_11,4,,person,"Piel, Emma",erwähnt,
UAKUG/NIM_11,4,,Datum,1954-11-02,Erstelldatum,
UAKUG/NIM_11,4,,ort,Bayreuth,absendeort,
UAKUG/NIM_11,4,,ort,Brüssel,erwähnt,
UAKUG/NIM_11,4,,institution,Bayreuther Festspiele,gastspiel,
UAKUG/NIM_11,5,,person,"Wagner, Wieland",verfasser:in,
UAKUG/NIM_11,5,,person,"Malaniuk, Ira",adressat:in,
UAKUG/NIM_11,5,,person,"Keilberth, Joseph",dirigent:in,
UAKUG/NIM_11,5,,person,"Jochum, Eugen",dirigent:in,
UAKUG/NIM_11,5,,Datum,1954-05-03,Erstelldatum,
UAKUG/NIM_11,5,,ort,Bayreuth,absendeort,
UAKUG/NIM_11,5,,ort,Brüssel,gastspiel,
UAKUG/NIM_11,5,,ort,Barcelona,gastspiel,
UAKUG/NIM_11,5,,institution,Bayreuther Festspiele,gastspiel,
UAKUG/NIM_11,5,,werk,Tristan und Isolde,gastspiel,
UAKUG/NIM_11,5,,rolle,Brangäne,gastspiel,
UAKUG/NIM_11,5,,"summe, währung",1200,abendgage,und freie Bahnfahrt 2. Klasse Schlafwagen für Brüssel
UAKUG/NIM_11,5,,"summe, währung",1200,abendgage,und freie Flugreise München-Barcelona-München
UAKUG/NIM_11,5,,ensemble,Bayreuther Ensemble,gastspiel,
UAKUG/NIM_11,6,,Datum,1954-05-03,Erstelldatum,
UAKUG/NIM_11,6,,Datum,1954-11-28,probe,
UAKUG/NIM_11,6,,Datum,1954-11-29,probe,
UAKUG/NIM_11,6,,Datum,1954-11-30,probe,
UAKUG/NIM_11,6,,Datum,1954-12-01,Aufführung,
UAKUG/NIM_11,6,,Datum,1954-12-03,Aufführung,
UAKUG/NIM_11,6,,Datum,1954-12-05,Aufführung,
UAKUG/NIM_11,6,,Datum,1955-04-20,probe,
UAKUG/NIM_11,6,,Datum,1955-04-21,probe,
UAKUG/NIM_11,6,,Datum,1955-04-22,Aufführung,
UAKUG/NIM_11,6,,Datum,1955-04-23,Aufführung,
UAKUG/NIM_11,6,,Datum,1955-04-24,Aufführung,
UAKUG/NIM_11,6,,ort,Bayreuth,absendeort,
UAKUG/NIM_11,6,,ort,Brüssel,gastspiel,
UAKUG/NIM_11,6,,ort,Barcelona,gastspiel,
UAKUG/NIM_11,6,,institution,Bayreuther Festspiele,gastspiel,
UAKUG/NIM_11,6,,werk,Tristan und Isolde,gastspiel,
UAKUG/NIM_11,7,,person,"Barth, Herbert",verfasser:in,
UAKUG/NIM_11,7,,person,"Malaniuk, Ira",adressat:in,
UAKUG/NIM_11,7,,Datum,1055-08-24,Erstelldatum,
UAKUG/NIM_11,7,,Datum,1952/1953,Spielzeit,
UAKUG/NIM_11,7,,ort,Bayreuth,absendeort,
UAKUG/NIM_11,7,,"ausgaben, währung","15,00 DM",interpret:in,
UAKUG/NIM_11,8,,person,"Malnaiuk, Ira",adressat:in,
UAKUG/NIM_11,8,,person,"Wagner, Wieland",erwähnt,
UAKUG/NIM_11,8,,person,"Wagner, Wolfgang",erwähnt,
UAKUG/NIM_11,8,,person,"Baasch, Dr. med. Ernst",erwähnt,
UAKUG/NIM_11,8,,Datum,1954-11-27,Erstelldatum,
UAKUG/NIM_11,8,,Datum,1953,Lohnbestätigung,
UAKUG/NIM_11,8,,ort,Bayreuth,absendeort,
UAKUG/NIM_11,8,,ort,München,empfangsort,
UAKUG/NIM_11,8,,institution,Bayreuther Festspiele,verfasser:in,
UAKUG/NIM_11,8,,institution,Bayerisches Staatstheater,erwähnt,
UAKUG/NIM_11,8,,institution,Finanzamt,erwähnt,
UAKUG/NIM_11,8,,rolle,Brangäne,erwähnt,
UAKUG/NIM_11,9,,person,"Klebe, Carl-Heinz",verfasser:in,
UAKUG/NIM_11,9,,person,"Malaniuk, Ira",adressat:in,
UAKUG/NIM_11,9,,person,"Baasch, Dr. med. Ernst",erwähnt,
UAKUG/NIM_11,9,,person,"Pfeiffer, Anton",erwähnt,
UAKUG/NIM_11,9,,Datum,1954-11-06,Erstelldatum,
UAKUG/NIM_11,9,,ort,Bayreuth,absendeort,
UAKUG/NIM_11,9,,ort,Brüssel,erwähnt,
UAKUG/NIM_11,9,,institution,Bayreuther Festspiele,gastspiel,
UAKUG/NIM_11,9,,institution,Grand Hotel in Brüssel,erwähnt,
UAKUG/NIM_11,9,,institution,Theatre Royal de la Monnaie,erwähnt,
UAKUG/NIM_11,9,,"summe, währung","200,00 Belgische Francs",erwähnt,
UAKUG/NIM_11,10,,person,"Maklaniuk, Ira",verfasser:in,
UAKUG/NIM_11,10,,person,"Klebe, Carl-Heinz",adressat:in,
UAKUG/NIM_11,10,,person,"Baasch, Dr. med. Ernst",erwähnt,
UAKUG/NIM_11,10,,Datum,1954-11-18,Erstelldatum,
UAKUG/NIM_11,10,,Datum,1954-11-06,erwähnt,
UAKUG/NIM_11,10,,ort,München,absendeort,
UAKUG/NIM_11,10,,ort,Brüssel,erwähnt,
UAKUG/NIM_11,21,,person,"Malaniuk, Ira",verfasser:in,
UAKUG/NIM_11,21,,person,"Wagner, Wieland",adressat:in,
UAKUG/NIM_11,21,,person,"Taubman, Martin Hugo",erwähnt,
UAKUG/NIM_11,21,,Datum,1954-05-14,Erstelldatum,
UAKUG/NIM_11,21,,Datum,1954-05-03,erwähnt,
UAKUG/NIM_11,21,,ort,Mailand,absendeort,
UAKUG/NIM_11,21,,werk,Tristan und Isolde,erwähnt,
UAKUG/NIM_11,11,,person,"Malaniuk, Ira",empfänger:in,
UAKUG/NIM_11,11,,person,"Klebe, Carl-Heinz",verfasser:in,
UAKUG/NIM_11,11,,person,"Furtwängler, Wilhelm",dirigent:in,
UAKUG/NIM_11,11,,person,"Beethoven, Ludwig van",Komponist:in,
UAKUG/NIM_11,11,,"ort, datum","Bayreuth, 1954-06-30",entstehung,
UAKUG/NIM_11,11,,"ort, datum","Bayreuth, 1954-08-07",probe,"Das Jahr steht nicht in der Korrespondenz, stimmt aber halbwegs mit der Tätigkeitsliste überein, daher habe ich angenommen, dass es sich um 1954 handelt."
UAKUG/NIM_11,11,,"ort, datum","Bayreuth, 1954-08-08",probe,
UAKUG/NIM_11,11,,"ort, datum","Bayreuth, 1954-08-09",Generalprobe,
UAKUG/NIM_11,11,,"ort, datum","Bayreuth, 1954-08-09",auftritt,
UAKUG/NIM_11,11,,institution,Bayreuther Festspiele,auffuehrungsort,
UAKUG/NIM_11,11,,werk,"Sinfonien, Nr. 9, op. 125 (d-Moll)",Aufführung,
UAKUG/NIM_11,11,,rolle,Altsolo,auftritt,
UAKUG/NIM_11,12,,person,"Malaniuk, Ira",verfasser:in,
UAKUG/NIM_11,12,,person,"Bach, Johann Sebastian",Komponist:in,
UAKUG/NIM_11,12,,person,"Beethoven, Ludwig van",Komponist:in,
UAKUG/NIM_11,12,,person,"Brahms, Johannes",Komponist:in,
UAKUG/NIM_11,12,,person,"Bruckner, Anton",Komponist:in,
UAKUG/NIM_11,12,,person,"Händel, Georg Friedrich",Komponist:in,
UAKUG/NIM_11,12,,person,"Haydn, Joseph ",Komponist:in,
UAKUG/NIM_11,12,,person,"Hindemith, Paul",Komponist:in,
UAKUG/NIM_11,12,,person,"Mahler, Gustav",Komponist:in,
UAKUG/NIM_11,12,,person,"Mendelssohn Bartholdy, Felix",Komponist:in,
UAKUG/NIM_11,12,,person,"Mozart, Wolfgang Amadeus",Komponist:in,
UAKUG/NIM_11,12,,person,"Pergolesi, Giovanni Battista",Komponist:in,
UAKUG/NIM_11,12,,person,"Rossini, Gioachino",Komponist:in,
UAKUG/NIM_11,12,,person,"Stravinsky, Igor",Komponist:in,
UAKUG/NIM_11,12,,person,"Suter, Hermann",Komponist:in,
UAKUG/NIM_11,12,,person,"Verdi, Giuseppe",Komponist:in,
UAKUG/NIM_11,12,,person,"Bartók, Béla",Komponist:in,
UAKUG/NIM_11,12,,person,"Dvořák, Antonín",Komponist:in,
UAKUG/NIM_11,12,,person,"Marx, Joseph",Komponist:in,
UAKUG/NIM_11,12,,person,"Musorgskij, Modest Petrovič",Komponist:in,
UAKUG/NIM_11,12,,person,"Pfitzner, Hans",Komponist:in,
UAKUG/NIM_11,12,,person,Schoeck,Komponist:in,
UAKUG/NIM_11,12,,person,"Schubert, Franz",Komponist:in,
UAKUG/NIM_11,12,,person,"Schumann, Robert",Komponist:in,
UAKUG/NIM_11,12,,person,"Strauss, Richard",Komponist:in,
UAKUG/NIM_11,12,,person,"Čajkovskij, Pëtr Ilʹič",Komponist:in,
UAKUG/NIM_11,12,,person,Weber,Komponist:in,
UAKUG/NIM_11,12,,person,"Wolf, Hugo",Komponist:in,
UAKUG/NIM_11,12,,ort,Wien,entstehungsort,
UAKUG/NIM_11,12,,werk,"Sinfonien, Nr. 9, op. 125 (d-Moll)",repertoire,
UAKUG/NIM_11,12,,werk,Johannespassion,repertoire,
UAKUG/NIM_11,12,,werk,Matthäuspassion,repertoire,
UAKUG/NIM_11,12,,werk,Weihnachts-Oratorium,repertoire,
UAKUG/NIM_11,12,,werk,"Messen, op. 123 (D-Dur)",repertoire,
UAKUG/NIM_11,12,,werk,"Rhapsodien, Alt, Männerchor, Orchester, op. 53",repertoire,
UAKUG/NIM_11,12,,werk,"Messen, WAB 28 (f-Moll)",repertoire,
UAKUG/NIM_11,12,,werk,Judas Maccabaeus,repertoire,
UAKUG/NIM_11,12,,werk,Messiah,repertoire,
UAKUG/NIM_11,12,,werk,Die Jahreszeiten,repertoire,
UAKUG/NIM_11,12,,werk,Theresienmesse,repertoire,
UAKUG/NIM_11,12,,werk,Missa in angustijs,repertoire,
UAKUG/NIM_11,12,,werk,Die junge Magd,repertoire,
UAKUG/NIM_11,12,,werk,Marienlieder,repertoire,
UAKUG/NIM_11,12,,werk,Requiem,repertoire,
UAKUG/NIM_11,12,,werk,Kindertotenlieder,repertoire,
UAKUG/NIM_11,12,,werk,Lied von der Erde,repertoire,
UAKUG/NIM_11,12,,werk,"Elias, op. 70, MWV A 25",repertoire,
UAKUG/NIM_11,12,,werk,"Messen, KV 317",repertoire,
UAKUG/NIM_11,12,,werk,Litaniae lauretanae  KV 109,repertoire,
UAKUG/NIM_11,12,,werk,Litaniae lauretanae KV 195,repertoire,
UAKUG/NIM_11,12,,werk,Requiem,repertoire,
UAKUG/NIM_11,12,,werk,Stabat mater,repertoire,
UAKUG/NIM_11,12,,werk,Stabat mater,repertoire,
UAKUG/NIM_11,12,,werk,Pulcinella,repertoire,
UAKUG/NIM_11,12,,werk,Le laudi di San Francesco d'Assisi,repertoire,
UAKUG/NIM_11,12,,werk,Requiem,repertoire,
UAKUG/NIM_11,13,,person,"Malaniuk, Ira",empfänger:in,
UAKUG/NIM_11,13,,person,"Klebe, Carl-Heinz",verfasser:in,
UAKUG/NIM_11,13,,person,Wagner,erwähnt,"Vorname unklar, verm. Wieland oder Wolfgang"
UAKUG/NIM_11,13,,person,"Taubmann, Martin Hugo",erwähnt,
UAKUG/NIM_11,13,,"ort, datum","Bayreuth, 1954-06-09",entstehung,
UAKUG/NIM_11,13,,Datum,1954-05-15,erwähnt,
UAKUG/NIM_11,13,,ort,München,erwähnt,
UAKUG/NIM_11,13,,institution,Bayreuther Festspiele,erwähnt,
UAKUG/NIM_11,14,,person,"Malaniuk, Ira",verfasser:in,
UAKUG/NIM_11,14,,person,"Angerer, Dr. Dorothea",empfänger:in,
UAKUG/NIM_11,14,,"ort, datum","München, 1952-12-13",entstehung,
UAKUG/NIM_11,14,,"ort, datum","München, 1953-08-11",auftritt,
UAKUG/NIM_11,14,,ort,Bayreuth,zielort,
UAKUG/NIM_11,14,,ort,München,auffuehrungsort,
UAKUG/NIM_11,14,,ort,Bayreuth,auffuehrungsort,
UAKUG/NIM_11,14,,institution,Markgräfliches Opernhaus: Welterbe & Museum,erwähnt,Absage Auftritt
UAKUG/NIM_11,14,,institution,Bayreuther Festspiele,auffuehrungsort,
UAKUG/NIM_11,14,,institution,Münchner Opern-Festspiele,auffuehrungsort,
UAKUG/NIM_11,14,,werk,Arabella,auftritt,
UAKUG/NIM_11,15,,person,"Malaniuk, Ira",verfasser:in,
UAKUG/NIM_11,15,,person,"Wagner, Wieland",adressat:in,
UAKUG/NIM_11,15,,person,"Barth, Irmgard",erwähnt,
UAKUG/NIM_11,15,,person,"Knappertsbusch, Hans",dirigent:in,
UAKUG/NIM_11,15,,person,"Mödl, Martha",erwähnt,
UAKUG/NIM_11,15,,"ort, datum","München, 1952-11-09",entstehung,
UAKUG/NIM_11,15,,"ort, datum","München, 1952-11-08",erwähnt,"Im Text ""Gestern"" daher Datum verm. 08.11.1952"
UAKUG/NIM_11,15,,Datum,1952-11-10,probe,
UAKUG/NIM_11,15,,ort,Bayreuth,zielort,
UAKUG/NIM_11,15,,institution,Staatsoper München,arbeitgeber:in,
UAKUG/NIM_11,15,,werk,Die Walküre,probe,
UAKUG/NIM_11,15,,werk,Arabella,auftritt,
UAKUG/NIM_11,15,,rolle,Waltraute,probe,
UAKUG/NIM_11,16,,person,"Malaniuk, Ira",empfänger:in,
UAKUG/NIM_11,16,,person,"Angerer, Dorothea",verfasser:in,
UAKUG/NIM_11,16,,person,"Hotter, Hans",erwähnt,
UAKUG/NIM_11,16,,"ort, datum","Bayreuth, 1952-11-12",entstehung,
UAKUG/NIM_11,16,,"ort, datum","bayreuth, 1953-08-11",Aufführung,Anfrage zu Konzertauftritt
UAKUG/NIM_11,16,,Datum,1953-08-12,auftritt,
UAKUG/NIM_11,16,,ort,München,erwähnt,
UAKUG/NIM_11,16,,institution,Richard-Wagner-Stipendienstiftung,erwähnt,
UAKUG/NIM_11,16,,institution,Markgräfliches Opernhaus,auffuehrungsort,
UAKUG/NIM_11,16,,institution,Richard-Wagner-Verband,veranstalter:in,
UAKUG/NIM_11,16,,werk,Siegfried,erwähnt,
UAKUG/NIM_11,16,,werk,Götterdämmerung,auftritt,
UAKUG/NIM_11,16,,rolle,Waltraute,auftritt,
UAKUG/NIM_11,17,,ort,Bayreuth,erwähnt,
UAKUG/NIM_11,18,,person,"Thebom, Blanche",erwähnt,
UAKUG/NIM_11,18,,person,"Malaniuk, Ira",empfänger:in,
UAKUG/NIM_11,18,,person,"Wagner, Wieland",verfasser:in,
UAKUG/NIM_11,18,,person,"Taubman, Martin",agent:in,
UAKUG/NIM_11,18,,person,"Klose, Frau",erwähnt,Vorname unklar
UAKUG/NIM_11,18,,"ort, datum","Bayreuth, 1952-10-23",entstehung,
UAKUG/NIM_11,18,,ort,München,zielort,
UAKUG/NIM_11,18,,ort,München,auffuehrungsort,
UAKUG/NIM_11,18,,institution,Bayreuther Festspiele,erwähnt,
UAKUG/NIM_11,18,,institution,Bayerische Staatsoper,zielort,
UAKUG/NIM_11,18,,rolle,Fricka,Aufführung,
UAKUG/NIM_11,19,,person,"Malaniuk, Ira",verfasser:in,
UAKUG/NIM_11,19,,person,"Wagner, Wieland",adressat:in,
UAKUG/NIM_11,19,,person,"Taubman, Martin",agent:in,
UAKUG/NIM_11,19,,person,"Thebom, Blanche",erwähnt,
UAKUG/NIM_11,19,,person,"Hartmann, Prof. ",erwähnt,
UAKUG/NIM_11,19,,"ort, datum","München, 1952-10-27",entstehung,
UAKUG/NIM_11,19,,Datum,1952-10-23,erwähnt,"Datum des Briefes, auf den amin der Zeile darüber genannten Datum geantwortet wurde."
UAKUG/NIM_11,19,,ort,Bayreuth,zielort,
UAKUG/NIM_11,19,,ort,Bayreuth,auffuehrungsort,
UAKUG/NIM_11,19,,ort,München,auffuehrungsort,
UAKUG/NIM_11,19,,ereignis,Münchner Opern-Festspiele,rahmenveranstaltung,
UAKUG/NIM_11,19,,institution,Bayreuther Festspiele,auffuehrungsort,
UAKUG/NIM_11,19,,rolle,Fricka,repertoire,
UAKUG/NIM_11,19,,rolle,Fricka,Aufführung,
UAKUG/NIM_11,20,,person,"Rollwagen, Hans",verfasser:in,
UAKUG/NIM_11,20,,person,"Malaniuk, Ira",adressat:in,
UAKUG/NIM_11,20,,"ort, datum","Bayreuth, 1952-01-29",entstehung,
UAKUG/NIM_11,20,,ort,"Zürich, Geibelstrasse 1",zielort,
UAKUG/NIM_11,20,,institution,Bayreuth (Stadt). Stadtrat,erwähnt,
UAKUG/NIM_11,20,,ereignis,Geburtstag,erwähnt,
UAKUG/NIM_11,,,,,,
UAKUG/NIM_11,,,,,,